0.770921,0.63693
0.866463,0.499241
0.93621,0.351442
0.980116,0.198424
0.999,0.0446993
0.994396,-0.105719
0.968401,-0.2494
0.92352,-0.383549
0.862523,-0.506017
0.788305,-0.615285
0.703768,-0.71043
0.611719,-0.791075
0.514793,-0.857314
0.415388,-0.909644
0.315623,-0.948885
0.217315,-0.976102
0.121965,-0.992534
0.0307665,-0.999527
-0.0553826,-0.998465
-0.135859,-0.990728
-0.210286,-0.97764
-0.278496,-0.960437
-0.340506,-0.940242
-0.396477,-0.918045
-0.446682,-0.894693
-0.491475,-0.870892
-0.531269,-0.847203
-0.566502,-0.82406
-0.597622,-0.801778
-0.62507,-0.780569
-0.649266,-0.760562
-0.670598,-0.741821
-0.689419,-0.724362
-0.706042,-0.70817
-0.720736,-0.693209
-0.733733,-0.679438
-0.745225,-0.666814
-0.755367,-0.655301
-0.76429,-0.644872
-0.772093,-0.63551
-0.778855,-0.627203
-0.784636,-0.619957
-0.78948,-0.613776
-0.793421,-0.608674
-0.796482,-0.604663
-0.798678,-0.601759
-0.800017,-0.599978
-0.800504,-0.599328
-0.800137,-0.599818
-0.798911,-0.60145
-0.796815,-0.604223
-0.793837,-0.608131
-0.789957,-0.613162
-0.78515,-0.619305
-0.779386,-0.626544
-0.772625,-0.634862
-0.764817,-0.644247
-0.755901,-0.654686
-0.745798,-0.666172
-0.734413,-0.678703
-0.721627,-0.692283
-0.707293,-0.70692
-0.691239,-0.722626
-0.673256,-0.73941
-0.653099,-0.757273
-0.630486,-0.776201
-0.605099,-0.79615
-0.576583,-0.817039
-0.544555,-0.838725
-0.508609,-0.860998
-0.46833,-0.883553
-0.423309,-0.905985
-0.373161,-0.927767
-0.317548,-0.948242
-0.256206,-0.966622
-0.188977,-0.981982
-0.115835,-0.993268
-0.0369251,-0.999318
0.0474054,-0.998876
0.136579,-0.990629
0.229753,-0.973249
0.325801,-0.945439
0.423296,-0.905992
0.520505,-0.853859
0.615394,-0.78822
0.705655,-0.708556
0.788737,-0.61473
0.861912,-0.507058
0.92234,-0.38638
0.967175,-0.254111
0.993676,-0.112285
0.999336,0.0364266
0.98203,0.188724
0.940163,0.340724
0.872827,0.488029
0.779943,0.62585
0.866479,0.499214
0.937726,0.347375
0.981807,0.18988
0.999502,0.0315668
0.992377,-0.123242
0.962623,-0.270843
0.912891,-0.408203
0.846124,-0.532986
0.765417,-0.643535
0.67388,-0.738841
0.574528,-0.818485
0.470194,-0.882563
0.363453,-0.931612
0.256583,-0.966522
0.151531,-0.988453
0.0499006,-0.998754
-0.0470389,-0.998893
-0.138342,-0.990384
-0.223362,-0.974736
-0.301716,-0.953398
-0.373256,-0.927728
-0.438026,-0.898962
-0.496228,-0.868192
-0.54818,-0.836361
-0.594289,-0.804252
-0.635015,-0.772499
-0.670851,-0.741592
-0.702292,-0.711889
-0.729823,-0.683636
-0.753905,-0.656984
-0.774964,-0.632005
-0.793386,-0.608719
-0.809515,-0.587099
-0.823649,-0.5671
-0.836047,-0.548658
-0.846924,-0.531714
-0.856465,-0.516206
-0.864817,-0.502087
-0.872105,-0.489318
-0.878429,-0.477873
-0.883868,-0.467737
-0.888486,-0.458904
-0.892332,-0.451379
-0.895448,-0.445167
-0.897859,-0.440282
-0.89959,-0.436735
-0.900653,-0.434538
-0.901056,-0.433703
-0.900799,-0.434235
-0.899879,-0.436139
-0.898285,-0.439414
-0.895999,-0.444055
-0.893,-0.450056
-0.889258,-0.457406
-0.884735,-0.466095
-0.879384,-0.476112
-0.873152,-0.487448
-0.865968,-0.5001
-0.85775,-0.514066
-0.8484,-0.529355
-0.837797,-0.545981
-0.825799,-0.563965
-0.812232,-0.583335
-0.796895,-0.604117
-0.77955,-0.62634
-0.75992,-0.650017
-0.737689,-0.67514
-0.712503,-0.701669
-0.683968,-0.729512
-0.651659,-0.758512
-0.615127,-0.788428
-0.573908,-0.81892
-0.527545,-0.849527
-0.475605,-0.879659
-0.417703,-0.908584
-0.353533,-0.935422
-0.282899,-0.95915
-0.20575,-0.978605
-0.122217,-0.992503
-0.0326507,-0.999467
0.062347,-0.998055
0.161886,-0.98681
0.264768,-0.964312
0.369467,-0.929244
0.47412,-0.88046
0.576546,-0.817065
0.674258,-0.738496
0.764514,-0.644607
0.844378,-0.535748
0.910805,-0.412836
0.96075,-0.277415
0.99129,-0.131697
0.999771,0.0214188
0.983964,0.178369
0.942231,0.334964
0.873687,0.486488
0.936229,0.35139
0.981812,0.189856
0.999631,0.0271757
0.991251,-0.131993
0.958932,-0.283637
0.905447,-0.424459
0.833912,-0.551897
0.747621,-0.664126
0.649898,-0.760022
0.543978,-0.8391
0.432904,-0.90144
0.319452,-0.947602
0.206072,-0.978537
0.0948599,-0.995491
-0.0124585,-0.999922
-0.114525,-0.99342
-0.210334,-0.97763
-0.299203,-0.95419
-0.380741,-0.924682
-0.454811,-0.890588
-0.521487,-0.853259
-0.58101,-0.813897
-0.633753,-0.773535
-0.680179,-0.733046
-0.720811,-0.693132
-0.756199,-0.654342
-0.786898,-0.617083
-0.81345,-0.581635
-0.836364,-0.548174
-0.856113,-0.516789
-0.873124,-0.487497
-0.887778,-0.460272
-0.900403,-0.435056
-0.911288,-0.41177
-0.920675,-0.390331
-0.92877,-0.370657
-0.935745,-0.352677
-0.941745,-0.336329
-0.946888,-0.321564
-0.951274,-0.308348
-0.954983,-0.29666
-0.958084,-0.286486
-0.960632,-0.277824
-0.96267,-0.270677
-0.964234,-0.265052
-0.96535,-0.260957
-0.966037,-0.258403
-0.966306,-0.257397
-0.966159,-0.257947
-0.965594,-0.260056
-0.964598,-0.263725
-0.963154,-0.268952
-0.961234,-0.275734
-0.958805,-0.284066
-0.955823,-0.293942
-0.952237,-0.305359
-0.947985,-0.318314
-0.942993,-0.332811
-0.937175,-0.34886
-0.930427,-0.366476
-0.92263,-0.385686
-0.91364,-0.406524
-0.903289,-0.429032
-0.89138,-0.453257
-0.87768,-0.479247
-0.861921,-0.507043
-0.843791,-0.536671
-0.822939,-0.56813
-0.798965,-0.601378
-0.771432,-0.636312
-0.739865,-0.672756
-0.70376,-0.710438
-0.6626,-0.748974
-0.615869,-0.787849
-0.563078,-0.826404
-0.503786,-0.863828
-0.437641,-0.89915
-0.364406,-0.93124
-0.284004,-0.958823
-0.196554,-0.980493
-0.102416,-0.994742
-0.00222628,-0.999997
0.103071,-0.994674
0.212189,-0.977229
0.323485,-0.946233
0.434957,-0.900451
0.544248,-0.838924
0.648684,-0.761058
0.745312,-0.666716
0.830978,-0.556306
0.902425,-0.430846
0.956405,-0.292044
0.98982,-0.142321
0.999885,0.0151681
0.984291,0.176555
0.941387,0.337327
0.980131,0.198352
0.999503,0.0315257
0.991248,-0.13201
0.957661,-0.287898
0.901618,-0.432533
0.82639,-0.563098
0.735466,-0.677562
0.632391,-0.77465
0.52063,-0.853783
0.403453,-0.915
0.283851,-0.958869
0.16447,-0.986382
0.0475743,-0.998868
-0.0649705,-0.997887
-0.171697,-0.98515
-0.271523,-0.962432
-0.363719,-0.931509
-0.447876,-0.894096
-0.523858,-0.851806
-0.591766,-0.80611
-0.651881,-0.758322
-0.704631,-0.709574
-0.750539,-0.660827
-0.790197,-0.612854
-0.824221,-0.566268
-0.853236,-0.521524
-0.877847,-0.478942
-0.898624,-0.438719
-0.916095,-0.40096
-0.930736,-0.365692
-0.942967,-0.332885
-0.95316,-0.302468
-0.96163,-0.274349
-0.968651,-0.248425
-0.974453,-0.224592
-0.97923,-0.202752
-0.983147,-0.182818
-0.986341,-0.164718
-0.988928,-0.148395
-0.991008,-0.133805
-0.992662,-0.120918
-0.993963,-0.109713
-0.994969,-0.100182
-0.995729,-0.0923198
-0.996284,-0.0861286
-0.996664,-0.0816125
-0.996892,-0.0787773
-0.996982,-0.0776293
-0.99694,-0.0781733
-0.996762,-0.0804143
-0.996436,-0.084355
-0.995942,-0.0899966
-0.995251,-0.0973401
-0.994325,-0.106386
-0.993116,-0.117135
-0.991567,-0.129591
-0.989612,-0.143762
-0.987172,-0.159659
-0.984157,-0.177301
-0.98046,-0.196718
-0.975961,-0.217945
-0.970517,-0.241032
-0.963964,-0.266033
-0.956108,-0.293014
-0.946725,-0.322044
-0.935552,-0.35319
-0.922286,-0.386509
-0.906578,-0.422039
-0.888031,-0.459783
-0.866202,-0.499695
-0.840597,-0.541661
-0.810684,-0.585484
-0.775899,-0.630857
-0.73566,-0.677351
-0.689386,-0.724394
-0.636525,-0.771256
-0.57658,-0.817041
-0.509142,-0.860682
-0.43394,-0.900942
-0.35087,-0.936424
-0.260047,-0.965596
-0.161849,-0.986816
-0.0569533,-0.998377
0.05362,-0.998561
0.16848,-0.985705
0.285855,-0.958273
0.403576,-0.914946
0.5191,-0.854713
0.629539,-0.776969
0.731716,-0.68161
0.822254,-0.569121
0.897672,-0.440665
0.954522,-0.29814
0.989547,-0.144214
0.999844,0.0176607
0.98306,0.183286
0.999004,0.0446174
0.99237,-0.123292
0.958924,-0.283662
0.901614,-0.432541
0.823849,-0.566809
0.729303,-0.68419
0.621742,-0.783222
0.504869,-0.863196
0.382197,-0.924081
0.256951,-0.966424
0.131993,-0.991251
0.00978104,-0.999952
-0.107659,-0.994188
-0.218731,-0.975785
-0.322253,-0.946653
-0.417436,-0.908706
-0.503835,-0.8638
-0.581309,-0.813683
-0.649975,-0.759955
-0.710155,-0.704045
-0.762325,-0.647195
-0.807074,-0.59045
-0.845062,-0.534668
-0.876983,-0.480522
-0.903533,-0.428518
-0.925391,-0.379014
-0.943196,-0.332236
-0.957539,-0.288305
-0.968951,-0.247252
-0.977906,-0.209046
-0.984815,-0.17361
-0.990033,-0.140834
-0.993865,-0.110596
-0.996569,-0.0827673
-0.998361,-0.0572253
-0.999427,-0.0338577
-0.999921,-0.0125638
-0.999977,0.00673948
-0.999709,0.0241196
-0.999214,0.0396307
-0.998578,0.053312
-0.997873,0.0651907
-0.997162,0.0752868
-0.996499,0.0836102
-0.995927,0.0901669
-0.995481,0.094958
-0.995188,0.097982
-0.995064,0.0992359
-0.995116,0.0987158
-0.995341,0.0964168
-0.995728,0.0923346
-0.996255,0.086464
-0.99689,0.0787999
-0.997593,0.0693345
-0.998313,0.0580589
-0.998989,0.0449605
-0.999549,0.0300233
-0.999913,0.0132229
-0.999985,-0.0054704
-0.999659,-0.0260959
-0.998813,-0.048705
-0.997306,-0.0733581
-0.994975,-0.100127
-0.991632,-0.129095
-0.98706,-0.160351
-0.981004,-0.193985
-0.97317,-0.230087
-0.963216,-0.268729
-0.95075,-0.309959
-0.935327,-0.353785
-0.916447,-0.400157
-0.893558,-0.448949
-0.866062,-0.499937
-0.833326,-0.552781
-0.794698,-0.607005
-0.749527,-0.661974
-0.697191,-0.716885
-0.637133,-0.770754
-0.568898,-0.822408
-0.492173,-0.870497
-0.406837,-0.913501
-0.31301,-0.94975
-0.211096,-0.977465
-0.101836,-0.994801
0.0136598,-0.999907
0.133883,-0.990997
0.2569,-0.966438
0.380361,-0.924838
0.501513,-0.86515
0.617234,-0.786779
0.724116,-0.689678
0.818538,-0.574452
0.896799,-0.442439
0.955261,-0.295765
0.990516,-0.137394
0.999583,0.028893
0.994387,-0.1058
0.96261,-0.270891
0.905437,-0.424481
0.826386,-0.563104
0.729303,-0.68419
0.618171,-0.786044
0.496936,-0.867787
0.369367,-0.929284
0.238939,-0.971035
0.108758,-0.994068
-0.0185054,-0.999829
-0.140635,-0.990061
-0.255883,-0.966708
-0.362949,-0.931809
-0.460959,-0.887422
-0.549417,-0.835548
-0.628166,-0.778079
-0.697328,-0.716753
-0.757252,-0.653123
-0.808468,-0.588541
-0.851623,-0.524154
-0.887451,-0.460902
-0.916722,-0.399525
-0.940214,-0.340585
-0.958683,-0.284478
-0.972845,-0.231459
-0.98336,-0.181666
-0.990827,-0.135139
-0.995773,-0.0918431
-0.998663,-0.0516908
-0.999894,-0.0145594
-0.999806,0.0196954
-0.998687,0.0512251
-0.99678,0.0801793
-0.994291,0.106699
-0.991394,0.130914
-0.988236,0.152935
-0.984947,0.172857
-0.981637,0.19076
-0.978403,0.206706
-0.975331,0.220748
-0.972496,0.232921
-0.969962,0.243255
-0.967787,0.251769
-0.966018,0.258475
-0.964692,0.263382
-0.963837,0.266494
-0.963472,0.26781
-0.963605,0.267329
-0.964236,0.265046
-0.965351,0.260954
-0.966929,0.255045
-0.968937,0.247306
-0.971333,0.237725
-0.974062,0.226282
-0.977061,0.212958
-0.980258,0.197721
-0.983568,0.180539
-0.986894,0.161367
-0.99013,0.140154
-0.993151,0.116835
-0.99582,0.0913332
-0.997978,0.0635614
-0.999441,0.0334202
-1,0.000800045
-0.999408,-0.0344146
-0.99738,-0.0723394
-0.993586,-0.113083
-0.987641,-0.156735
-0.979105,-0.203356
-0.967478,-0.252956
-0.952198,-0.30548
-0.932647,-0.360789
-0.908155,-0.418634
-0.878013,-0.478636
-0.841494,-0.540267
-0.797871,-0.602828
-0.746455,-0.665436
-0.686629,-0.727008
-0.617885,-0.786268
-0.539884,-0.841739
-0.452496,-0.891767
-0.355853,-0.934542
-0.250408,-0.96814
-0.136979,-0.990574
-0.0167827,-0.999859
0.108518,-0.994094
0.236819,-0.971554
0.365558,-0.930789
0.491745,-0.870739
0.612019,-0.790843
0.722713,-0.691149
0.819963,-0.572417
0.89985,-0.4362
0.958555,-0.284909
0.99255,-0.121835
0.968383,-0.24947
0.912875,-0.40824
0.833904,-0.551909
0.735467,-0.67756
0.62175,-0.783216
0.496945,-0.867782
0.365085,-0.930974
0.22992,-0.973209
0.0948148,-0.995495
-0.0373163,-0.999304
-0.164042,-0.986453
-0.283434,-0.958992
-0.394046,-0.919091
-0.494898,-0.868951
-0.585423,-0.810728
-0.665426,-0.746464
-0.735025,-0.678041
-0.794588,-0.607149
-0.844684,-0.535265
-0.886024,-0.463639
-0.919409,-0.393302
-0.945689,-0.325072
-0.965725,-0.259567
-0.980357,-0.197229
-0.990384,-0.138343
-0.996544,-0.0830638
-0.999506,-0.031439
-0.999863,0.0165671
-0.998135,0.0610512
-0.994769,0.102154
-0.990146,0.140039
-0.984589,0.174885
-0.978369,0.206867
-0.971714,0.236159
-0.964818,0.262918
-0.957845,0.287286
-0.950935,0.309391
-0.944212,0.329338
-0.937784,0.34722
-0.931746,0.36311
-0.926184,0.377071
-0.921173,0.389153
-0.91678,0.399393
-0.913063,0.40782
-0.910069,0.414456
-0.90784,0.419317
-0.906405,0.42241
-0.905783,0.423742
-0.905984,0.423311
-0.907008,0.421113
-0.908843,0.417139
-0.911466,0.411376
-0.914844,0.403807
-0.918934,0.394411
-0.923682,0.383159
-0.929024,0.37002
-0.934884,0.354953
-0.941179,0.33791
-0.947811,0.318834
-0.954673,0.297658
-0.961643,0.274303
-0.968586,0.248677
-0.975347,0.220677
-0.981749,0.190184
-0.987588,0.157068
-0.992629,0.121192
-0.996598,0.0824116
-0.999176,0.0405857
-0.99999,-0.00441589
-0.99861,-0.0527006
-0.994542,-0.104338
-0.987223,-0.159344
-0.976025,-0.217658
-0.960255,-0.279124
-0.939166,-0.343465
-0.911968,-0.41026
-0.877855,-0.478927
-0.836024,-0.548693
-0.785717,-0.618586
-0.726257,-0.687423
-0.657097,-0.753806
-0.577874,-0.816126
-0.488458,-0.872587
-0.389018,-0.92123
-0.280068,-0.95998
-0.162524,-0.986705
-0.0377447,-0.999287
0.0924442,-0.995718
0.225725,-0.974191
0.359302,-0.933221
0.489935,-0.871759
0.613991,-0.789313
0.727539,-0.686066
0.826473,-0.562976
0.906657,-0.421868
0.964118,-0.265474
0.9235,-0.383598
0.846114,-0.533002
0.747625,-0.664121
0.632409,-0.774635
0.504897,-0.86318
0.369395,-0.929272
0.229941,-0.973205
0.0901831,-0.995925
-0.0466921,-0.998909
-0.178011,-0.984029
-0.301631,-0.953425
-0.415934,-0.909395
-0.519804,-0.854286
-0.61258,-0.790409
-0.694009,-0.719966
-0.764184,-0.644999
-0.823483,-0.567341
-0.872505,-0.488604
-0.912014,-0.41016
-0.942878,-0.333138
-0.966027,-0.25844
-0.982407,-0.18675
-0.992947,-0.11856
-0.998531,-0.0541905
-0.999981,0.00618421
-0.998045,0.0625063
-0.993387,0.114815
-0.986591,0.163214
-0.978158,0.207863
-0.968517,0.248947
-0.958029,0.286671
-0.946997,0.321241
-0.935676,0.35286
-0.924279,0.381718
-0.912985,0.407992
-0.90195,0.431839
-0.891308,0.453398
-0.881175,0.472791
-0.871654,0.490121
-0.862841,0.505475
-0.854818,0.518928
-0.847659,0.530541
-0.841432,0.540363
-0.836194,0.548434
-0.831993,0.554786
-0.828871,0.559439
-0.826858,0.562411
-0.825973,0.56371
-0.826228,0.563336
-0.827622,0.561286
-0.830144,0.557549
-0.833772,0.552109
-0.838474,0.544941
-0.844208,0.536016
-0.85092,0.525296
-0.858545,0.512738
-0.867011,0.498289
-0.876234,0.481886
-0.886118,0.46346
-0.896558,0.442926
-0.907437,0.420189
-0.918619,0.395143
-0.929958,0.367665
-0.941283,0.337619
-0.952399,0.304855
-0.963081,0.269212
-0.973068,0.23052
-0.982053,0.188606
-0.989679,0.143304
-0.995529,0.0944581
-0.99912,0.0419445
-0.999897,-0.0143179
-0.997232,-0.0743469
-0.990422,-0.138075
-0.978694,-0.205326
-0.961217,-0.275792
-0.93712,-0.349006
-0.905513,-0.424319
-0.865516,-0.500881
-0.816304,-0.577622
-0.757148,-0.653244
-0.687466,-0.726216
-0.606885,-0.79479
-0.515293,-0.857014
-0.412911,-0.910771
-0.300338,-0.953833
-0.178619,-0.983918
-0.0492693,-0.998786
0.0856764,-0.996323
0.223667,-0.974666
0.361649,-0.932314
0.496101,-0.868265
0.623105,-0.782139
0.738462,-0.674295
0.837818,-0.54595
0.916845,-0.399243
0.862513,-0.506034
0.765425,-0.643525
0.649927,-0.759997
0.520678,-0.853753
0.382257,-0.924056
0.239001,-0.971019
0.0948678,-0.99549
-0.0466597,-0.998911
-0.182632,-0.983181
-0.31066,-0.950521
-0.42892,-0.903342
-0.536128,-0.844137
-0.631501,-0.775375
-0.714702,-0.699429
-0.785782,-0.618504
-0.845107,-0.534597
-0.893296,-0.449468
-0.931157,-0.364618
-0.959622,-0.281294
-0.979695,-0.200492
-0.99241,-0.122972
-0.998785,-0.0492837
-0.999796,0.0202121
-0.996354,0.0853141
-0.989291,0.145955
-0.979351,0.20217
-0.967184,0.254076
-0.953356,0.301847
-0.938348,0.345693
-0.922563,0.385846
-0.906343,0.422543
-0.88997,0.45602
-0.873679,0.486502
-0.857669,0.514202
-0.842109,0.539308
-0.827141,0.561995
-0.812891,0.582416
-0.799469,0.600707
-0.786975,0.616985
-0.775496,0.631352
-0.765115,0.643894
-0.755902,0.654685
-0.747923,0.663786
-0.741233,0.671248
-0.735879,0.677113
-0.731903,0.681409
-0.729333,0.684159
-0.728189,0.685376
-0.728483,0.685063
-0.730214,0.683218
-0.733373,0.679827
-0.737939,0.674867
-0.743882,0.668311
-0.751161,0.66012
-0.759723,0.650246
-0.769509,0.638635
-0.780449,0.62522
-0.792459,0.609925
-0.80545,0.592663
-0.819321,0.573336
-0.833956,0.551831
-0.849229,0.528025
-0.864998,0.501776
-0.8811,0.47293
-0.897352,0.441317
-0.913539,0.406752
-0.929413,0.369041
-0.944684,0.327981
-0.959011,0.283368
-0.971994,0.235007
-0.983165,0.182721
-0.991983,0.126368
-0.997829,0.0658545
-0.999999,0.00116459
-0.997711,-0.0676243
-0.990107,-0.140313
-0.97627,-0.216556
-0.955241,-0.295829
-0.926045,-0.377412
-0.88773,-0.460364
-0.839407,-0.543504
-0.7803,-0.625405
-0.709807,-0.704396
-0.627556,-0.778572
-0.533478,-0.845814
-0.427861,-0.903844
-0.311426,-0.95027
-0.185365,-0.98267
-0.0513959,-0.998678
0.0882137,-0.996102
0.230652,-0.973036
0.372572,-0.928003
0.510148,-0.860087
0.639175,-0.769062
0.755169,-0.65553
0.853547,-0.521015
0.788321,-0.615264
0.673923,-0.738802
0.544049,-0.839054
0.403546,-0.914959
0.257057,-0.966396
0.108867,-0.994056
-0.0372179,-0.999307
-0.177935,-0.984042
-0.310618,-0.950535
-0.433196,-0.9013
-0.544186,-0.838965
-0.642646,-0.766163
-0.728127,-0.685442
-0.800611,-0.599184
-0.860434,-0.509561
-0.908219,-0.418496
-0.944803,-0.327638
-0.971176,-0.238365
-0.988414,-0.151781
-0.997635,-0.0687361
-0.999949,0.0101514
-0.996426,0.0844703
-0.988073,0.153988
-0.97581,0.218618
-0.960466,0.278396
-0.94277,0.333442
-0.923354,0.383951
-0.902757,0.430152
-0.881434,0.472307
-0.859766,0.510688
-0.838069,0.545564
-0.816604,0.577198
-0.79559,0.605836
-0.775207,0.631707
-0.755612,0.65502
-0.736936,0.675963
-0.719294,0.694705
-0.702791,0.711397
-0.687517,0.726169
-0.673554,0.739138
-0.660981,0.750402
-0.649863,0.760051
-0.640262,0.768157
-0.632229,0.774782
-0.62581,0.779976
-0.621042,0.783777
-0.617953,0.786215
-0.616563,0.787306
-0.616882,0.787056
-0.618911,0.785461
-0.622641,0.782508
-0.628054,0.77817
-0.635123,0.772411
-0.643808,0.765187
-0.654064,0.756439
-0.665834,0.7461
-0.679051,0.734091
-0.69364,0.720322
-0.709515,0.704691
-0.726581,0.687081
-0.744731,0.667365
-0.763846,0.645398
-0.783791,0.621024
-0.804416,0.594067
-0.825545,0.564336
-0.846979,0.531626
-0.868484,0.495716
-0.889787,0.456377
-0.910563,0.413369
-0.930434,0.366459
-0.948952,0.315422
-0.965593,0.260056
-0.979754,0.200204
-0.990741,0.135765
-0.997772,0.066724
-0.999977,-0.00682435
-0.99641,-0.0846537
-0.986064,-0.166368
-0.967889,-0.251379
-0.940828,-0.338884
-0.903858,-0.427833
-0.856032,-0.516923
-0.79654,-0.604585
-0.724772,-0.688989
-0.640382,-0.768057
-0.543357,-0.839502
-0.434093,-0.900868
-0.313451,-0.949604
-0.182815,-0.983147
-0.0441368,-0.999026
0.100053,-0.994982
0.246641,-0.969107
0.391959,-0.919983
0.53187,-0.846826
0.661853,-0.749633
0.777161,-0.629301
0.703829,-0.71037
0.574626,-0.818416
0.433034,-0.901377
0.284004,-0.958823
0.13216,-0.991228
-0.0183376,-0.999832
-0.163888,-0.986479
-0.301503,-0.953465
-0.428829,-0.903386
-0.544138,-0.838996
-0.646297,-0.763086
-0.734709,-0.678383
-0.809255,-0.587458
-0.870215,-0.492673
-0.918197,-0.396125
-0.954054,-0.299636
-0.978819,-0.204727
-0.993637,-0.112632
-0.999705,-0.0243052
-0.998225,0.0595519
-0.990367,0.138467
-0.977234,0.212165
-0.959843,0.280538
-0.939113,0.343607
-0.915858,0.401503
-0.890783,0.454428
-0.864495,0.502642
-0.837505,0.54643
-0.810239,0.586099
-0.783051,0.621957
-0.756234,0.654302
-0.730025,0.68342
-0.704624,0.70958
-0.680197,0.733029
-0.656883,0.753992
-0.634802,0.772675
-0.614061,0.789259
-0.59475,0.803911
-0.576955,0.816776
-0.560749,0.827986
-0.546201,0.837654
-0.533372,0.845881
-0.522317,0.852751
-0.513083,0.858339
-0.505712,0.862702
-0.500235,0.86589
-0.49668,0.867934
-0.495063,0.868857
-0.495395,0.868668
-0.497677,0.867363
-0.501902,0.864925
-0.508054,0.861325
-0.516109,0.856523
-0.526034,0.850464
-0.537787,0.843081
-0.551318,0.834295
-0.566569,0.824015
-0.583469,0.812135
-0.601943,0.798539
-0.621904,0.783094
-0.643253,0.765653
-0.665881,0.746058
-0.689666,0.724128
-0.714465,0.699671
-0.740119,0.672476
-0.766442,0.642314
-0.793215,0.608941
-0.820184,0.5721
-0.847045,0.531521
-0.87344,0.486931
-0.898944,0.438064
-0.923057,0.384663
-0.945194,0.326509
-0.96468,0.263426
-0.980741,0.195311
-0.992511,0.122155
-0.999028,0.0440749
-0.999252,-0.0386613
-0.992081,-0.125601
-0.976376,-0.21608
-0.951,-0.309191
-0.914862,-0.403766
-0.86697,-0.49836
-0.806493,-0.591244
-0.732831,-0.680411
-0.645683,-0.763605
-0.545132,-0.83835
-0.431702,-0.902016
-0.306439,-0.95189
-0.170957,-0.985279
-0.0274715,-0.999623
0.121177,-0.992631
0.271538,-0.962428
0.419611,-0.907704
0.560914,-0.827874
0.690623,-0.723215
0.611848,-0.790975
0.470366,-0.882471
0.31966,-0.947532
0.164702,-0.986343
0.0100242,-0.99995
-0.140396,-0.990095
-0.283214,-0.959057
-0.415747,-0.90948
-0.535983,-0.844229
-0.642548,-0.766245
-0.734661,-0.678434
-0.812067,-0.583565
-0.874958,-0.484199
-0.9239,-0.382634
-0.959745,-0.280873
-0.983555,-0.180609
-0.996531,-0.0832199
-0.999948,0.0102136
-0.995098,0.0988916
-0.98325,0.182264
-0.965608,0.260003
-0.943292,0.331964
-0.917319,0.398154
-0.888592,0.458699
-0.857901,0.513816
-0.825925,0.56378
-0.793238,0.608912
-0.760319,0.649549
-0.727567,0.686037
-0.695306,0.718714
-0.663802,0.747909
-0.633271,0.77393
-0.603895,0.797064
-0.575818,0.817578
-0.549168,0.835712
-0.52405,0.851687
-0.500556,0.865704
-0.478767,0.877942
-0.458757,0.888562
-0.44059,0.897709
-0.424325,0.90551
-0.410014,0.912079
-0.397705,0.917513
-0.387438,0.921896
-0.379247,0.925295
-0.373161,0.927767
-0.369202,0.929349
-0.367385,0.930069
-0.367719,0.929937
-0.370206,0.92895
-0.37484,0.927089
-0.38161,0.924323
-0.390496,0.920605
-0.40147,0.915872
-0.414498,0.91005
-0.429538,0.903049
-0.446539,0.894764
-0.465443,0.885078
-0.486184,0.873857
-0.508685,0.860953
-0.532861,0.846203
-0.558613,0.829429
-0.585831,0.810434
-0.614389,0.789003
-0.64414,0.764908
-0.674914,0.737897
-0.706512,0.707701
-0.738696,0.674038
-0.771187,0.636609
-0.803647,0.595107
-0.835677,0.549221
-0.866803,0.498651
-0.896465,0.443116
-0.924009,0.382371
-0.948682,0.316233
-0.969624,0.244599
-0.985876,0.167475
-0.99638,0.085009
-0.999997,-0.00247875
-0.995528,-0.0944655
-0.981747,-0.19019
-0.957441,-0.288629
-0.92146,-0.388474
-0.872777,-0.488119
-0.810561,-0.585654
-0.734242,-0.678888
-0.643601,-0.765361
-0.538837,-0.84241
-0.420653,-0.907221
-0.290317,-0.95693
-0.149709,-0.98873
-0.00136177,-0.999999
0.151538,-0.988451
0.305185,-0.952293
0.455203,-0.890388
0.596771,-0.802412
0.515014,-0.857182
0.363723,-0.931507
0.206378,-0.978472
0.0479008,-0.998852
-0.107328,-0.994224
-0.255564,-0.966792
-0.393756,-0.919215
-0.519554,-0.854438
-0.631301,-0.775538
-0.727983,-0.685595
-0.809164,-0.587582
-0.874918,-0.484271
-0.925734,-0.378175
-0.962437,-0.271504
-0.986103,-0.166136
-0.997974,-0.0636249
-0.999394,0.0348063
-0.991744,0.128236
-0.976389,0.216021
-0.954641,0.297761
-0.927726,0.373262
-0.896764,0.442508
-0.86276,0.505614
-0.826592,0.562802
-0.789021,0.614366
-0.750694,0.66065
-0.712148,0.702029
-0.673831,0.738885
-0.636111,0.771598
-0.59928,0.800539
-0.563582,0.82606
-0.529209,0.848491
-0.49632,0.86814
-0.465044,0.885288
-0.435488,0.900195
-0.407742,0.913097
-0.381886,0.924209
-0.357987,0.933727
-0.336104,0.941825
-0.316291,0.948662
-0.298593,0.95438
-0.283055,0.959104
-0.269711,0.962941
-0.258595,0.965986
-0.249733,0.968315
-0.243146,0.96999
-0.238854,0.971055
-0.236868,0.971542
-0.237195,0.971462
-0.239838,0.970813
-0.244793,0.969575
-0.252052,0.967714
-0.261601,0.965176
-0.27342,0.961895
-0.287482,0.957786
-0.303756,0.95275
-0.322201,0.946671
-0.342772,0.939419
-0.365415,0.930845
-0.390066,0.920787
-0.416654,0.909065
-0.445096,0.895483
-0.475296,0.879826
-0.507143,0.861862
-0.540509,0.841338
-0.575241,0.817984
-0.611158,0.791509
-0.648044,0.761603
-0.685641,0.72794
-0.723638,0.69018
-0.76166,0.647976
-0.799262,0.600983
-0.835911,0.548865
-0.870982,0.491316
-0.903743,0.428075
-0.933356,0.358953
-0.958867,0.283854
-0.979218,0.202811
-0.993247,0.116015
-0.999716,0.0238519
-0.997327,-0.0730646
-0.98477,-0.17386
-0.960762,-0.277374
-0.924106,-0.382136
-0.87376,-0.486357
-0.808911,-0.587931
-0.729054,-0.684456
-0.634078,-0.773269
-0.524349,-0.851504
-0.400785,-0.916172
-0.264918,-0.964271
-0.118952,-0.9929
0.0342249,-0.999414
0.191048,-0.981581
0.347308,-0.937751
0.498257,-0.86703
0.415726,-0.90949
0.256972,-0.966419
0.0952808,-0.99545
-0.0645356,-0.997915
-0.218302,-0.975881
-0.362545,-0.931966
-0.494534,-0.869158
-0.612269,-0.790649
-0.714453,-0.699684
-0.800426,-0.599431
-0.870092,-0.492889
-0.923832,-0.382799
-0.962412,-0.271595
-0.986894,-0.161373
-0.998548,-0.0538764
-0.998774,0.049498
-0.989034,0.147685
-0.970792,0.239924
-0.945464,0.325726
-0.91439,0.404834
-0.878801,0.477188
-0.839807,0.542885
-0.798388,0.602143
-0.755396,0.655268
-0.711555,0.702631
-0.667473,0.744634
-0.623657,0.781698
-0.580517,0.814248
-0.538388,0.842697
-0.497535,0.867444
-0.458175,0.888862
-0.420476,0.907304
-0.384573,0.923095
-0.350578,0.936534
-0.318577,0.947897
-0.288646,0.957436
-0.260846,0.96538
-0.235228,0.97194
-0.211836,0.977305
-0.19071,0.981646
-0.171884,0.985117
-0.155385,0.987854
-0.14124,0.989975
-0.129469,0.991583
-0.120092,0.992763
-0.113123,0.993581
-0.108573,0.994088
-0.106452,0.994318
-0.106765,0.994284
-0.109515,0.993985
-0.1147,0.9934
-0.122317,0.992491
-0.132357,0.991202
-0.144808,0.98946
-0.159656,0.987173
-0.176877,0.984233
-0.196445,0.980515
-0.218329,0.975875
-0.242489,0.970154
-0.268877,0.963174
-0.297439,0.954741
-0.328109,0.94464
-0.360807,0.93264
-0.395443,0.91849
-0.431905,0.901919
-0.47006,0.882634
-0.50975,0.860322
-0.55078,0.834651
-0.592915,0.805265
-0.635871,0.771796
-0.6793,0.733861
-0.722786,0.691072
-0.765827,0.643047
-0.807826,0.589421
-0.848082,0.529865
-0.885778,0.464108
-0.919982,0.39196
-0.949639,0.313345
-0.973583,0.228334
-0.990547,0.137176
-0.999186,0.0403435
-0.998111,-0.0614415
-0.985928,-0.167169
-0.961297,-0.275515
-0.92299,-0.384824
-0.869971,-0.493103
-0.801475,-0.598028
-0.717095,-0.696975
-0.616873,-0.787062
-0.501384,-0.865225
-0.371811,-0.928309
-0.230007,-0.973189
-0.0785434,-0.996911
0.0792947,-0.996851
0.239514,-0.970893
0.397494,-0.917605
0.316104,-0.948724
0.152059,-0.988371
-0.0119061,-0.999929
-0.171143,-0.985246
-0.32172,-0.946835
-0.460465,-0.887678
-0.584986,-0.811043
-0.693642,-0.72032
-0.785491,-0.618873
-0.860219,-0.509925
-0.918054,-0.396456
-0.959664,-0.281149
-0.986069,-0.166337
-0.998542,-0.0539838
-0.998524,0.0543166
-0.987547,0.157326
-0.967167,0.254143
-0.93891,0.344164
-0.904228,0.427049
-0.864472,0.50268
-0.820867,0.571119
-0.774501,0.632572
-0.726328,0.687348
-0.677161,0.735835
-0.627689,0.778464
-0.578482,0.815695
-0.530009,0.847992
-0.482645,0.875816
-0.436693,0.89961
-0.392389,0.919799
-0.349921,0.936779
-0.309432,0.950922
-0.271036,0.962569
-0.234822,0.972039
-0.200857,0.97962
-0.169196,0.985582
-0.139883,0.990168
-0.11295,0.993601
-0.0884245,0.996083
-0.0663295,0.997798
-0.0466827,0.99891
-0.029499,0.999565
-0.0147899,0.999891
-0.00256554,0.999997
0.00716676,0.999974
0.0143997,0.999896
0.0191279,0.999817
0.0213474,0.999772
0.0210543,0.999778
0.0182458,0.999834
0.0129205,0.999917
0.00507789,0.999987
-0.00528111,0.999986
-0.0181534,0.999835
-0.0335333,0.999438
-0.051413,0.998677
-0.0717795,0.997421
-0.0946167,0.995514
-0.119901,0.992786
-0.147605,0.989046
-0.177691,0.984086
-0.210112,0.977677
-0.244811,0.969571
-0.281715,0.959498
-0.320734,0.947169
-0.361758,0.932272
-0.40465,0.914472
-0.44924,0.893411
-0.495317,0.868712
-0.542625,0.839975
-0.590845,0.806785
-0.639589,0.768717
-0.688388,0.725343
-0.736677,0.676245
-0.783786,0.62103
-0.828928,0.559355
-0.871192,0.490942
-0.909542,0.415613
-0.942812,0.333326
-0.969724,0.244203
-0.988901,0.148574
-0.998894,0.0470168
-0.998222,-0.0596143
-0.985419,-0.170146
-0.9591,-0.283066
-0.91803,-0.39651
-0.861206,-0.508256
-0.787947,-0.615743
-0.697986,-0.716111
-0.591566,-0.806256
-0.469522,-0.882921
-0.333358,-0.9428
-0.185308,-0.98268
-0.0283536,-0.999598
0.133765,-0.991013
0.296609,-0.954999
0.217964,-0.975957
0.0505877,-0.99872
-0.113827,-0.993501
-0.270841,-0.962624
-0.416793,-0.909001
-0.548837,-0.83593
-0.664923,-0.746912
-0.763769,-0.645489
-0.844785,-0.535105
-0.907989,-0.418994
-0.953908,-0.300098
-0.983481,-0.181012
-0.997953,-0.0639478
-0.998785,0.0492718
-0.987565,0.157209
-0.965934,0.25879
-0.935521,0.353271
-0.897898,0.440204
-0.854535,0.519393
-0.806784,0.590846
-0.755852,0.654742
-0.702802,0.711386
-0.648551,0.761172
-0.593878,0.804555
-0.539428,0.842031
-0.485736,0.874105
-0.43323,0.901283
-0.382252,0.924058
-0.333071,0.942902
-0.285894,0.958261
-0.240879,0.970555
-0.198146,0.980173
-0.157784,0.987474
-0.119856,0.992791
-0.0844114,0.996431
-0.0514811,0.998674
-0.0210873,0.999778
0.00675561,0.999977
0.0320395,0.999487
0.0547603,0.9985
0.0749179,0.99719
0.0925134,0.995711
0.10755,0.9942
0.12003,0.99277
0.129958,0.991519
0.137336,0.990525
0.142165,0.989843
0.144445,0.989513
0.144176,0.989552
0.141354,0.989959
0.135975,0.990712
0.128034,0.99177
0.117524,0.99307
0.10444,0.994531
0.0887734,0.996052
0.0705199,0.99751
0.0496764,0.998765
0.0262425,0.999656
0.000221686,1
-0.028377,0.999597
-0.0595369,0.998226
-0.093233,0.995644
-0.12943,0.991589
-0.168077,0.985774
-0.209109,0.977892
-0.252439,0.967613
-0.297954,0.95458
-0.345509,0.938415
-0.394923,0.918714
-0.445962,0.895052
-0.498341,0.866981
-0.551703,0.834041
-0.605609,0.795763
-0.659528,0.75168
-0.712825,0.701342
-0.764742,0.644337
-0.814399,0.580305
-0.860779,0.50898
-0.90273,0.430208
-0.938972,0.343994
-0.968108,0.250534
-0.988646,0.150262
-0.999037,0.0438806
-0.997713,-0.0675886
-0.983153,-0.182783
-0.953946,-0.299977
-0.908876,-0.417066
-0.847009,-0.531579
-0.767791,-0.6407
-0.671148,-0.741324
-0.557575,-0.830127
-0.428229,-0.90367
-0.285,-0.958528
-0.130549,-0.991442
0.031665,-0.999499
0.19742,-0.980319
0.122805,-0.992431
-0.0461752,-0.998933
-0.209479,-0.977813
-0.362903,-0.931827
-0.503084,-0.864238
-0.627503,-0.778614
-0.734463,-0.678648
-0.823034,-0.567992
-0.892961,-0.450135
-0.944577,-0.32829
-0.978692,-0.205336
-0.996486,-0.0837623
-0.99941,0.0343507
-0.989087,0.147333
-0.967229,0.253904
-0.935566,0.353152
-0.895784,0.44449
-0.849482,0.527617
-0.798142,0.602469
-0.7431,0.669181
-0.685542,0.728033
-0.626499,0.779422
-0.566851,0.82382
-0.507336,0.861748
-0.448562,0.893752
-0.39102,0.920382
-0.335104,0.942181
-0.281118,0.959673
-0.229299,0.973356
-0.179824,0.983699
-0.132822,0.99114
-0.0883853,0.996086
-0.0465771,0.998915
-0.00743768,0.999972
0.0290104,0.999579
0.0627584,0.998029
0.0938059,0.995591
0.122161,0.99251
0.147837,0.989012
0.17085,0.985297
0.191217,0.981548
0.208959,0.977924
0.224094,0.974568
0.236638,0.971598
0.246607,0.969116
0.254013,0.967201
0.258866,0.965913
0.26117,0.965293
0.260927,0.965359
0.258133,0.966109
0.252783,0.967523
0.244865,0.969557
0.234365,0.972149
0.221267,0.975213
0.205552,0.978646
0.187199,0.982322
0.166188,0.986094
0.142502,0.989795
0.116123,0.993235
0.0870392,0.996205
0.0552446,0.998473
0.0207408,0.999785
-0.0164607,0.999865
-0.0563356,0.998412
-0.0988423,0.995103
-0.14392,0.989589
-0.191483,0.981496
-0.241413,0.970423
-0.293555,0.955942
-0.347709,0.937603
-0.403616,0.914928
-0.460951,0.887425
-0.519311,0.854585
-0.578197,0.815897
-0.637008,0.770857
-0.695021,0.718989
-0.751386,0.659863
-0.805112,0.593122
-0.855066,0.518519
-0.899975,0.435941
-0.938433,0.345462
-0.96892,0.247375
-0.989832,0.14224
-0.999522,0.0309243
-0.99635,-0.0853597
-0.978755,-0.205031
-0.94533,-0.326114
-0.894912,-0.446242
-0.826681,-0.562671
-0.740262,-0.672319
-0.635827,-0.771832
-0.514192,-0.857675
-0.376906,-0.926251
-0.226298,-0.974058
-0.0655285,-0.997851
0.101428,-0.994843
0.0318202,-0.999494
-0.137287,-0.990531
-0.298183,-0.954509
-0.446925,-0.894572
-0.580454,-0.814293
-0.69659,-0.717469
-0.793982,-0.607941
-0.872038,-0.489439
-0.930827,-0.365461
-0.970974,-0.239184
-0.993549,-0.113399
-0.999955,0.00952316
-0.99182,0.127643
-0.97091,0.239443
-0.939042,0.343803
-0.898014,0.439967
-0.849554,0.527502
-0.79528,0.606242
-0.736668,0.676255
-0.675038,0.737783
-0.611549,0.791206
-0.547195,0.837005
-0.48282,0.87572
-0.419117,0.907932
-0.356655,0.934236
-0.295888,0.955223
-0.237168,0.971469
-0.180768,0.983526
-0.126889,0.991917
-0.0756775,0.997132
-0.0272331,0.999629
0.0183802,0.999831
0.0611269,0.99813
0.100994,0.994887
0.137983,0.990435
0.172111,0.985078
0.203403,0.979095
0.23189,0.972742
0.257607,0.96625
0.280592,0.959827
0.300883,0.953661
0.318519,0.947917
0.333533,0.942739
0.345958,0.93825
0.355822,0.934554
0.363147,0.931732
0.367951,0.929845
0.370242,0.928935
0.370027,0.929021
0.367301,0.930102
0.362055,0.932157
0.354273,0.935142
0.343933,0.938994
0.331008,0.943628
0.315465,0.948937
0.297271,0.954793
0.276386,0.961047
0.252774,0.967525
0.226397,0.974035
0.197219,0.980359
0.165211,0.986258
0.130348,0.991468
0.092617,0.995702
0.0520151,0.998646
0.00855598,0.999963
-0.0377271,0.999288
-0.0867766,0.996228
-0.138503,0.990362
-0.192783,0.981242
-0.249443,0.968389
-0.308259,0.951303
-0.368936,0.929455
-0.431106,0.902301
-0.494304,0.869289
-0.557964,0.829865
-0.621398,0.783495
-0.683788,0.72968
-0.744173,0.667987
-0.801442,0.598073
-0.854335,0.519722
-0.901447,0.43289
-0.941239,0.33774
-0.97207,0.234692
-0.992224,0.124465
-0.999967,0.00811893
-0.993605,-0.112908
-0.971564,-0.236778
-0.932473,-0.36124
-0.875267,-0.48364
-0.799295,-0.600939
-0.704419,-0.709784
-0.59113,-0.806576
-0.460635,-0.88759
-0.314935,-0.949113
-0.156883,-0.987617
0.00981704,-0.999952
-0.0540971,-0.998536
-0.222105,-0.975023
-0.379553,-0.92517
-0.522775,-0.852471
-0.649025,-0.760767
-0.756454,-0.654047
-0.84405,-0.536264
-0.911547,-0.411195
-0.959317,-0.28233
-0.98826,-0.15278
-0.999681,-0.0252393
-0.995182,0.0980477
-0.976551,0.215288
-0.945674,0.325116
-0.904455,0.426569
-0.854747,0.519045
-0.798309,0.602249
-0.736763,0.676151
-0.671577,0.740935
-0.604048,0.796948
-0.535303,0.84466
-0.466302,0.884626
-0.397843,0.917454
-0.330583,0.943777
-0.26505,0.964235
-0.201656,0.979456
-0.14072,0.990049
-0.0824766,0.996593
-0.0270945,0.999633
0.025313,0.99968
0.0746773,0.997208
0.120963,0.992657
0.164165,0.986433
0.204296,0.978909
0.241388,0.970429
0.275483,0.961306
0.306633,0.951828
0.334891,0.942257
0.36032,0.932829
0.382978,0.923757
0.402926,0.915232
0.420218,0.907423
0.434911,0.900474
0.447047,0.89451
0.456669,0.889637
0.463811,0.885934
0.468497,0.883465
0.470742,0.882271
0.470554,0.882371
0.46793,0.883766
0.462857,0.886433
0.455314,0.890331
0.445271,0.895396
0.43269,0.901543
0.417526,0.908665
0.399729,0.916633
0.379243,0.925297
0.356009,0.934483
0.329969,0.943992
0.301063,0.953604
0.269236,0.963074
0.234438,0.972131
0.196628,0.980478
0.155773,0.987793
0.111859,0.993724
0.0648897,0.997892
0.0148917,0.999889
-0.0380764,0.999275
-0.0939209,0.99558
-0.152502,0.988303
-0.213627,0.976915
-0.277035,0.96086
-0.34239,0.939558
-0.409265,0.912416
-0.477127,0.878834
-0.545325,0.838225
-0.613072,0.790027
-0.679439,0.733732
-0.743341,0.668912
-0.803536,0.595256
-0.858624,0.512606
-0.907058,0.421005
-0.947168,0.320737
-0.977187,0.21238
-0.995299,0.0968499
-0.999698,-0.0245658
-0.988661,-0.150165
-0.960633,-0.277821
-0.914326,-0.404978
-0.848831,-0.528664
-0.763722,-0.645545
-0.659175,-0.751989
-0.536074,-0.844171
-0.396091,-0.918211
-0.241766,-0.970335
-0.0765268,-0.997068
-0.134327,-0.990937
-0.30025,-0.953861
-0.453455,-0.891279
-0.590556,-0.806997
-0.709119,-0.705089
-0.807624,-0.589697
-0.885382,-0.464865
-0.942434,-0.334391
-0.979441,-0.201731
-0.997552,-0.0699237
-0.998291,0.0584466
-0.983434,0.181267
-0.954912,0.296889
-0.914715,0.404101
-0.864815,0.50209
-0.807113,0.590396
-0.743383,0.668866
-0.675249,0.737589
-0.604164,0.79686
-0.531398,0.847122
-0.458044,0.888929
-0.385026,0.922906
-0.3131,0.94972
-0.242886,0.970055
-0.174867,0.984592
-0.109421,0.993995
-0.0468268,0.998903
0.0127164,0.999919
0.069074,0.997612
0.122165,0.99251
0.171954,0.985105
0.218437,0.975851
0.261638,0.965166
0.301601,0.953434
0.338385,0.941008
0.372062,0.928208
0.40271,0.915328
0.43041,0.902634
0.455247,0.890365
0.477303,0.878739
0.496662,0.867944
0.513398,0.858151
0.527581,0.849505
0.539275,0.84213
0.548533,0.836129
0.555398,0.831585
0.559903,0.828558
0.562072,0.827088
0.56191,0.827198
0.559417,0.828886
0.554578,0.832132
0.547366,0.836893
0.537743,0.843109
0.525662,0.850694
0.511061,0.859544
0.493877,0.869532
0.474035,0.880506
0.451458,0.892293
0.426061,0.904694
0.397764,0.917488
0.366485,0.930424
0.332144,0.943229
0.294673,0.955598
0.254009,0.967202
0.210108,0.977678
0.16294,0.986636
0.112502,0.993651
0.0588196,0.998269
0.00195236,0.999998
-0.0579914,0.998317
-0.120853,0.99267
-0.186407,0.982473
-0.25435,0.967112
-0.324293,0.945957
-0.395737,0.918364
-0.468064,0.883694
-0.540525,0.841328
-0.612222,0.790686
-0.682094,0.731264
-0.748922,0.662658
-0.811317,0.584607
-0.867728,0.497039
-0.916467,0.400111
-0.955723,0.294267
-0.983615,0.18028
-0.99824,0.0592956
-0.997745,-0.0671231
-0.980408,-0.196978
-0.944741,-0.327818
-0.889596,-0.456748
-0.814279,-0.580474
-0.71867,-0.695351
-0.603341,-0.797483
-0.469645,-0.882855
-0.319815,-0.94748
-0.156994,-0.9876
-0.208494,-0.978024
-0.371577,-0.928402
-0.519966,-0.854187
-0.650555,-0.759459
-0.761219,-0.648495
-0.850753,-0.525565
-0.918779,-0.394773
-0.96563,-0.259922
-0.992229,-0.124422
-0.999962,0.00877146
-0.990545,0.137191
-0.965916,0.258856
-0.928128,0.37226
-0.879261,0.476341
-0.821347,0.570429
-0.756317,0.654206
-0.68596,0.72764
-0.611892,0.790941
-0.53555,0.844504
-0.458173,0.888863
-0.380825,0.924647
-0.304386,0.952549
-0.229577,0.97329
-0.156975,0.987603
-0.0870257,0.996206
-0.0200669,0.999799
0.0436604,0.999046
0.103992,0.994578
0.16083,0.986982
0.214126,0.976806
0.263878,0.964556
0.310116,0.950699
0.352895,0.935663
0.392289,0.919842
0.428389,0.903594
0.461296,0.887246
0.491114,0.871095
0.517954,0.855409
0.541925,0.840427
0.563133,0.826366
0.581683,0.813416
0.597669,0.801743
0.61118,0.791492
0.622293,0.782785
0.631075,0.775722
0.637581,0.770383
0.641851,0.766829
0.643912,0.765099
0.643777,0.765213
0.641441,0.767172
0.63689,0.770954
0.63009,0.776522
0.620995,0.783815
0.609547,0.79275
0.595674,0.803226
0.579295,0.815118
0.560318,0.828278
0.538644,0.842534
0.514168,0.85769
0.486783,0.873523
0.456381,0.889784
0.422856,0.906197
0.386108,0.922454
0.346043,0.938218
0.302586,0.953122
0.255674,0.966763
0.205269,0.978706
0.151364,0.988478
0.0939846,0.995574
0.0332029,0.999449
-0.030856,0.999524
-0.098002,0.995186
-0.16797,0.985792
-0.240402,0.970673
-0.314838,0.949145
-0.390695,0.92052
-0.467259,0.884121
-0.54366,0.839306
-0.618869,0.785494
-0.691688,0.722197
-0.76074,0.649057
-0.824478,0.565894
-0.881199,0.472746
-0.92906,0.369928
-0.966124,0.258078
-0.990404,0.138203
-0.999931,0.0117296
-0.992838,-0.119471
-0.967452,-0.253056
-0.922407,-0.38622
-0.856759,-0.515716
-0.770114,-0.637907
-0.662742,-0.748848
-0.535695,-0.844411
-0.390901,-0.920433
-0.231223,-0.972901
-0.276438,-0.961032
-0.436135,-0.899881
-0.579331,-0.815092
-0.703201,-0.710991
-0.805916,-0.59203
-0.886576,-0.462584
-0.945093,-0.326801
-0.982079,-0.188471
-0.998701,-0.0509501
-0.996558,0.0828994
-0.977546,0.210723
-0.943745,0.330673
-0.897318,0.441385
-0.84042,0.541935
-0.775134,0.631797
-0.703418,0.710776
-0.627065,0.778967
-0.547684,0.836685
-0.466688,0.884422
-0.385293,0.922794
-0.304523,0.952505
-0.225224,0.974307
-0.148077,0.988976
-0.0736186,0.997286
-0.00225572,0.999997
0.0657122,0.997839
0.130082,0.991503
0.190728,0.981643
0.247586,0.968866
0.300645,0.953736
0.349937,0.936773
0.395523,0.918456
0.437495,0.899221
0.475959,0.879468
0.511035,0.85956
0.542854,0.839827
0.571552,0.820566
0.597264,0.802045
0.620126,0.784502
0.640268,0.768152
0.657815,0.75318
0.672883,0.739749
0.685577,0.728
0.69599,0.718051
0.704202,0.709999
0.710277,0.703923
0.714263,0.699878
0.716192,0.697903
0.71608,0.698018
0.713924,0.700223
0.709705,0.704499
0.703385,0.71081
0.69491,0.719097
0.684213,0.729282
0.671209,0.741268
0.655801,0.754934
0.63788,0.770136
0.617326,0.786707
0.594014,0.804454
0.567811,0.823159
0.538582,0.842573
0.506192,0.862421
0.470511,0.882394
0.431415,0.902154
0.388793,0.921325
0.342551,0.939499
0.292614,0.956231
0.238941,0.971034
0.181522,0.983387
0.120391,0.992727
0.0556377,0.998451
-0.0125843,0.999921
-0.084046,0.996462
-0.158426,0.987371
-0.235301,0.971923
-0.314123,0.949382
-0.394211,0.91902
-0.474728,0.880132
-0.554674,0.832068
-0.632872,0.774256
-0.707962,0.70625
-0.778402,0.627767
-0.842477,0.538732
-0.898321,0.439339
-0.943947,0.330097
-0.977295,0.211881
-0.996296,0.0859858
-0.998949,-0.0458425
-0.983414,-0.181375
-0.948126,-0.317894
-0.891911,-0.452211
-0.814112,-0.580707
-0.714724,-0.699407
-0.594504,-0.804093
-0.45509,-0.890446
-0.299068,-0.954232
-0.338179,-0.941082
-0.494127,-0.86939
-0.631927,-0.775028
-0.749022,-0.662546
-0.843871,-0.536545
-0.915862,-0.401493
-0.965187,-0.261562
-0.99271,-0.120524
-0.999832,0.0183307
-0.988345,0.15223
-0.96031,0.278935
-0.917936,0.396729
-0.863481,0.504382
-0.799169,0.601106
-0.727126,0.686504
-0.649329,0.760508
-0.567574,0.823322
-0.48346,0.875366
-0.398377,0.917222
-0.313512,0.949584
-0.229856,0.973225
-0.148217,0.988955
-0.069238,0.9976
0.00658408,0.999978
0.0788805,0.996884
0.147392,0.989078
0.211954,0.97728
0.272477,0.962162
0.328935,0.944353
0.381353,0.924429
0.429799,0.902924
0.474371,0.880325
0.515191,0.857075
0.5524,0.833579
0.586151,0.810202
0.616605,0.787273
0.643925,0.765088
0.668277,0.743913
0.689819,0.723982
0.708707,0.705503
0.725087,0.688658
0.739093,0.673603
0.750849,0.660474
0.76046,0.649385
0.76802,0.640426
0.773603,0.633671
0.777263,0.629176
0.779039,0.626975
0.778949,0.627088
0.776989,0.629514
0.773138,0.634238
0.767354,0.641223
0.759578,0.650416
0.74973,0.661744
0.737713,0.675114
0.723417,0.690412
0.706715,0.707499
0.687468,0.726215
0.665528,0.746373
0.640739,0.767759
0.612939,0.79013
0.581964,0.813214
0.547655,0.836704
0.509856,0.86026
0.468421,0.883506
0.423221,0.906027
0.374147,0.92737
0.321119,0.947039
0.26409,0.964498
0.203059,0.979167
0.138076,0.990422
0.069257,0.997599
-0.00320653,0.999995
-0.0790303,0.996872
-0.157827,0.987467
-0.239086,0.970998
-0.322159,0.946686
-0.406242,0.913766
-0.490362,0.871519
-0.573365,0.8193
-0.653908,0.756574
-0.730454,0.682961
-0.801285,0.598283
-0.86451,0.502616
-0.918101,0.396346
-0.959935,0.280224
-0.987849,0.155416
-0.999723,0.0235487
-0.993565,-0.11326
-0.967627,-0.252384
-0.920519,-0.390697
-0.851345,-0.524607
-0.759833,-0.650119
-0.646465,-0.762943
-0.512602,-0.858626
-0.360564,-0.932735
-0.393881,-0.919162
-0.545879,-0.837864
-0.67822,-0.734859
-0.788608,-0.614896
-0.875779,-0.482712
-0.939391,-0.342847
-0.979899,-0.199494
-0.998409,-0.0563951
-0.996531,0.0832223
-0.976243,0.216681
-0.939752,0.341856
-0.889388,0.457154
-0.827494,0.561475
-0.756356,0.654161
-0.678134,0.734938
-0.594823,0.803856
-0.508221,0.861227
-0.419912,0.907565
-0.331267,0.943537
-0.243442,0.969916
-0.157394,0.987536
-0.0738954,0.997266
0.00644758,0.999979
0.0831785,0.996535
0.155969,0.987762
0.224599,0.974451
0.28894,0.957347
0.348944,0.937144
0.404623,0.914484
0.456038,0.88996
0.503295,0.864115
0.546528,0.837441
0.585892,0.810389
0.621564,0.783363
0.653728,0.756729
0.682577,0.730814
0.708301,0.705911
0.731093,0.682277
0.751139,0.660144
0.768616,0.63971
0.783691,0.621151
0.796517,0.604616
0.807233,0.590233
0.81596,0.578108
0.822802,0.568328
0.827843,0.56096
0.831145,0.556056
0.832749,0.55365
0.832678,0.553758
0.830927,0.556381
0.827474,0.561504
0.822273,0.569094
0.815255,0.579102
0.806334,0.591461
0.795401,0.606083
0.782332,0.622862
0.766983,0.641668
0.749197,0.662347
0.728805,0.684722
0.705625,0.708585
0.679473,0.733701
0.650155,0.759801
0.617481,0.786586
0.581263,0.813715
0.541323,0.840815
0.497495,0.867467
0.449634,0.893213
0.397621,0.91755
0.341373,0.939928
0.280849,0.959752
0.216059,0.97638
0.147082,0.989124
0.0740696,0.997253
-0.00273279,0.999996
-0.0829743,0.996552
-0.16618,0.986095
-0.251737,0.967796
-0.338872,0.940832
-0.426641,0.904421
-0.513914,0.857842
-0.599362,0.800478
-0.681458,0.731858
-0.758476,0.6517
-0.82851,0.559974
-0.889492,0.45695
-0.939242,0.343256
-0.975513,0.21994
-0.996075,0.0885089
-0.998798,-0.0490244
-0.98176,-0.190123
-0.943375,-0.331727
-0.88252,-0.470276
-0.798676,-0.601762
-0.692064,-0.721836
-0.563781,-0.825925
-0.41589,-0.909415
-0.443821,-0.896116
-0.591798,-0.806086
-0.718735,-0.695284
-0.822583,-0.568646
-0.902338,-0.43103
-0.957919,-0.287038
-0.990027,-0.140877
-0.999993,0.00374284
-0.989627,0.14366
-0.961074,0.276291
-0.916682,0.399617
-0.858886,0.512167
-0.790112,0.612963
-0.712699,0.70147
-0.62884,0.777534
-0.540545,0.841315
-0.44961,0.893225
-0.357605,0.933873
-0.26588,0.964006
-0.175564,0.984468
-0.0875797,0.996158
-0.00266425,0.999996
0.0786149,0.996905
0.155841,0.987782
0.228724,0.973491
0.297084,0.954851
0.360835,0.93263
0.419965,0.907541
0.474526,0.880241
0.524619,0.851337
0.570386,0.821377
0.611998,0.79086
0.649645,0.760237
0.683538,0.729915
0.713894,0.700254
0.740935,0.671577
0.764881,0.644171
0.785953,0.618287
0.804357,0.594146
0.820296,0.571939
0.833956,0.55183
0.845508,0.533963
0.855105,0.518455
0.862883,0.505404
0.868955,0.494891
0.873414,0.486978
0.876331,0.48171
0.87775,0.479119
0.877695,0.47922
0.876163,0.482014
0.87313,0.487488
0.868544,0.495612
0.862332,0.506343
0.854399,0.519618
0.844625,0.535359
0.832872,0.553465
0.818983,0.573818
0.802781,0.596274
0.784078,0.620663
0.76267,0.646788
0.738345,0.674423
0.710884,0.703309
0.680067,0.73315
0.645674,0.763613
0.607493,0.794325
0.565322,0.82487
0.518981,0.854786
0.468311,0.883564
0.41319,0.910645
0.353536,0.935421
0.289322,0.957232
0.220584,0.975368
0.147435,0.989072
0.0700802,0.997541
-0.011167,0.999938
-0.0958686,0.995394
-0.183446,0.98303
-0.27316,0.961969
-0.364092,0.931363
-0.455136,0.890422
-0.544981,0.838449
-0.632105,0.774883
-0.71478,0.699349
-0.791083,0.611709
-0.858911,0.512124
-0.91603,0.401109
-0.960118,0.279594
-0.988841,0.148977
-0.999938,0.0111653
-0.991331,-0.13139
-0.961246,-0.275692
-0.908349,-0.418213
-0.831889,-0.554942
-0.731842,-0.681475
-0.609052,-0.793131
-0.465343,-0.88513
-0.48836,-0.872642
-0.63235,-0.774683
-0.754023,-0.656848
-0.851567,-0.524246
-0.924224,-0.38185
-0.97216,-0.234317
-0.996307,-0.0858611
-0.998208,0.0598382
-0.97986,0.199686
-0.943566,0.331185
-0.891803,0.452424
-0.827107,0.562044
-0.751978,0.659188
-0.668805,0.743437
-0.579814,0.814749
-0.487023,0.873389
-0.392228,0.919868
-0.296988,0.954881
-0.202628,0.979256
-0.110252,0.993904
-0.0207484,0.999785
0.0651806,0.997873
0.147008,0.989135
0.224353,0.974508
0.296967,0.954888
0.364713,0.93112
0.427542,0.903995
0.485486,0.874244
0.538634,0.84254
0.587128,0.809494
0.631146,0.775664
0.670896,0.741551
0.706607,0.707606
0.738521,0.674231
0.766886,0.641783
0.791956,0.610578
0.813979,0.580894
0.8332,0.552972
0.849851,0.527022
0.864155,0.503226
0.876316,0.481738
0.886522,0.462687
0.894941,0.446185
0.901721,0.432319
0.906986,0.421161
0.910836,0.412768
0.913348,0.407181
0.914571,0.404426
0.914529,0.40452
0.913223,0.40746
0.910623,0.413238
0.906677,0.421827
0.901304,0.433187
0.894401,0.447266
0.88584,0.46399
0.875471,0.483271
0.86312,0.504998
0.848597,0.52904
0.831692,0.555238
0.81218,0.583407
0.789826,0.613331
0.764384,0.644761
0.735605,0.677411
0.703238,0.710954
0.667037,0.745024
0.626766,0.779207
0.582207,0.813041
0.533163,0.846013
0.479471,0.877558
0.42101,0.907056
0.357711,0.933832
0.289568,0.957157
0.216653,0.976249
0.139133,0.990274
0.0572805,0.998358
-0.0285046,0.999594
-0.117678,0.993052
-0.209533,0.977802
-0.30318,0.952933
-0.397535,0.917587
-0.491303,0.870989
-0.582972,0.812492
-0.67081,0.741629
-0.752876,0.658163
-0.827037,0.562147
-0.891008,0.453988
-0.942393,0.334507
-0.978763,0.204993
-0.997735,0.0672604
-0.997083,-0.0763283
-0.974856,-0.222836
-0.929522,-0.368767
-0.860111,-0.510108
-0.766366,-0.642404
-0.648897,-0.760877
-0.509298,-0.86059
-0.527912,-0.849299
-0.668028,-0.744136
-0.784641,-0.619951
-0.876165,-0.482011
-0.942078,-0.335394
-0.982774,-0.184814
-0.999405,-0.0344896
-0.993716,0.111932
-0.967879,0.251417
-0.924346,0.381556
-0.865716,0.500535
-0.79462,0.607107
-0.713627,0.700526
-0.625176,0.780484
-0.531517,0.847048
-0.434682,0.900584
-0.336464,0.941696
-0.238411,0.971164
-0.141825,0.989892
-0.0477814,0.998858
0.0428613,0.999081
0.129439,0.991587
0.211461,0.977386
0.288589,0.957453
0.360615,0.932715
0.42744,0.904044
0.489059,0.872251
0.545544,0.838082
0.597026,0.802222
0.643685,0.765291
0.685738,0.727849
0.72343,0.690398
0.757024,0.653387
0.786798,0.617211
0.81303,0.582222
0.836002,0.548726
0.855992,0.516989
0.873266,0.487244
0.888082,0.459685
0.90068,0.434484
0.911283,0.411781
0.920094,0.391696
0.927296,0.374328
0.933047,0.359755
0.937479,0.348041
0.940702,0.339234
0.942796,0.333371
0.943815,0.330476
0.943785,0.330559
0.942706,0.333624
0.940549,0.339659
0.937255,0.348644
0.932742,0.360545
0.926897,0.375316
0.919585,0.392892
0.910643,0.413195
0.899885,0.436127
0.887106,0.461566
0.872077,0.489369
0.854554,0.519362
0.834278,0.551343
0.81098,0.585074
0.78438,0.62028
0.754199,0.656646
0.720159,0.693809
0.681987,0.731365
0.639428,0.768851
0.592249,0.805755
0.540245,0.841507
0.483255,0.875479
0.421167,0.906983
0.353934,0.93527
0.281586,0.959536
0.204247,0.978919
0.122149,0.992512
0.0356567,0.999364
-0.0547253,0.998501
-0.148321,0.988939
-0.24427,0.969707
-0.341511,0.939878
-0.438767,0.898601
-0.534531,0.845149
-0.627072,0.778961
-0.71443,0.699707
-0.794444,0.607337
-0.864779,0.502153
-0.92297,0.384873
-0.966495,0.256684
-0.992858,0.119306
-0.999688,-0.0249745
-0.984872,-0.173283
-0.946688,-0.322153
-0.883958,-0.467566
-0.796209,-0.605022
-0.683824,-0.729647
-0.548185,-0.836357
-0.562919,-0.826512
-0.699329,-0.7148
-0.811131,-0.584864
-0.896951,-0.44213
-0.956487,-0.291776
-0.990353,-0.138565
-0.999912,0.0132775
-0.987095,0.160134
-0.954243,0.299032
-0.90395,0.427638
-0.838929,0.544242
-0.761902,0.647693
-0.675503,0.737357
-0.582218,0.813033
-0.484323,0.874889
-0.383861,0.923391
-0.282623,0.959231
-0.182143,0.983272
-0.0837036,0.996491
0.0116486,0.999932
0.103088,0.994672
0.189986,0.981787
0.27189,0.962328
0.348503,0.937308
0.419655,0.907683
0.485296,0.87435
0.545457,0.838139
0.600253,0.79981
0.649856,0.760057
0.694487,0.719506
0.7344,0.678717
0.769877,0.638193
0.801216,0.598376
0.828725,0.559655
0.852718,0.522372
0.873502,0.486821
0.89138,0.453257
0.906643,0.421898
0.919569,0.392928
0.930418,0.366501
0.939428,0.342747
0.946817,0.321772
0.952779,0.303663
0.957484,0.288488
0.961071,0.276302
0.963656,0.267145
0.965325,0.261049
0.966136,0.258033
0.966116,0.258107
0.965265,0.261273
0.963551,0.267523
0.960916,0.27684
0.95727,0.289195
0.952496,0.30455
0.94645,0.322851
0.938959,0.34403
0.929826,0.368
0.91883,0.394655
0.905727,0.423862
0.890254,0.455464
0.872131,0.489272
0.851064,0.525062
0.826748,0.562572
0.798874,0.601498
0.767132,0.641489
0.731216,0.682146
0.690835,0.723012
0.645718,0.763576
0.595618,0.803268
0.540334,0.84145
0.479712,0.877426
0.413662,0.910431
0.34217,0.939638
0.265319,0.964161
0.183301,0.983057
0.0964377,0.995339
0.00520032,0.999986
-0.0897705,0.995963
-0.187643,0.982237
-0.287381,0.957816
-0.387722,0.921777
-0.487167,0.873309
-0.583982,0.811766
-0.676196,0.736722
-0.761613,0.648032
-0.837853,0.545896
-0.902385,0.43093
-0.952599,0.304228
-0.985886,0.167419
-0.999742,0.022715
-0.991895,-0.127063
-0.960443,-0.278478
-0.904013,-0.427504
-0.821923,-0.569598
-0.714347,-0.699792
-0.582462,-0.812858
-0.593833,-0.804588
-0.72674,-0.686912
-0.834004,-0.551758
-0.914447,-0.404705
-0.967981,-0.251025
-0.995426,-0.0955323
-0.998343,0.0575402
-0.978845,0.204603
-0.93943,0.34274
-0.882828,0.469696
-0.811863,0.583847
-0.729343,0.684148
-0.637967,0.770064
-0.54026,0.841498
-0.438529,0.898717
-0.334826,0.94228
-0.230937,0.972969
-0.128384,0.991724
-0.0284303,0.999596
0.067907,0.997692
0.159834,0.987144
0.246758,0.969077
0.328267,0.944585
0.404104,0.914713
0.474143,0.880448
0.53837,0.842709
0.596866,0.802341
0.649785,0.760118
0.697338,0.716742
0.739787,0.672841
0.777425,0.628976
0.810568,0.585644
0.839551,0.543281
0.864712,0.502267
0.886393,0.462933
0.904931,0.425559
0.920651,0.390387
0.933867,0.357621
0.944876,0.327428
0.953955,0.29995
0.961358,0.275301
0.967316,0.253574
0.972033,0.234843
0.975688,0.219166
0.978428,0.206589
0.980375,0.197143
0.981618,0.190855
0.982219,0.187738
0.982207,0.187803
0.98158,0.19105
0.980308,0.197473
0.978328,0.207059
0.975548,0.219788
0.971844,0.235626
0.967065,0.254531
0.961029,0.276446
0.95353,0.301297
0.944333,0.328991
0.93318,0.35941
0.919789,0.392412
0.903862,0.427824
0.885081,0.465436
0.863118,0.505002
0.837634,0.546231
0.808291,0.588784
0.774748,0.63227
0.736681,0.67624
0.693778,0.720189
0.645757,0.763543
0.592374,0.805663
0.53343,0.845844
0.468794,0.883307
0.39841,0.917207
0.322317,0.946632
0.240663,0.970609
0.153731,0.988113
0.0619542,0.998079
-0.03406,0.99942
-0.133511,0.991047
-0.235387,0.971902
-0.33844,0.940988
-0.441183,0.897417
-0.541878,0.840457
-0.638538,0.769591
-0.72894,0.684578
-0.810656,0.585522
-0.881092,0.472944
-0.937553,0.347842
-0.977321,0.211764
-0.997763,0.0668512
-0.996455,-0.0841274
-0.971324,-0.237759
-0.92081,-0.390011
-0.844032,-0.536292
-0.740966,-0.671543
-0.612598,-0.790395
-0.621098,-0.783733
-0.750724,-0.660616
-0.853731,-0.520715
-0.92913,-0.369754
-0.97703,-0.213102
-0.998452,-0.0556229
-0.995143,0.098442
-0.969389,0.24553
-0.923841,0.382776
-0.861359,0.507997
-0.784871,0.61966
-0.697268,0.71681
-0.601312,0.799015
-0.499571,0.866273
-0.394373,0.91895
-0.287781,0.957696
-0.181581,0.983376
-0.0772794,0.997009
0.0238819,0.999715
0.120913,0.992663
0.213053,0.977041
0.299746,0.954019
0.380619,0.924732
0.455457,0.890258
0.524175,0.85161
0.586805,0.809728
0.643467,0.765474
0.694357,0.719631
0.739729,0.672904
0.779882,0.625926
0.815148,0.579252
0.845878,0.533376
0.872439,0.488722
0.895201,0.445663
0.914532,0.404513
0.930795,0.36554
0.94434,0.328972
0.955499,0.294994
0.964588,0.26376
0.9719,0.235394
0.977702,0.209998
0.982236,0.187649
0.985717,0.168409
0.988331,0.152324
0.990232,0.13943
0.991546,0.129753
0.992368,0.12331
0.99276,0.120112
0.992754,0.120167
0.992348,0.123476
0.991509,0.130034
0.990175,0.139834
0.988248,0.15286
0.985601,0.169087
0.982076,0.188484
0.977485,0.211005
0.97161,0.236587
0.964206,0.265153
0.955002,0.296601
0.943699,0.330805
0.929981,0.367606
0.913511,0.406814
0.893935,0.448196
0.870891,0.491476
0.84401,0.536328
0.81292,0.582375
0.777263,0.629176
0.73669,0.676231
0.690881,0.722968
0.639549,0.76875
0.582457,0.812861
0.519429,0.854514
0.450363,0.892846
0.375256,0.926921
0.294215,0.955739
0.207481,0.978239
0.115448,0.993314
0.0186879,0.999825
-0.0820288,0.99663
-0.185713,0.982604
-0.291139,0.956681
-0.396823,0.917895
-0.501029,0.865431
-0.601754,0.798681
-0.696749,0.717315
-0.78354,0.621341
-0.85947,0.511187
-0.921759,0.387763
-0.967587,0.252536
-0.994196,0.107582
-0.999015,-0.044376
-0.979806,-0.199949
-0.93483,-0.355096
-0.863017,-0.505174
-0.764154,-0.645033
-0.639049,-0.769166
-0.645135,-0.764069
-0.771706,-0.63598
-0.870737,-0.491748
-0.941418,-0.337242
-0.984044,-0.177927
-0.999825,-0.0187113
-0.990688,0.13615
-0.959085,0.283117
-0.907812,0.419377
-0.839852,0.542815
-0.758238,0.651978
-0.665938,0.746007
-0.565775,0.824559
-0.460358,0.887733
-0.352037,0.935986
-0.242885,0.970055
-0.134683,0.990889
-0.0289264,0.999582
0.0731654,0.99732
0.17063,0.985335
0.262741,0.964866
0.34898,0.93713
0.429012,0.903299
0.502665,0.864481
0.569896,0.821717
0.630778,0.775963
0.685476,0.728095
0.734226,0.678905
0.777323,0.629102
0.815104,0.579315
0.847937,0.530097
0.876209,0.481932
0.900316,0.435237
0.920658,0.39037
0.937632,0.347631
0.951621,0.307274
0.962998,0.269508
0.972115,0.234503
0.979304,0.202397
0.984869,0.173298
0.989093,0.147291
0.992227,0.124441
0.994494,0.104795
0.996086,0.0883897
0.997165,0.0752493
0.99786,0.0653919
0.998268,0.058829
0.998455,0.0555682
0.998452,0.0556138
0.99826,0.0589671
0.997844,0.0656269
0.997139,0.0755881
0.996046,0.0888417
0.994433,0.105372
0.992137,0.125156
0.988963,0.148161
0.984686,0.174337
0.97905,0.203621
0.971771,0.235927
0.962538,0.271145
0.951018,0.309135
0.936854,0.349721
0.919671,0.392689
0.899083,0.437778
0.874692,0.484679
0.8461,0.533024
0.812911,0.582388
0.774746,0.632273
0.731243,0.682117
0.682077,0.73128
0.62697,0.779044
0.565701,0.824611
0.498127,0.867104
0.4242,0.905569
0.343983,0.938976
0.257677,0.966231
0.165636,0.986187
0.068397,0.997658
-0.0333016,0.999445
-0.138497,0.990363
-0.245979,0.969275
-0.354276,0.935141
-0.461652,0.887061
-0.566088,0.824345
-0.665308,0.746569
-0.756794,0.653653
-0.837829,0.545932
-0.905553,0.424233
-0.957043,0.289947
-0.989419,0.145086
-0.999971,-0.00767262
-0.986301,-0.164957
-0.946497,-0.322711
-0.879312,-0.476246
-0.784351,-0.620318
-0.662251,-0.749282
-0.666334,-0.745654
-0.790072,-0.613015
-0.885402,-0.464826
-0.951678,-0.307099
-0.989375,-0.145387
-0.999882,0.0153485
-0.985298,0.170842
-0.948233,0.317576
-0.891622,0.45278
-0.818568,0.574409
-0.732202,0.681088
-0.63557,0.772043
-0.531551,0.847026
-0.422792,0.906227
-0.311666,0.950192
-0.200255,0.979744
-0.0903351,0.995911
0.0166102,0.999862
0.119385,0.992848
0.217057,0.976159
0.30893,0.951085
0.394524,0.918886
0.473544,0.88077
0.54586,0.837876
0.611472,0.791266
0.670496,0.741914
0.723135,0.690706
0.769671,0.638441
0.810435,0.585829
0.845803,0.533495
0.876177,0.48199
0.901976,0.431786
0.923629,0.383287
0.941563,0.336837
0.956197,0.292724
0.96794,0.251182
0.977182,0.212405
0.984292,0.176546
0.989618,0.143724
0.993477,0.114034
0.996161,0.0875423
0.997931,0.0643011
0.999016,0.0443445
0.999616,0.0276967
0.999897,0.014373
0.99999,0.00438303
0.999997,-0.0022679
0.999984,-0.00557591
0.999985,-0.00553927
0.999998,-0.00215624
0.99999,0.00457368
0.999893,0.0146499
0.999606,0.0280691
0.998995,0.0448241
0.997892,0.0649017
0.996096,0.0882796
0.993374,0.114923
0.989463,0.144783
0.984068,0.17779
0.976866,0.21385
0.967508,0.252839
0.95562,0.294601
0.940809,0.338938
0.922662,0.385608
0.900761,0.434316
0.874676,0.484708
0.843981,0.536372
0.808263,0.588822
0.767125,0.641498
0.720202,0.693765
0.667174,0.744902
0.60778,0.794105
0.541833,0.840486
0.469241,0.88307
0.390025,0.920804
0.304344,0.952562
0.212511,0.977159
0.115027,0.993362
0.0125994,0.999921
-0.0938353,0.995588
-0.203087,0.979161
-0.313695,0.949524
-0.423919,0.9057
-0.531732,0.846912
-0.634832,0.772651
-0.730657,0.682745
-0.816429,0.577445
-0.889212,0.457495
-0.945985,0.324211
-0.98375,0.179547
-0.999658,0.0261395
-0.991162,-0.132656
-0.956183,-0.292769
-0.893301,-0.449458
-0.80195,-0.597391
-0.682609,-0.730784
-0.685047,-0.728499
-0.806164,-0.591692
-0.898054,-0.439885
-0.960226,-0.279224
-0.993324,-0.115356
-0.998909,0.0467084
-0.979242,0.202696
-0.937084,0.349104
-0.875506,0.483208
-0.797722,0.603025
-0.70696,0.707253
-0.60634,0.795206
-0.498793,0.866721
-0.387006,0.922077
-0.273371,0.961909
-0.159979,0.98712
-0.0486008,0.998818
0.0592955,0.99824
0.162536,0.986703
0.260215,0.965551
0.351672,0.936123
0.436464,0.899722
0.514338,0.857587
0.585201,0.810888
0.649097,0.760705
0.706184,0.708028
0.756709,0.653752
0.800989,0.598679
0.839396,0.543521
0.872342,0.488896
0.900262,0.435349
0.923607,0.38334
0.942834,0.333262
0.958396,0.285443
0.970735,0.240154
0.98028,0.197614
0.98744,0.157997
0.992599,0.121441
0.996116,0.0880474
0.998323,0.0578931
0.999518,0.0310312
0.999972,0.00749775
0.99992,-0.012685
0.999565,-0.0295046
0.999077,-0.0429556
0.998593,-0.0530361
0.998214,-0.0597466
0.998008,-0.0630877
0.99801,-0.0630593
0.998219,-0.0596597
0.998601,-0.0528868
0.999086,-0.042737
0.999573,-0.0292073
0.999924,-0.0122973
0.999968,0.00798962
0.999499,0.0316426
0.998279,0.0586408
0.996036,0.0889484
0.992467,0.122512
0.987237,0.159255
0.979985,0.199071
0.970321,0.241822
0.957832,0.287327
0.942089,0.335362
0.922646,0.385649
0.899048,0.43785
0.870841,0.491565
0.837577,0.546319
0.798826,0.601562
0.754187,0.65666
0.703297,0.710896
0.645857,0.763458
0.581637,0.813449
0.510501,0.859877
0.432427,0.901669
0.347532,0.937668
0.256091,0.966653
0.158566,0.987348
0.0556341,0.998451
-0.0517964,0.998658
-0.162555,0.9867
-0.275193,0.961389
-0.387969,0.921672
-0.498847,0.86669
-0.605499,0.795846
-0.705324,0.708885
-0.795485,0.605973
-0.87297,0.487775
-0.934663,0.355535
-0.977453,0.211151
-0.998361,0.057222
-0.994691,-0.102911
-0.964204,-0.26516
-0.905318,-0.424735
-0.817302,-0.576209
-0.700489,-0.713663
-0.701586,-0.712584
-0.820282,-0.571959
-0.908978,-0.416845
-0.967331,-0.253516
-0.996146,-0.0877076
-0.997144,0.0755216
-0.972743,0.231884
-0.925848,0.377897
-0.859656,0.510873
-0.777494,0.62889
-0.682676,0.730722
-0.578394,0.815758
-0.467632,0.883923
-0.353109,0.935582
-0.237242,0.971451
-0.122122,0.992515
-0.00951888,0.999955
0.0991156,0.995076
0.20263,0.979255
0.300147,0.953893
0.391042,0.920373
0.474909,0.880035
0.551531,0.834154
0.620859,0.783922
0.682979,0.730438
0.738086,0.674707
0.78647,0.617629
0.828487,0.560009
0.864545,0.502555
0.89509,0.445885
0.920591,0.390529
0.941527,0.336937
0.958382,0.28549
0.971632,0.236499
0.981742,0.190218
0.989159,0.146849
0.994307,0.106549
0.997586,0.0694375
0.999366,0.0356002
0.999987,0.00509657
0.999757,-0.0220352
0.998952,-0.045773
0.997813,-0.0661074
0.996546,-0.0830374
0.995327,-0.0965665
0.994291,-0.106701
0.993544,-0.113446
0.993155,-0.116807
0.993157,-0.116787
0.993551,-0.113382
0.994303,-0.10659
0.995343,-0.0964016
0.996565,-0.0828096
0.997832,-0.0658053
0.99897,-0.0453826
0.999768,-0.021541
0.999984,0.00571075
0.999339,0.0363522
0.997523,0.0703448
0.994191,0.107629
0.98897,0.148115
0.981457,0.191683
0.971223,0.238172
0.957819,0.287374
0.940777,0.339027
0.919619,0.392812
0.893863,0.448341
0.863031,0.505152
0.826658,0.562704
0.784309,0.620371
0.735584,0.677433
0.680142,0.73308
0.617712,0.786404
0.548117,0.836402
0.471292,0.881977
0.387314,0.921948
0.296416,0.955059
0.199025,0.979994
0.0957846,0.995402
-0.0124253,0.999923
-0.124453,0.992226
-0.238861,0.971054
-0.353915,0.935278
-0.467565,0.883959
-0.577458,0.81642
-0.680959,0.732322
-0.775174,0.631748
-0.857018,0.515286
-0.923285,0.384115
-0.970754,0.240077
-0.996318,0.0857362
-0.99714,-0.0755789
-0.970831,-0.239764
-0.91565,-0.401977
-0.830714,-0.556699
-0.716211,-0.697883
-0.716223,-0.697871
-0.83268,-0.553754
-0.918415,-0.395619
-0.973222,-0.229866
-0.998056,-0.0623157
-0.994792,0.101928
-0.965994,0.258565
-0.914704,0.404124
-0.844241,0.535963
-0.758036,0.652213
-0.659488,0.751715
-0.551855,0.83394
-0.438174,0.89889
-0.321192,0.947014
-0.203345,0.979107
-0.0867314,0.996232
0.0268869,0.999638
0.136073,0.990699
0.239698,0.970847
0.336915,0.941535
0.427132,0.904189
0.509977,0.860188
0.585276,0.810834
0.653019,0.757341
0.713331,0.700827
0.766448,0.642306
0.812698,0.582685
0.852475,0.522768
0.886221,0.463262
0.914416,0.404776
0.937558,0.34783
0.956154,0.292864
0.970713,0.240241
0.981734,0.190257
0.989701,0.143151
0.995077,0.0991068
0.998301,0.0582638
0.999785,0.0207234
0.99991,-0.013445
0.999023,-0.0441976
0.99744,-0.0715115
0.995441,-0.0953778
0.993273,-0.1158
0.991145,-0.132787
0.989233,-0.146352
0.987677,-0.156508
0.986582,-0.163268
0.986018,-0.166639
0.98602,-0.166625
0.986589,-0.163225
0.987689,-0.156432
0.98925,-0.146236
0.991167,-0.132623
0.993299,-0.115576
0.99547,-0.0950808
0.997467,-0.0711256
0.999044,-0.0437071
0.999918,-0.0128317
0.999769,0.0214773
0.998248,0.0591761
0.994968,0.100193
0.989516,0.144425
0.981448,0.191729
0.970297,0.241916
0.955577,0.29474
0.936787,0.3499
0.913419,0.407021
0.884966,0.465656
0.850934,0.525273
0.810851,0.585252
0.764284,0.64488
0.710852,0.703342
0.650244,0.759725
0.582242,0.813015
0.506742,0.862098
0.423777,0.905766
0.333544,0.942735
0.236431,0.971648
0.13305,0.991109
0.0242533,0.999706
-0.0888289,0.996047
-0.204773,0.978809
-0.321846,0.946792
-0.437991,0.898979
-0.550833,0.834615
-0.657701,0.753279
-0.755648,0.654978
-0.841522,0.540223
-0.912027,0.410131
-0.963838,0.26649
-0.993727,0.111832
-0.998723,-0.050526
-0.976291,-0.216462
-0.924541,-0.381082
-0.842445,-0.538782
-0.730057,-0.683386
-0.729185,-0.684316
-0.843574,-0.537013
-0.926568,-0.376127
-0.978091,-0.208178
-0.999237,-0.039068
-0.992023,0.126056
-0.959156,0.282878
-0.903804,0.427946
-0.829403,0.558651
-0.739479,0.673179
-0.637515,0.770438
-0.526831,0.84997
-0.410507,0.911858
-0.291325,0.956624
-0.171736,0.985143
-0.0538397,0.99855
0.0606062,0.998162
0.170182,0.985413
0.273782,0.961792
0.370586,0.928798
0.460036,0.8879
0.541797,0.840509
0.615733,0.787955
0.681871,0.731473
0.740375,0.672194
0.791522,0.611141
0.835674,0.549226
0.873261,0.487253
0.904759,0.425924
0.930679,0.365837
0.951546,0.307506
0.967895,0.251355
0.980256,0.197733
0.989148,0.146921
0.995074,0.0991395
0.998511,0.0545553
0.999912,0.0132916
0.999698,-0.0245677
0.99826,-0.0589693
0.995952,-0.0898848
0.993096,-0.117306
0.989976,-0.141236
0.986841,-0.161692
0.983905,-0.178692
0.981344,-0.192258
0.979301,-0.20241
0.97788,-0.209166
0.977153,-0.212537
0.977155,-0.21253
0.977885,-0.209142
0.97931,-0.202365
0.981359,-0.192186
0.983924,-0.178585
0.986866,-0.161539
0.990006,-0.141024
0.99313,-0.117019
0.995986,-0.0895069
0.998288,-0.0584829
0.999713,-0.023955
0.999901,0.0140489
0.99846,0.0554741
0.994964,0.100234
0.988957,0.148204
0.979957,0.19921
0.967459,0.253028
0.950942,0.30937
0.929874,0.367878
0.903723,0.428117
0.871966,0.489567
0.834098,0.551616
0.789652,0.613555
0.73821,0.674571
0.679425,0.733745
0.613038,0.790053
0.538906,0.842366
0.457021,0.889456
0.367543,0.930007
0.270825,0.962629
0.167444,0.985882
0.0582267,0.998303
-0.0557195,0.998446
-0.172984,0.984925
-0.291837,0.956468
-0.410217,0.911988
-0.52573,0.850652
-0.635668,0.771962
-0.737039,0.675851
-0.826621,0.562759
-0.901037,0.433741
-0.956864,0.290537
-0.990758,0.135644
-0.999618,-0.0276282
-0.980775,-0.195142
-0.932195,-0.361955
-0.852715,-0.522377
-0.742265,-0.670107
-0.740662,-0.671877
-0.853144,-0.521676
-0.933608,-0.358296
-0.982099,-0.188366
-0.99984,-0.0178656
-0.988985,0.148015
-0.952369,0.304949
-0.893282,0.449498
-0.815265,0.579088
-0.72194,0.691955
-0.616862,0.787071
-0.503412,0.864047
-0.384712,0.923037
-0.263572,0.96464
-0.142456,0.989801
-0.0234702,0.999725
0.0916396,0.995792
0.201467,0.979495
0.304931,0.952375
0.401238,0.915974
0.489862,0.8718
0.570504,0.821295
0.643064,0.765813
0.707606,0.706607
0.764332,0.644822
0.813554,0.581489
0.855671,0.51752
0.891145,0.453719
0.920485,0.390779
0.944227,0.329295
0.962926,0.269766
0.977139,0.212603
0.987416,0.158142
0.994297,0.106647
0.998298,0.0583216
0.999911,0.0133169
0.999601,-0.0282615
0.997797,-0.0663451
0.994897,-0.100897
0.991263,-0.131903
0.987219,-0.159369
0.983055,-0.183312
0.979022,-0.203756
0.975334,-0.220734
0.972171,-0.234272
0.969675,-0.244399
0.967951,-0.251138
0.967072,-0.254502
0.967073,-0.2545
0.967953,-0.25113
0.969679,-0.244382
0.972179,-0.23424
0.975347,-0.220678
0.97904,-0.203667
0.98308,-0.183175
0.987251,-0.159171
0.991299,-0.131628
0.994934,-0.100526
0.997829,-0.0658613
0.999618,-0.0276457
0.999901,0.0140813
0.998243,0.0592506
0.994178,0.107753
0.987208,0.159435
0.976815,0.214086
0.962457,0.271435
0.943582,0.33114
0.919633,0.39278
0.890059,0.455846
0.854328,0.519735
0.811939,0.583743
0.762441,0.647058
0.70545,0.70876
0.64067,0.767817
0.567918,0.823085
0.487152,0.873317
0.398491,0.917172
0.302255,0.953227
0.19899,0.980002
0.0894933,0.995987
-0.0251484,0.999684
-0.143538,0.989645
-0.263952,0.964536
-0.384324,0.923198
-0.502241,0.864728
-0.614965,0.788554
-0.719457,0.694537
-0.812436,0.58305
-0.890445,0.45509
-0.949968,0.312348
-0.987552,0.157292
-0.999977,-0.00677834
-0.984442,-0.175708
-0.938784,-0.344506
-0.861709,-0.507404
-0.753032,-0.657984
-0.750812,-0.660516
-0.861538,-0.507693
-0.939677,-0.342063
-0.985382,-0.170357
-0.999999,0.00137368
-0.985804,0.167899
-0.945754,0.324883
-0.883251,0.468901
-0.801937,0.597408
-0.705519,0.708691
-0.597621,0.801779
-0.48168,0.876347
-0.360856,0.932621
-0.237985,0.971269
-0.115543,0.993303
0.00436312,0.99999
0.119993,0.992775
0.229959,0.9732
0.333199,0.942856
0.428951,0.903328
0.516718,0.856156
0.596233,0.802811
0.667432,0.74467
0.730414,0.683004
0.785418,0.618966
0.832789,0.553591
0.872958,0.487795
0.906419,0.422379
0.93371,0.358031
0.955394,0.295335
0.972049,0.234779
0.984254,0.176762
0.992579,0.121603
0.997578,0.0695529
0.999784,0.020799
0.999699,-0.0245244
0.997798,-0.0663269
0.994519,-0.104557
0.990266,-0.13919
0.985405,-0.170229
0.980265,-0.19769
0.975137,-0.221601
0.970276,-0.242002
0.965897,-0.258927
0.962179,-0.272417
0.959266,-0.282503
0.957265,-0.289213
0.956246,-0.292564
0.956245,-0.292567
0.957263,-0.28922
0.959264,-0.282511
0.962179,-0.272419
0.9659,-0.258917
0.970284,-0.241968
0.975153,-0.221533
0.980289,-0.197571
0.985436,-0.170045
0.990303,-0.138923
0.994558,-0.104189
0.99783,-0.0658394
0.999714,-0.0238998
0.999767,0.0215768
0.997512,0.0704978
0.992441,0.122726
0.984018,0.178067
0.971688,0.236266
0.954879,0.296997
0.93301,0.35985
0.905508,0.424329
0.871812,0.489841
0.831392,0.555687
0.783764,0.621059
0.72851,0.685035
0.665301,0.746575
0.593916,0.804527
0.514278,0.857624
0.42647,0.904502
0.330778,0.943709
0.227717,0.973727
0.118059,0.993007
0.00286837,0.999996
-0.116472,0.993194
-0.238245,0.971205
-0.360379,0.932806
-0.480447,0.877024
-0.595683,0.803219
-0.703006,0.711184
-0.799075,0.601232
-0.880364,0.474298
-0.943268,0.332033
-0.984233,0.176875
-0.999927,0.0121151
-0.987427,-0.158075
-0.944447,-0.328663
-0.869575,-0.493802
-0.76252,-0.646965
-0.759758,-0.650206
-0.868877,-0.495029
-0.944892,-0.327382
-0.988056,-0.154095
-0.999825,0.0187161
-0.98259,0.185788
-0.939419,0.342772
-0.873817,0.486255
-0.789519,0.613726
-0.690309,0.723514
-0.579878,0.814704
-0.461709,0.887032
-0.338999,0.940787
-0.214609,0.9767
-0.0910231,0.995849
0.02965,0.99956
0.145679,0.989332
0.255691,0.966758
0.358647,0.933473
0.453809,0.891099
0.540711,0.841208
0.619118,0.785298
0.688996,0.724765
0.750482,0.660891
0.803842,0.594842
0.849458,0.527657
0.887789,0.46025
0.919358,0.393421
0.94473,0.32785
0.964492,0.264111
0.979244,0.202683
0.989585,0.143951
0.996101,0.0882199
0.999362,0.0357258
0.999911,-0.0133589
0.998263,-0.0589152
0.9949,-0.100868
0.990267,-0.13918
0.984774,-0.17384
0.97879,-0.204865
0.972648,-0.232282
0.966642,-0.256132
0.961025,-0.276461
0.956016,-0.293315
0.951793,-0.30674
0.948501,-0.316773
0.946246,-0.323447
0.9451,-0.326782
0.945097,-0.326789
0.94624,-0.323467
0.948492,-0.316803
0.951783,-0.306773
0.956007,-0.293345
0.96102,-0.276477
0.966644,-0.256123
0.97266,-0.232233
0.978812,-0.204761
0.984805,-0.173665
0.990304,-0.138914
0.994938,-0.100494
0.998292,-0.0584158
0.999919,-0.0127169
0.999333,0.0365252
0.996015,0.0891882
0.989418,0.145095
0.97897,0.204004
0.964082,0.265604
0.944156,0.329499
0.918593,0.395205
0.886809,0.462136
0.848246,0.529603
0.802391,0.596799
0.748795,0.662802
0.687094,0.726568
0.617037,0.786934
0.538509,0.84262
0.451563,0.892239
0.356452,0.934314
0.253661,0.967293
0.143936,0.989587
0.0283216,0.999599
-0.0918142,0.995776
-0.214761,0.976667
-0.338443,0.940987
-0.460422,0.8877
-0.577905,0.816104
-0.687773,0.725925
-0.786635,0.617419
-0.870895,0.491469
-0.936868,0.349684
-0.980907,0.194475
-0.999576,0.0291253
-0.989841,-0.14218
-0.949301,-0.314367
-0.876436,-0.481518
-0.770857,-0.637008
-0.767598,-0.640931
-0.875258,-0.483657
-0.94935,-0.314221
-0.990217,-0.139539
-0.999415,0.034213
-0.979439,0.20174
-0.933458,0.358686
-0.865073,0.501646
-0.7781,0.628141
-0.676394,0.73654
-0.563706,0.825976
-0.443563,0.896243
-0.319196,0.947689
-0.193483,0.981104
-0.0689195,0.997622
0.0523862,0.998627
0.168713,0.985665
0.278702,0.960378
0.381333,0.924438
0.475895,0.879502
0.561948,0.827172
0.639288,0.768967
0.707911,0.706302
0.767984,0.640469
0.819804,0.572644
0.863781,0.503868
0.900404,0.435054
0.930221,0.366999
0.953821,0.300375
0.971814,0.235749
0.984819,0.173587
0.993451,0.114263
0.998313,0.0580687
0.999986,0.0052257
0.999027,-0.0441078
0.995957,-0.0898267
0.991267,-0.13187
0.985407,-0.170213
0.978791,-0.20486
0.971793,-0.235836
0.964746,-0.263183
0.957946,-0.286949
0.951649,-0.307189
0.946071,-0.323958
0.941394,-0.337308
0.937761,-0.347281
0.935278,-0.353914
0.934016,-0.35723
0.934012,-0.357241
0.935266,-0.353945
0.937743,-0.347329
0.941373,-0.337368
0.946049,-0.324022
0.95163,-0.307248
0.957933,-0.286991
0.964743,-0.263194
0.971801,-0.235803
0.978811,-0.204765
0.985437,-0.170039
0.991303,-0.131597
0.995992,-0.0894381
0.99905,-0.0435865
0.999983,0.00589515
0.998264,0.058899
0.993335,0.115262
0.984611,0.174758
0.971488,0.237088
0.953349,0.301869
0.929576,0.36863
0.899563,0.436792
0.862725,0.505674
0.818525,0.574471
0.766482,0.642265
0.706207,0.708006
0.637412,0.770523
0.559954,0.828524
0.473854,0.880603
0.379336,0.925259
0.276857,0.960911
0.167139,0.985933
0.0512062,0.998688
-0.0695877,0.997576
-0.193538,0.981093
-0.318569,0.9479
-0.44223,0.896902
-0.561706,0.827337
-0.673842,0.738875
-0.775201,0.631715
-0.862127,0.506693
-0.930859,0.365379
-0.977667,0.210159
-0.999018,0.0443098
-0.991778,-0.127973
-0.953442,-0.301575
-0.882391,-0.470517
-0.778148,-0.628081
-0.77441,-0.632684
-0.880759,-0.473564
-0.953131,-0.302558
-0.991946,-0.12666
-0.998852,0.0479039
-0.976436,0.215806
-0.927958,0.372686
-0.857101,0.515148
-0.767758,0.64074
-0.663849,0.747867
-0.549174,0.835708
-0.427303,0.904109
-0.301494,0.953468
-0.174642,0.984632
-0.0492518,0.998786
0.0725709,0.997363
0.189111,0.981956
0.299026,0.954245
0.401315,0.91594
0.495289,0.868728
0.580532,0.814237
0.656867,0.754006
0.724322,0.689462
0.783086,0.621914
0.833488,0.552537
0.875964,0.482377
0.911026,0.412349
0.939247,0.343241
0.961238,0.275722
0.977627,0.210348
0.989051,0.147575
0.996141,0.0877669
0.999513,0.0312025
0.99976,-0.0219096
0.997446,-0.0714243
0.993102,-0.11725
0.987224,-0.159338
0.980267,-0.197676
0.972649,-0.232279
0.964746,-0.263184
0.956893,-0.290442
0.949387,-0.31411
0.942484,-0.334252
0.936402,-0.35093
0.931321,-0.364199
0.927384,-0.37411
0.924699,-0.380699
0.923336,-0.383994
0.92333,-0.384008
0.924682,-0.380739
0.927359,-0.374173
0.931289,-0.364281
0.936367,-0.351023
0.94245,-0.334347
0.949358,-0.314196
0.956873,-0.290505
0.964738,-0.263211
0.972655,-0.232253
0.980287,-0.197579
0.987254,-0.159153
0.993137,-0.116958
0.997476,-0.0710089
0.999772,-0.0213544
0.999491,0.0319112
0.996064,0.0886376
0.988896,0.148612
0.977367,0.211549
0.960848,0.277077
0.9387,0.344734
0.910299,0.413952
0.875037,0.484055
0.832354,0.554245
0.781742,0.623601
0.722785,0.691073
0.655166,0.755485
0.578716,0.815529
0.493426,0.869788
0.399491,0.916737
0.297345,0.95477
0.187686,0.982229
0.0715207,0.997439
-0.0498113,0.998759
-0.174612,0.984637
-0.300805,0.953686
-0.42593,0.904756
-0.547153,0.837033
-0.661288,0.750133
-0.764853,0.644205
-0.85414,0.520042
-0.925323,0.37918
-0.974594,0.22398
-0.998333,0.0577111
-0.993317,-0.115418
-0.956948,-0.290259
-0.887516,-0.460777
-0.784468,-0.620169
-0.78025,-0.625468
-0.885443,-0.464748
-0.956301,-0.292384
-0.993314,-0.11544
-0.99821,0.0598132
-0.973656,0.228023
-0.922992,0.384819
-0.849976,0.526821
-0.758568,0.651594
-0.652741,0.757581
-0.536344,0.844
-0.412982,0.910739
-0.285935,0.958249
-0.158116,0.98742
-0.032035,0.999487
0.0902038,0.995923
0.206894,0.978363
0.316703,0.948525
0.418649,0.908148
0.512065,0.858947
0.596557,0.802571
0.671972,0.740577
0.738361,0.674406
0.795942,0.605373
0.845066,0.534662
0.886193,0.463317
0.919857,0.392254
0.946653,0.322254
0.967209,0.253983
0.982172,0.187987
0.992193,0.124713
0.997917,0.0645144
0.999971,0.00765867
0.998957,-0.0456574
0.995449,-0.0953003
0.989983,-0.14119
0.983059,-0.183288
0.975139,-0.221595
0.966641,-0.256136
0.957943,-0.286957
0.949384,-0.314117
0.94126,-0.337682
0.933827,-0.357724
0.927304,-0.374308
0.921871,-0.387498
0.917669,-0.397345
0.914807,-0.403892
0.913354,-0.407166
0.913347,-0.407183
0.914786,-0.40394
0.917636,-0.397422
0.921828,-0.387598
0.927257,-0.374426
0.933779,-0.35785
0.941216,-0.337806
0.949349,-0.314225
0.95792,-0.287035
0.966632,-0.256169
0.975145,-0.221566
0.98308,-0.183178
0.990012,-0.140981
0.99548,-0.0949757
0.998978,-0.0452005
0.999966,0.00826173
0.997867,0.0652731
0.992077,0.125633
0.981964,0.189068
0.966884,0.255216
0.946185,0.323625
0.919223,0.393737
0.885373,0.464881
0.844052,0.536262
0.79473,0.606963
0.736965,0.675931
0.670419,0.741983
0.594893,0.803805
0.510354,0.859964
0.416974,0.908918
0.315161,0.949038
0.205596,0.978637
0.089266,0.996008
-0.0325004,0.999472
-0.158013,0.987437
-0.285194,0.95847
-0.411576,0.911376
-0.534306,0.845291
-0.650174,0.759785
-0.755661,0.654962
-0.847009,0.531578
-0.920333,0.391135
-0.971759,0.235975
-0.997592,0.0693597
-0.994526,-0.104491
-0.959883,-0.280402
-0.891874,-0.452284
-0.789878,-0.613265
-0.785162,-0.619291
-0.889359,-0.45721
-0.958914,-0.283697
-0.99438,-0.10587
-0.99755,0.0699582
-0.971163,0.238415
-0.918628,0.395123
-0.843766,0.536711
-0.750593,0.660765
-0.643133,0.765755
-0.525272,0.850935
-0.400646,0.916233
-0.272558,0.962139
-0.143931,0.989588
-0.0172814,0.999851
0.105288,0.994442
0.222076,0.975029
0.331765,0.943362
0.433388,0.901207
0.526293,0.850303
0.61011,0.792317
0.684705,0.72882
0.750152,0.661266
0.806689,0.590976
0.854691,0.519137
0.894635,0.446797
0.927079,0.374865
0.952632,0.304125
0.971939,0.235232
0.985663,0.168727
0.994467,0.105049
0.999008,0.0445398
0.999921,-0.0125414
0.997819,-0.0660086
0.99328,-0.115738
0.986847,-0.16166
0.979024,-0.203747
0.970274,-0.242009
0.96102,-0.276478
0.951642,-0.30721
0.942477,-0.334271
0.933823,-0.357736
0.925936,-0.377679
0.919036,-0.394174
0.9133,-0.407288
0.908872,-0.417075
0.905858,-0.423581
0.904329,-0.426836
0.90432,-0.426855
0.905833,-0.423635
0.908832,-0.417163
0.913248,-0.407404
0.918976,-0.394312
0.925875,-0.377831
0.933764,-0.35789
0.942426,-0.334416
0.951603,-0.307331
0.960997,-0.27656
0.970268,-0.242035
0.979033,-0.2037
0.986869,-0.161521
0.993309,-0.11549
0.997844,-0.0656351
0.999928,-0.0120283
0.998978,0.0452034
0.99438,0.105869
0.985495,0.169705
0.971665,0.23636
0.952227,0.305391
0.92652,0.376246
0.893904,0.448259
0.853774,0.520643
0.805586,0.592479
0.748872,0.662714
0.683275,0.730161
0.608573,0.793498
0.52471,0.851281
0.431837,0.901952
0.330343,0.943861
0.220887,0.975299
0.104445,0.994531
-0.0176671,0.999844
-0.143765,0.989612
-0.271772,0.962362
-0.399213,0.916858
-0.523222,0.852196
-0.640564,0.767905
-0.747689,0.664049
-0.840797,0.54135
-0.915954,0.401283
-0.969226,0.246173
-0.996853,0.079275
-0.99546,-0.0951818
-0.962298,-0.271997
-0.895511,-0.445039
-0.79442,-0.607368
-0.789177,-0.614165
-0.892543,-0.450962
-0.961013,-0.276502
-0.995191,-0.0979492
-0.996926,0.0783488
-0.969015,0.247
-0.914924,0.403626
-0.838528,0.544858
-0.743891,0.668301
-0.635077,0.772449
-0.516006,0.856585
-0.390337,0.920672
-0.261394,0.965232
-0.132108,0.991235
-0.00500157,0.999987
0.117825,0.993034
0.234677,0.972073
0.344245,0.93888
0.445579,0.895243
0.538038,0.842921
0.621269,0.783597
0.69516,0.718855
0.759801,0.650155
0.815449,0.578828
0.862497,0.506062
0.90144,0.432904
0.93285,0.360266
0.957352,0.288923
0.975606,0.219528
0.988285,0.152617
0.996066,0.0886179
0.999612,0.0278673
0.999568,-0.0293851
0.996553,-0.0829611
0.99115,-0.132747
0.983907,-0.178681
0.975332,-0.220744
0.96589,-0.258953
0.956005,-0.293351
0.946058,-0.323996
0.936388,-0.350966
0.927293,-0.374337
0.919028,-0.394191
0.911813,-0.410606
0.905826,-0.42365
0.90121,-0.433383
0.89807,-0.439853
0.896477,-0.44309
0.896467,-0.44311
0.898041,-0.439912
0.901163,-0.43348
0.905766,-0.423778
0.911744,-0.41076
0.918955,-0.394363
0.92722,-0.374516
0.936323,-0.35114
0.946005,-0.324152
0.955968,-0.293472
0.965871,-0.259025
0.975331,-0.220748
0.983922,-0.178599
0.991175,-0.132562
0.996578,-0.0826562
0.999581,-0.0289456
0.999595,0.0284521
0.996,0.0893556
0.988147,0.153509
0.975371,0.220569
0.956996,0.2901
0.93235,0.361558
0.900777,0.434282
0.861659,0.507488
0.814433,0.580257
0.758616,0.651538
0.69383,0.720138
0.619836,0.784732
0.536557,0.843864
0.444129,0.895963
0.34292,0.939364
0.233577,0.972338
0.117061,0.993125
-0.005322,0.999986
-0.131891,0.991264
-0.260573,0.965454
-0.388883,0.921287
-0.513946,0.857822
-0.632509,0.774553
-0.740991,0.671515
-0.835562,0.549397
-0.912241,0.409654
-0.967048,0.254595
-0.996167,0.0874703
-0.996166,-0.0874841
-0.964236,-0.265044
-0.898466,-0.439044
-0.798127,-0.602489
-0.792319,-0.610107
-0.895024,-0.446018
-0.962634,-0.270805
-0.995789,-0.0916796
-0.996382,0.0849898
-0.967258,0.253794
-0.911929,0.410348
-0.834312,0.551292
-0.73851,0.674243
-0.628619,0.777713
-0.508587,0.861011
-0.382092,0.924124
-0.252471,0.967604
-0.122668,0.992448
0.00479561,0.999988
0.127818,0.991798
0.24471,0.969596
0.354172,0.93518
0.455258,0.890359
0.547349,0.836904
0.630101,0.776513
0.703416,0.710778
0.7674,0.641168
0.822326,0.569017
0.868599,0.495515
0.906729,0.421713
0.937302,0.348517
0.960956,0.276703
0.978359,0.206917
0.990195,0.13969
0.99715,0.0754452
0.999895,0.0145123
0.999081,-0.042866
0.995331,-0.0965188
0.989234,-0.146339
0.981341,-0.192273
0.972162,-0.234308
0.962165,-0.272467
0.951775,-0.306798
0.941373,-0.337369
0.931298,-0.364258
0.92185,-0.387548
0.913283,-0.407326
0.905816,-0.423671
0.899628,-0.436656
0.894861,-0.446345
0.891621,-0.452783
0.889977,-0.456005
0.889966,-0.456026
0.891589,-0.452846
0.89481,-0.446448
0.899561,-0.436794
0.905738,-0.423838
0.913199,-0.407513
0.921766,-0.387746
0.931221,-0.364454
0.941307,-0.337551
0.951725,-0.306951
0.962135,-0.272574
0.972152,-0.234352
0.981349,-0.192236
0.989254,-0.146204
0.995355,-0.096268
0.999097,-0.0424847
0.999887,0.0150349
0.997099,0.076117
0.990079,0.140513
0.978153,0.207887
0.960636,0.277809
0.936847,0.34974
0.906119,0.423023
0.867821,0.496877
0.821377,0.570385
0.766289,0.642496
0.702164,0.712015
0.628748,0.777609
0.545951,0.837817
0.45389,0.891058
0.352922,0.935653
0.243681,0.969856
0.127116,0.991888
0.00452799,0.99999
-0.12241,0.99248
-0.251621,0.967826
-0.38062,0.924731
-0.506521,0.862228
-0.626053,0.77978
-0.735616,0.677399
-0.831349,0.55575
-0.909242,0.416268
-0.96527,0.261253
-0.995577,0.0939497
-0.996682,-0.0813986
-0.965729,-0.259551
-0.900764,-0.434309
-0.80102,-0.598638
-0.794599,-0.607134
-0.896824,-0.442387
-0.963802,-0.266619
-0.996203,-0.0870656
-0.995953,0.08988
-0.965931,0.258799
-0.909683,0.415303
-0.831159,0.556035
-0.734489,0.67862
-0.623796,0.781587
-0.503047,0.864259
-0.375937,0.926645
-0.245812,0.969317
-0.115624,0.993293
0.0121036,0.999927
0.135269,0.990809
0.252187,0.967678
0.361564,0.932347
0.462464,0.886638
0.554272,0.832335
0.636659,0.771146
0.709538,0.704667
0.773024,0.634377
0.827402,0.56161
0.873089,0.487562
0.910605,0.413279
0.940545,0.339669
0.963556,0.267505
0.980317,0.19743
0.991518,0.129972
0.997849,0.0655491
0.99999,0.00448491
0.998595,-0.0529824
0.994293,-0.106688
0.987673,-0.156529
0.979291,-0.202457
0.969658,-0.244466
0.959243,-0.282582
0.948472,-0.31686
0.937728,-0.34737
0.92735,-0.374195
0.917636,-0.397421
0.908843,-0.417138
0.901188,-0.433429
0.894849,-0.446369
0.889969,-0.456022
0.886653,-0.462436
0.884971,-0.465646
0.884959,-0.465668
0.886618,-0.462503
0.889913,-0.45613
0.894776,-0.446515
0.901103,-0.433606
0.908751,-0.417338
0.917544,-0.397634
0.927264,-0.374408
0.937653,-0.347572
0.948413,-0.317036
0.959204,-0.282716
0.969639,-0.244539
0.979292,-0.202453
0.987689,-0.15643
0.994315,-0.106477
0.998613,-0.052645
0.999988,0.00496098
0.997808,0.0661719
0.991416,0.130745
0.980131,0.198349
0.963264,0.268558
0.940122,0.340839
0.910033,0.414537
0.872355,0.488873
0.826502,0.562934
0.771967,0.635663
0.708343,0.705868
0.635367,0.77221
0.552935,0.833224
0.461155,0.887319
0.360372,0.932809
0.251211,0.967932
0.134614,0.990898
0.0118745,0.999929
-0.115336,0.993327
-0.244942,0.969538
-0.374454,0.927245
-0.500979,0.86546
-0.621233,0.783626
-0.731602,0.681732
-0.828202,0.56043
-0.906995,0.421141
-0.96393,0.266155
-0.995116,0.0987154
-0.997037,-0.0769285
-0.966803,-0.255522
-0.902427,-0.430843
-0.803113,-0.595827
-0.796028,-0.60526
-0.897955,-0.440087
-0.964535,-0.263953
-0.996456,-0.0841149
-0.995664,0.093019
-0.965062,0.262021
-0.908216,0.418502
-0.829099,0.559102
-0.73186,0.681455
-0.620639,0.784096
-0.499416,0.866363
-0.371897,0.928274
-0.241436,0.970417
-0.110989,0.993822
0.0169163,0.999857
0.14018,0.990126
0.257118,0.96638
0.36644,0.930442
0.467218,0.884142
0.55884,0.829276
0.640986,0.767553
0.713573,0.700581
0.776728,0.629836
0.830741,0.55666
0.876036,0.482246
0.913141,0.407643
0.942659,0.333757
0.965241,0.261361
0.981572,0.191094
0.992347,0.123482
0.998261,0.058941
0.999998,-0.00220969
0.998214,-0.0597349
0.993541,-0.113474
0.986572,-0.163327
0.977862,-0.20925
0.967925,-0.25124
0.95723,-0.289327
0.946205,-0.323567
0.935232,-0.354035
0.924651,-0.380815
0.91476,-0.403999
0.905814,-0.423675
0.898032,-0.439929
0.891593,-0.452838
0.886638,-0.462465
0.883271,-0.468863
0.881564,-0.472065
0.881552,-0.472087
0.883235,-0.468931
0.88658,-0.462576
0.891517,-0.452987
0.897944,-0.440111
0.905718,-0.423881
0.914662,-0.40422
0.924558,-0.38104
0.935151,-0.35425
0.94614,-0.323758
0.957185,-0.289477
0.967901,-0.251333
0.977858,-0.209268
0.986584,-0.163253
0.993562,-0.11329
0.998233,-0.0594265
0.999998,-0.00176451
0.998226,0.0595311
0.992255,0.124221
0.981399,0.191978
0.964965,0.262378
0.942257,0.334891
0.912595,0.408866
0.875331,0.483523
0.829874,0.557951
0.775706,0.631094
0.712417,0.701756
0.639733,0.768597
0.557544,0.830148
0.465949,0.884812
0.365288,0.930895
0.256177,0.96663
0.139556,0.990214
0.0167136,0.99986
-0.110681,0.993856
-0.240552,0.970636
-0.370406,0.92887
-0.497345,0.867553
-0.618079,0.786116
-0.728979,0.684536
-0.826148,0.563453
-0.90553,0.424281
-0.963055,0.269304
-0.994808,0.101766
-0.997252,-0.0740797
-0.967475,-0.252968
-0.903465,-0.428662
-0.804413,-0.594071
-0.796607,-0.604497
-0.898425,-0.439127
-0.964846,-0.262817
-0.996563,-0.0828347
-0.995534,0.0944024
-0.96467,0.26346
-0.907549,0.419946
-0.828153,0.560502
-0.730643,0.682759
-0.619166,0.78526
-0.497708,0.867344
-0.369985,0.929038
-0.239354,0.970932
-0.108772,0.994067
0.0192297,0.999815
0.14255,0.989788
0.259508,0.965741
0.368812,0.929504
0.469536,0.882914
0.561074,0.827766
0.643106,0.765777
0.715555,0.698556
0.77855,0.627583
0.832385,0.554199
0.877488,0.479598
0.914391,0.404832
0.943699,0.330806
0.966068,0.25829
0.982184,0.187924
0.992746,0.120232
0.998452,0.0556286
0.999985,-0.00556776
0.998006,-0.0631247
0.993146,-0.116882
0.986,-0.166743
0.977125,-0.212665
0.967034,-0.254646
0.956199,-0.292719
0.945045,-0.326941
0.933956,-0.357388
0.923272,-0.384148
0.913291,-0.407309
0.904268,-0.426964
0.896423,-0.4432
0.889932,-0.456093
0.884938,-0.465709
0.881546,-0.472098
0.879826,-0.475295
0.879814,-0.475318
0.881509,-0.472167
0.884879,-0.465821
0.889855,-0.456244
0.896331,-0.443385
0.904169,-0.427174
0.91319,-0.407534
0.923176,-0.384377
0.933871,-0.357609
0.944976,-0.327139
0.95615,-0.292877
0.967007,-0.254748
0.977119,-0.212693
0.986011,-0.16668
0.993166,-0.116711
0.998024,-0.0628298
0.999987,-0.00513793
0.998419,0.0562025
0.992658,0.120953
0.982018,0.188789
0.9658,0.259289
0.943307,0.331922
0.913857,0.406037
0.876798,0.480859
0.831534,0.555474
0.777546,0.628826
0.714419,0.699718
0.641874,0.76681
0.559799,0.828628
0.468289,0.883575
0.367679,0.929953
0.258585,0.965988
0.141943,0.989875
0.0190399,0.999819
-0.108454,0.994101
-0.238462,0.971152
-0.368492,0.929631
-0.495639,0.868529
-0.61661,0.787269
-0.727767,0.685824
-0.825208,0.564829
-0.904867,0.425694
-0.962663,0.270701
-0.994671,0.103099
-0.997342,-0.0728578
-0.967754,-0.251899
-0.903888,-0.42777
-0.804923,-0.593379
-0.796337,-0.604853
-0.898236,-0.439514
-0.964737,-0.263216
-0.99653,-0.0832296
-0.99557,0.0940257
-0.964765,0.263114
-0.907692,0.419637
-0.828334,0.560235
-0.730849,0.68254
-0.619388,0.785085
-0.497938,0.867213
-0.370213,0.928947
-0.239574,0.970878
-0.108979,0.994044
0.0190396,0.999819
0.142379,0.989812
0.259357,0.965782
0.368682,0.929556
0.469427,0.882971
0.560984,0.827827
0.643034,0.765838
0.715499,0.698614
0.778507,0.627636
0.832353,0.554245
0.877467,0.479637
0.914378,0.404863
0.943691,0.330827
0.966064,0.258302
0.982183,0.187927
0.992746,0.120227
0.998452,0.0556162
0.999984,-0.00558743
0.998004,-0.0631501
0.993142,-0.116913
0.985994,-0.16678
0.977116,-0.212707
0.967023,-0.254691
0.956184,-0.292767
0.945027,-0.326992
0.933935,-0.357442
0.923249,-0.384203
0.913265,-0.407366
0.904241,-0.427022
0.896394,-0.443259
0.889902,-0.456152
0.884907,-0.465768
0.881514,-0.472158
0.879794,-0.475356
0.879781,-0.475379
0.881477,-0.472227
0.884848,-0.465881
0.889824,-0.456304
0.896303,-0.443443
0.904142,-0.427232
0.913165,-0.40759
0.923153,-0.384432
0.933851,-0.357663
0.944959,-0.32719
0.956135,-0.292925
0.966996,-0.254792
0.97711,-0.212734
0.986005,-0.166716
0.993162,-0.116742
0.998023,-0.0628555
0.999987,-0.00515699
0.99842,0.0561902
0.992659,0.120948
0.982017,0.188793
0.965797,0.2593
0.9433,0.331942
0.913844,0.406066
0.876777,0.480896
0.831504,0.555519
0.777505,0.628877
0.714364,0.699774
0.641803,0.76687
0.55971,0.828688
0.46818,0.883633
0.367551,0.930003
0.258436,0.966028
0.141773,0.989899
0.0188512,0.999822
-0.10866,0.994079
-0.238683,0.971098
-0.368721,0.92954
-0.495871,0.868396
-0.616835,0.787093
-0.727977,0.685601
-0.825393,0.564558
-0.905016,0.425378
-0.962763,0.270345
-0.994711,0.102709
-0.997312,-0.0732696
-0.967644,-0.252318
-0.903693,-0.428181
-0.804643,-0.593759
-0.795213,-0.606331
-0.897383,-0.441252
-0.964206,-0.265155
-0.996355,-0.0853048
-0.99577,0.0918861
-0.965345,0.260977
-0.908645,0.41757
-0.829639,0.5583
-0.73248,0.680789
-0.621306,0.783568
-0.500103,0.865966
-0.37258,0.928
-0.242097,0.970252
-0.111611,0.993752
0.0163432,0.999866
0.139664,0.990199
0.256664,0.966501
0.366048,0.930596
0.466886,0.884318
0.558567,0.829459
0.640766,0.767736
0.713402,0.700755
0.776599,0.629995
0.830647,0.556799
0.875972,0.482362
0.913101,0.407733
0.942636,0.333822
0.965231,0.261399
0.981569,0.191107
0.992348,0.12347
0.998264,0.0589052
0.999997,-0.00226642
0.99821,-0.0598117
0.99353,-0.113568
0.986554,-0.163437
0.977836,-0.209373
0.96789,-0.251374
0.957187,-0.289471
0.946153,-0.32372
0.935172,-0.354194
0.924583,-0.380981
0.914685,-0.404168
0.905733,-0.423848
0.897946,-0.440105
0.891503,-0.453016
0.886544,-0.462645
0.883175,-0.469044
0.881467,-0.472245
0.881455,-0.472268
0.883139,-0.469111
0.886486,-0.462755
0.891427,-0.453164
0.897858,-0.440286
0.905637,-0.424053
0.914587,-0.404388
0.924491,-0.381204
0.935091,-0.354408
0.946088,-0.323909
0.957142,-0.28962
0.967866,-0.251465
0.977832,-0.209389
0.986566,-0.163361
0.993551,-0.113382
0.998228,-0.0595021
0.999998,-0.00182105
0.998229,0.0594954
0.992256,0.124208
0.981397,0.191989
0.964955,0.262414
0.942235,0.334953
0.912555,0.408953
0.875269,0.483636
0.829783,0.558086
0.77558,0.631249
0.71225,0.701926
0.639518,0.768776
0.557276,0.830327
0.465623,0.884983
0.364901,0.931046
0.255728,0.966749
0.139044,0.990286
0.0161433,0.99987
-0.111303,0.993787
-0.241214,0.970472
-0.371095,0.928595
-0.498041,0.867154
-0.618757,0.785583
-0.729611,0.683862
-0.826704,0.562638
-0.905976,0.423329
-0.963355,0.26823
-0.994928,0.100594
-0.99716,-0.0753181
-0.967144,-0.25423
-0.90288,-0.429893
-0.803568,-0.595214
-0.793224,-0.60893
-0.895857,-0.444342
-0.963242,-0.268636
-0.996026,-0.089062
-0.996123,0.0879767
-0.966399,0.257045
-0.910396,0.413739
-0.83206,0.554685
-0.735524,0.677499
-0.624913,0.780695
-0.504199,0.863588
-0.377084,0.926179
-0.246922,0.969035
-0.11667,0.993171
0.0111405,0.999938
0.134401,0.990927
0.251422,0.967878
0.360903,0.932603
0.461904,0.88693
0.553811,0.832643
0.636287,0.771452
0.709246,0.704961
0.772803,0.634646
0.827242,0.561846
0.872978,0.487759
0.910534,0.413434
0.940504,0.339781
0.963537,0.267574
0.980312,0.197456
0.99152,0.129956
0.997853,0.0654943
0.99999,0.00439428
0.998589,-0.0531055
0.994276,-0.10684
0.987645,-0.156707
0.97925,-0.202658
0.969602,-0.244686
0.959173,-0.282819
0.948388,-0.317111
0.937631,-0.347632
0.92724,-0.374467
0.917515,-0.397701
0.908711,-0.417425
0.901047,-0.433721
0.894702,-0.446664
0.889816,-0.45632
0.886497,-0.462735
0.884814,-0.465945
0.884802,-0.465967
0.886463,-0.4628
0.889761,-0.456426
0.89463,-0.446808
0.900963,-0.433895
0.908621,-0.417622
0.917424,-0.397911
0.927155,-0.374678
0.937557,-0.347832
0.948331,-0.317284
0.959135,-0.28295
0.969584,-0.244757
0.979251,-0.202651
0.987661,-0.156606
0.994299,-0.106628
0.998607,-0.0527668
0.999988,0.00487077
0.997812,0.0661169
0.991418,0.130727
0.980127,0.198372
0.963245,0.268623
0.940083,0.340947
0.909964,0.414687
0.872248,0.489064
0.826347,0.563162
0.771751,0.635924
0.708059,0.706153
0.635003,0.77251
0.552482,0.833525
0.460605,0.887605
0.35972,0.93306
0.250454,0.968129
0.133753,0.991015
0.0109163,0.99994
-0.11638,0.993205
-0.246053,0.969256
-0.375608,0.926778
-0.502143,0.864785
-0.622367,0.782725
-0.732659,0.680596
-0.82913,0.559056
-0.907737,0.41954
-0.964427,0.264349
-0.995309,0.0967462
-0.996874,-0.0790064
-0.966242,-0.257638
-0.901438,-0.432909
-0.801687,-0.597744
-0.79036,-0.612643
-0.893643,-0.448778
-0.961827,-0.273657
-0.995525,-0.0945023
-0.996608,0.0822956
-0.967907,0.251307
-0.912925,0.408128
-0.835576,0.549376
-0.739963,0.672648
-0.63019,0.776441
-0.510209,0.86005
-0.383711,0.923453
-0.254039,0.967194
-0.124148,0.992264
0.00343008,0.999994
0.126585,0.991956
0.24362,0.969871
0.353228,0.935537
0.454459,0.890768
0.546687,0.837337
0.629566,0.776947
0.702996,0.711194
0.76708,0.641551
0.822092,0.569355
0.868436,0.495801
0.906624,0.42194
0.93724,0.348684
0.960925,0.276808
0.978349,0.206962
0.990197,0.139677
0.997155,0.0753783
0.999896,0.0143951
0.999074,-0.0430288
0.995311,-0.096723
0.989199,-0.14658
0.981288,-0.192546
0.97209,-0.234609
0.962073,-0.272791
0.951663,-0.307143
0.941243,-0.337731
0.931152,-0.364632
0.921687,-0.387935
0.913106,-0.407722
0.905628,-0.424074
0.89943,-0.437065
0.894656,-0.446756
0.891411,-0.453196
0.889765,-0.456419
0.889754,-0.45644
0.891379,-0.453259
0.894605,-0.446858
0.899364,-0.4372
0.905551,-0.424237
0.913024,-0.407906
0.921605,-0.38813
0.931076,-0.364826
0.941179,-0.337909
0.951615,-0.307292
0.962044,-0.272895
0.97208,-0.234649
0.981296,-0.192506
0.989219,-0.146442
0.995336,-0.0964702
0.99909,-0.0426467
0.999889,0.0149181
0.997104,0.0760496
0.990081,0.140498
0.978144,0.207929
0.960607,0.27791
0.936787,0.349899
0.906017,0.423242
0.867663,0.497153
0.821149,0.570714
0.765976,0.642869
0.701753,0.71242
0.628224,0.778032
0.545301,0.83824
0.453104,0.891458
0.351992,0.936003
0.242603,0.970126
0.125893,0.992044
0.00316877,0.999995
-0.123888,0.992296
-0.253192,0.967416
-0.38225,0.924059
-0.508162,0.861262
-0.627649,0.778497
-0.737101,0.675782
-0.83265,0.553799
-0.910278,0.413999
-0.965959,0.258697
-0.995836,0.0911629
-0.996437,-0.0843367
-0.964921,-0.262541
-0.899352,-0.437226
-0.798991,-0.601343
-0.786602,-0.61746
-0.890719,-0.454553
-0.959938,-0.280214
-0.994823,-0.101627
-0.997196,0.0748358
-0.969837,0.243756
-0.916199,0.400723
-0.840154,0.542348
-0.745768,0.666206
-0.637111,0.770772
-0.518111,0.855313
-0.392442,0.919777
-0.263436,0.964677
-0.13404,0.990976
-0.00678693,0.999977
0.11621,0.993225
0.233247,0.972418
0.343004,0.939334
0.444523,0.895768
0.53716,0.84348
0.620557,0.784161
0.694598,0.719398
0.75937,0.650659
0.815132,0.579276
0.862273,0.506443
0.901292,0.433212
0.932761,0.360496
0.957306,0.289075
0.975589,0.219603
0.988285,0.152617
0.996072,0.0885482
0.999615,0.0277325
0.999562,-0.0295792
0.996532,-0.0832088
0.99111,-0.133042
0.983846,-0.179018
0.975247,-0.221118
0.965781,-0.259359
0.955872,-0.293782
0.945902,-0.324451
0.936211,-0.351439
0.927096,-0.374825
0.918814,-0.394691
0.911584,-0.411115
0.905584,-0.424166
0.900959,-0.433904
0.897813,-0.440377
0.896217,-0.443616
0.896207,-0.443635
0.897784,-0.440435
0.900913,-0.433999
0.905525,-0.424292
0.911515,-0.411266
0.918742,-0.394859
0.927025,-0.375
0.936147,-0.351608
0.945851,-0.324602
0.955836,-0.2939
0.965763,-0.259426
0.975247,-0.221117
0.983861,-0.178932
0.991136,-0.132854
0.996558,-0.0829015
0.999575,-0.0291383
0.999599,0.0283175
0.996006,0.0892842
0.988148,0.153506
0.975356,0.220639
0.956952,0.290246
0.932264,0.36178
0.900633,0.43458
0.861441,0.507857
0.814124,0.580692
0.758196,0.652027
0.69328,0.720668
0.619138,0.785282
0.535696,0.844411
0.44309,0.896477
0.341695,0.939811
0.232162,0.972677
0.115459,0.993312
-0.00709735,0.999975
-0.133819,0.991006
-0.262618,0.9649
-0.390999,0.920391
-0.516074,0.856544
-0.634574,0.772862
-0.742909,0.669392
-0.837236,0.546842
-0.913568,0.406687
-0.96792,0.251258
-0.996479,0.0838376
-0.995822,-0.0913118
-0.963158,-0.268937
-0.896601,-0.442838
-0.79546,-0.606006
-0.781928,-0.623369
-0.887057,-0.461659
-0.95754,-0.2883
-0.993883,-0.110435
-0.997846,0.0655932
-0.972146,0.234376
-0.920176,0.391504
-0.845754,0.533573
-0.752897,0.658139
-0.645637,0.763644
-0.527872,0.849324
-0.40325,0.91509
-0.27509,0.961418
-0.146332,0.989236
-0.019506,0.99981
0.10327,0.994653
0.220283,0.975436
0.330204,0.943909
0.432056,0.901847
0.525181,0.85099
0.609202,0.793015
0.683984,0.729497
0.749595,0.661897
0.806274,0.591542
0.854395,0.519624
0.894436,0.447196
0.926955,0.375171
0.952565,0.304336
0.971911,0.235349
0.985658,0.168753
0.994473,0.104989
0.999014,0.0443995
0.999919,-0.0127554
0.9978,-0.066289
0.99324,-0.116078
0.986782,-0.162053
0.978932,-0.204185
0.970155,-0.242486
0.960873,-0.276989
0.951468,-0.307748
0.942277,-0.334834
0.9336,-0.358317
0.925693,-0.378277
0.918774,-0.394783
0.913024,-0.407906
0.908585,-0.4177
0.905564,-0.42421
0.904032,-0.427466
0.904023,-0.427484
0.905539,-0.424263
0.908546,-0.417786
0.912973,-0.408019
0.918716,-0.394918
0.925633,-0.378424
0.933542,-0.358467
0.942228,-0.334973
0.95143,-0.307864
0.960851,-0.277065
0.97015,-0.242507
0.978943,-0.204133
0.986806,-0.161909
0.993269,-0.115826
0.997825,-0.0659131
0.999925,-0.0122414
0.998984,0.0450622
0.994387,0.105806
0.985491,0.169726
0.971639,0.23647
0.952163,0.305592
0.9264,0.37654
0.89371,0.448645
0.853487,0.521114
0.805182,0.593028
0.748329,0.663328
0.68257,0.73082
0.607684,0.794179
0.523618,0.851953
0.430527,0.902578
0.328803,0.944399
0.219114,0.975699
0.102444,0.994739
-0.0198795,0.999802
-0.146161,0.989261
-0.274308,0.961642
-0.401831,0.915714
-0.525848,0.850579
-0.643107,0.765776
-0.750043,0.661389
-0.842844,0.538158
-0.917566,0.397584
-0.970271,0.242023
-0.997201,0.0747625
-0.994994,-0.099931
-0.960921,-0.276822
-0.89316,-0.449739
-0.791073,-0.611721
-0.776309,-0.630353
-0.882623,-0.470082
-0.954594,-0.29791
-0.992661,-0.120927
-0.998511,0.0545571
-0.974784,0.223151
-0.924804,0.380445
-0.852322,0.523018
-0.761301,0.648399
-0.655723,0.755001
-0.53945,0.842018
-0.4161,0.909319
-0.288977,0.957336
-0.161008,0.986953
-0.0347222,0.999397
0.0877591,0.996142
0.204713,0.978822
0.314797,0.949159
0.417016,0.908899
0.510694,0.859762
0.595432,0.803406
0.671071,0.741393
0.73766,0.675173
0.795413,0.606067
0.844684,0.535266
0.885929,0.463821
0.919689,0.392648
0.946557,0.322537
0.967164,0.254155
0.982159,0.188052
0.992197,0.124676
0.997925,0.0643821
0.999972,0.00743831
0.998943,-0.0459576
0.995413,-0.0956718
0.98992,-0.141625
0.982968,-0.183778
0.975016,-0.222134
0.966487,-0.256716
0.957759,-0.287571
0.949171,-0.31476
0.941021,-0.338349
0.933564,-0.35841
0.927021,-0.375009
0.921571,-0.38821
0.917357,-0.398066
0.914486,-0.404618
0.913029,-0.407894
0.913022,-0.40791
0.914465,-0.404664
0.917325,-0.39814
0.92153,-0.388308
0.926975,-0.375123
0.933518,-0.358531
0.940978,-0.338467
0.949138,-0.314862
0.957738,-0.287643
0.96648,-0.256742
0.975024,-0.222098
0.982989,-0.183663
0.989951,-0.141411
0.995444,-0.0953437
0.998964,-0.0454987
0.999968,0.00804139
0.997876,0.0651387
0.992082,0.125592
0.981953,0.189126
0.966841,0.255379
0.946093,0.323895
0.919061,0.394116
0.885119,0.465366
0.84368,0.536847
0.794216,0.607636
0.736281,0.676676
0.669539,0.742777
0.593792,0.804619
0.509009,0.860761
0.415368,0.909654
0.313283,0.94966
0.203441,0.979087
0.0868425,0.996222
-0.035172,0.999381
-0.160898,0.986971
-0.288239,0.957558
-0.414711,0.909953
-0.537442,0.843301
-0.653202,0.757184
-0.758453,0.651727
-0.849425,0.527709
-0.922221,0.386664
-0.972961,0.230969
-0.997955,0.0639276
-0.99391,-0.110199
-0.958172,-0.286192
-0.888993,-0.457922
-0.785802,-0.618478
-0.769707,-0.638397
-0.877371,-0.479813
-0.951049,-0.309039
-0.991102,-0.133108
-0.999129,0.0417163
-0.977688,0.21006
-0.930019,0.367512
-0.859797,0.510635
-0.770919,0.636933
-0.667313,0.744778
-0.552793,0.833318
-0.430952,0.902375
-0.305064,0.952332
-0.178047,0.984022
-0.0524265,0.998625
0.069672,0.99757
0.186517,0.982452
0.296747,0.954956
0.399353,0.916797
0.493634,0.86967
0.579164,0.815211
0.655764,0.754966
0.723454,0.690372
0.782424,0.622746
0.833002,0.55327
0.875622,0.482996
0.910801,0.412846
0.939112,0.343611
0.961168,0.275965
0.977601,0.210468
0.98905,0.147578
0.996151,0.0876587
0.99952,0.0309919
0.999753,-0.0222139
0.997418,-0.0718127
0.993048,-0.117713
0.987139,-0.159867
0.980149,-0.198262
0.972497,-0.232914
0.964561,-0.263861
0.956676,-0.291154
0.949141,-0.314851
0.942212,-0.335016
0.936108,-0.351713
0.931009,-0.364996
0.927059,-0.374917
0.924364,-0.381512
0.922996,-0.38481
0.92299,-0.384824
0.924348,-0.381551
0.927034,-0.374977
0.930978,-0.365074
0.936075,-0.351801
0.94218,-0.335106
0.949115,-0.314931
0.956659,-0.291211
0.964555,-0.263881
0.972505,-0.232882
0.98017,-0.198159
0.987169,-0.159676
0.993083,-0.117417
0.997448,-0.0713944
0.999765,-0.0216574
0.999497,0.0316994
0.996074,0.0885256
0.988896,0.148608
0.977343,0.21166
0.960781,0.277309
0.93857,0.345088
0.910081,0.41443
0.874707,0.484653
0.831881,0.554954
0.781099,0.624407
0.721939,0.691957
0.654089,0.756418
0.577378,0.816477
0.491802,0.870707
0.397563,0.917575
0.2951,0.955466
0.185122,0.982716
0.0686483,0.997641
-0.0529666,0.998596
-0.178008,0.984029
-0.304378,0.952551
-0.429597,0.903021
-0.550808,0.834632
-0.664804,0.747018
-0.768082,0.640351
-0.856918,0.515453
-0.927472,0.373894
-0.975931,0.218078
-0.998682,0.0513191
-0.992515,-0.122122
-0.954862,-0.29705
-0.884058,-0.467378
-0.779609,-0.626267
-0.762074,-0.64749
-0.871248,-0.490843
-0.946845,-0.321689
-0.989139,-0.146982
-0.999634,0.0270564
-0.980788,0.195076
-0.935749,0.352668
-0.868107,0.496377
-0.781682,0.623677
-0.680341,0.732896
-0.567848,0.823133
-0.447755,0.894156
-0.323312,0.946292
-0.197423,0.980318
-0.0726075,0.997361
0.0490061,0.998798
0.165673,0.986181
0.276021,0.961152
0.379013,0.925391
0.473926,0.880565
0.560311,0.828283
0.637956,0.770073
0.706854,0.70736
0.767167,0.641448
0.819194,0.573516
0.863344,0.504616
0.900107,0.435668
0.930035,0.367472
0.953717,0.300707
0.971767,0.235941
0.984808,0.173645
0.993458,0.114195
0.998323,0.0578838
0.999988,0.00493333
0.999009,-0.0444972
0.995914,-0.0903027
0.991193,-0.132422
0.9853,-0.170833
0.978649,-0.205538
0.971616,-0.236563
0.964536,-0.263951
0.957705,-0.287751
0.95138,-0.30802
0.945779,-0.324812
0.941082,-0.338178
0.937434,-0.348164
0.934941,-0.354804
0.933674,-0.358123
0.93367,-0.358134
0.93493,-0.354833
0.937417,-0.348209
0.941062,-0.338234
0.945759,-0.32487
0.951363,-0.308073
0.957694,-0.287787
0.964535,-0.263956
0.971626,-0.236523
0.978671,-0.205436
0.985331,-0.170652
0.99123,-0.132145
0.99595,-0.0899105
0.999033,-0.0439739
0.999984,0.00560289
0.998275,0.058711
0.993344,0.115188
0.984603,0.174807
0.971444,0.237267
0.953249,0.302185
0.929397,0.369082
0.899276,0.437382
0.862301,0.506396
0.817932,0.575315
0.765688,0.643212
0.705175,0.709034
0.63611,0.771598
0.558351,0.829605
0.471924,0.881639
0.377057,0.92619
0.274216,0.961668
0.164138,0.986437
0.0478581,0.998854
-0.0732514,0.997313
-0.197466,0.98031
-0.322687,0.946506
-0.446441,0.894813
-0.565887,0.824483
-0.677848,0.735202
-0.778861,0.627197
-0.865252,0.501337
-0.933248,0.359232
-0.979113,0.203317
-0.999318,0.0369178
-0.990749,-0.13571
-0.950933,-0.309396
-0.878301,-0.478108
-0.772446,-0.635081
-0.75335,-0.657619
-0.864187,-0.50317
-0.941912,-0.335861
-0.986698,-0.162564
-0.999944,0.0105528
-0.984001,0.178164
-0.94191,0.335864
-0.877169,0.480182
-0.793512,0.608554
-0.694734,0.719267
-0.584545,0.811361
-0.466451,0.884547
-0.343675,0.939089
-0.219104,0.975702
-0.0952467,0.995454
0.0257607,0.999668
0.142167,0.989843
0.252578,0.967577
0.355937,0.93451
0.451495,0.892274
0.538771,0.842452
0.617526,0.786551
0.68772,0.725976
0.749484,0.662023
0.803086,0.595864
0.848904,0.528547
0.887402,0.460996
0.919105,0.394012
0.944579,0.328285
0.964415,0.264393
0.979217,0.202816
0.989586,0.143942
0.996113,0.0880794
0.999371,0.0354639
0.999906,-0.0137312
0.998235,-0.0593866
0.994843,-0.101427
0.990178,-0.139816
0.984649,-0.174544
0.978631,-0.205626
0.972455,-0.233092
0.966416,-0.256982
0.960771,-0.277344
0.955736,-0.294225
0.951493,-0.30767
0.948185,-0.317718
0.94592,-0.324401
0.944768,-0.32774
0.944766,-0.327747
0.945914,-0.324418
0.948176,-0.317744
0.951484,-0.307699
0.955729,-0.29425
0.960768,-0.277355
0.96642,-0.256966
0.972468,-0.233036
0.978654,-0.205515
0.984682,-0.174362
0.990216,-0.139545
0.994881,-0.10105
0.998265,-0.0588847
0.999914,-0.0130887
0.999342,0.0362612
0.996028,0.0890427
0.98942,0.145077
0.978945,0.204124
0.964009,0.265869
0.944011,0.329914
0.918349,0.395771
0.886435,0.462852
0.847709,0.530461
0.801656,0.597786
0.747824,0.663897
0.685851,0.727742
0.615483,0.78815
0.536612,0.843829
0.449294,0.893384
0.35379,0.935325
0.250594,0.968092
0.140468,0.990085
0.0244711,0.999701
-0.0960092,0.99538
-0.21924,0.975671
-0.34312,0.939292
-0.465185,0.885213
-0.582615,0.812748
-0.692263,0.721645
-0.790712,0.612188
-0.874348,0.485299
-0.93947,0.342632
-0.982426,0.186651
-0.999786,0.0206977
-0.988537,-0.15098
-0.946316,-0.323244
-0.871657,-0.490116
-0.764251,-0.644919
-0.743461,-0.66878
-0.856109,-0.516795
-0.936164,-0.351565
-0.98369,-0.179873
-0.999969,-0.00782545
-0.987233,0.159282
-0.94841,0.317046
-0.886891,0.461979
-0.806318,0.591482
-0.710408,0.70379
-0.602808,0.797886
-0.486977,0.873415
-0.366102,0.930575
-0.24305,0.970014
-0.120324,0.992735
-5.97676e-05,1
0.115979,0.993252
0.226381,0.974039
0.330066,0.943958
0.426258,0.904602
0.514444,0.857524
0.594351,0.804206
0.665907,0.746035
0.729208,0.684292
0.784488,0.620144
0.832095,0.554633
0.872461,0.488683
0.906082,0.423103
0.933496,0.358587
0.955274,0.295723
0.971995,0.235003
0.984241,0.17683
0.992588,0.121525
0.997593,0.0693399
0.999791,0.0204621
0.999688,-0.0249729
0.997761,-0.0668753
0.994452,-0.105193
0.990165,-0.139903
0.98527,-0.171008
0.980096,-0.198524
0.974936,-0.222483
0.970046,-0.242922
0.965641,-0.259879
0.961903,-0.273392
0.958974,-0.283496
0.956961,-0.290217
0.955937,-0.293573
0.955936,-0.293575
0.95696,-0.290221
0.958972,-0.2835
0.961903,-0.273391
0.965645,-0.259864
0.970056,-0.242883
0.974954,-0.222409
0.980121,-0.198399
0.985303,-0.170817
0.990204,-0.13963
0.994491,-0.10482
0.997794,-0.0663847
0.999704,-0.0243473
0.999774,0.0212383
0.997527,0.0702803
0.992451,0.12264
0.984008,0.178124
0.971638,0.236474
0.954764,0.297363
0.932806,0.36038
0.905183,0.425023
0.871332,0.490695
0.83072,0.556691
0.782861,0.622197
0.727336,0.686281
0.663815,0.747897
0.59208,0.805879
0.512055,0.858953
0.423831,0.905741
0.327703,0.944781
0.224196,0.974544
0.114098,0.99347
-0.00150864,0.999999
-0.121219,0.992626
-0.243291,0.969953
-0.365624,0.930763
-0.485765,0.874089
-0.600916,0.799312
-0.707966,0.706247
-0.803548,0.59524
-0.884115,0.467269
-0.946046,0.324034
-0.985781,0.168033
-0.999997,0.00262275
-0.985794,-0.16796
-0.940928,-0.338607
-0.864048,-0.503409
-0.754949,-0.655783
-0.73231,-0.680972
-0.846917,-0.531725
-0.929501,-0.36882
-0.980012,-0.198937
-0.999605,-0.0281179
-0.99038,0.138375
-0.955142,0.296147
-0.897169,0.441688
-0.820001,0.572362
-0.72727,0.686351
-0.622553,0.782578
-0.509256,0.860615
-0.390529,0.920591
-0.269216,0.96308
-0.147811,0.989016
-0.0284471,0.999595
0.0870977,0.9962
0.197396,0.980324
0.301344,0.953515
0.398133,0.917328
0.487221,0.873279
0.568299,0.822822
0.641258,0.767325
0.706159,0.708053
0.763201,0.646162
0.812694,0.58269
0.855041,0.518561
0.890702,0.454588
0.920191,0.39147
0.944049,0.329806
0.962832,0.2701
0.977103,0.212768
0.987416,0.158146
0.994312,0.106502
0.998314,0.0580397
0.999917,0.0129107
0.999586,-0.028779
0.997756,-0.0669618
0.994825,-0.1016
0.991159,-0.132682
0.987083,-0.160211
0.982887,-0.184208
0.978825,-0.204698
0.975113,-0.22171
0.971928,-0.235277
0.969416,-0.245424
0.967682,-0.252175
0.966797,-0.255546
0.966798,-0.255543
0.967684,-0.252166
0.969421,-0.245404
0.971937,-0.235241
0.975126,-0.22165
0.978845,-0.204602
0.982914,-0.184066
0.987116,-0.160008
0.991196,-0.132401
0.994864,-0.101225
0.997788,-0.0664747
0.999603,-0.0281623
0.999907,0.0136736
0.99826,0.0589643
0.994194,0.1076
0.98721,0.159427
0.976782,0.214234
0.962369,0.271747
0.943411,0.331625
0.919351,0.393439
0.889632,0.456679
0.853718,0.520735
0.811106,0.584899
0.761344,0.648349
0.704043,0.710157
0.638911,0.76928
0.565767,0.824565
0.484571,0.874752
0.395451,0.918487
0.298736,0.954336
0.194985,0.980806
0.0850137,0.99638
-0.0300721,0.999548
-0.148852,0.98886
-0.269573,0.96298
-0.390139,0.920756
-0.508106,0.861295
-0.620705,0.784044
-0.724864,0.688892
-0.817273,0.576251
-0.894454,0.447159
-0.952873,0.303368
-0.989076,0.147407
-0.999849,-0.0173528
-0.98242,-0.186682
-0.93467,-0.355515
-0.855374,-0.518011
-0.744439,-0.66769
-0.71978,-0.694202
-0.836491,-0.547981
-0.921805,-0.387655
-0.975546,-0.219796
-0.99873,-0.0503769
-0.993321,0.11538
-0.96199,0.273086
-0.907889,0.419211
-0.834451,0.551082
-0.745216,0.666824
-0.643684,0.765292
-0.533204,0.845986
-0.416887,0.908958
-0.297548,0.954707
-0.177669,0.98409
-0.0593863,0.998235
0.0555172,0.998458
0.165593,0.986194
0.269714,0.962941
0.36704,0.930205
0.456995,0.889469
0.539236,0.842155
0.613614,0.789606
0.680152,0.733071
0.739012,0.673692
0.790468,0.612504
0.834883,0.550428
0.872688,0.488278
0.904365,0.42676
0.930424,0.366485
0.951398,0.307965
0.967823,0.251632
0.980235,0.197837
0.989157,0.146862
0.995094,0.0989308
0.99853,0.0542102
0.999918,0.0128233
0.999684,-0.0251459
0.99822,-0.0596441
0.995883,-0.0906437
0.992997,-0.118137
0.989848,-0.142129
0.986686,-0.162636
0.983726,-0.179677
0.981145,-0.193274
0.979085,-0.20345
0.977654,-0.210221
0.976921,-0.213599
0.976923,-0.213591
0.97766,-0.210195
0.979095,-0.203402
0.98116,-0.193199
0.983746,-0.179565
0.986712,-0.162478
0.989879,-0.141912
0.993032,-0.117846
0.995918,-0.0902623
0.998249,-0.0591552
0.999699,-0.0245322
0.999908,0.0135793
0.998479,0.0551247
0.994986,0.100018
0.988967,0.148133
0.979939,0.199298
0.967392,0.253284
0.950801,0.309802
0.929631,0.368493
0.903344,0.428916
0.871414,0.490548
0.833334,0.55277
0.788631,0.614866
0.736888,0.676015
0.677756,0.735287
0.610976,0.791649
0.536408,0.843959
0.454051,0.890976
0.364071,0.931371
0.266834,0.963742
0.162932,0.986637
0.0532094,0.998583
-0.0612036,0.998125
-0.17887,0.983873
-0.298031,0.954556
-0.416592,0.909094
-0.532124,0.846666
-0.641889,0.766798
-0.742856,0.669452
-0.831777,0.55511
-0.905251,0.424877
-0.959839,0.280552
-0.992194,0.124703
-0.999228,-0.0392871
-0.978299,-0.207197
-0.927426,-0.374007
-0.845517,-0.533948
-0.732604,-0.680655
-0.705727,-0.708484
-0.82469,-0.565586
-0.912935,-0.408105
-0.970151,-0.242502
-0.997209,-0.0746653
-0.995922,0.0902194
-0.968819,0.24777
-0.91892,0.394443
-0.849543,0.527519
-0.764128,0.645065
-0.666095,0.745867
-0.558728,0.829351
-0.445095,0.895483
-0.327982,0.944684
-0.209857,0.977732
-0.0928521,0.99568
0.0212374,0.999774
0.130948,0.991389
0.235125,0.971965
0.3329,0.942962
0.423662,0.90582
0.507027,0.86193
0.582812,0.812607
0.650997,0.75908
0.711705,0.702479
0.76517,0.643828
0.811719,0.584048
0.851748,0.523952
0.885702,0.464254
0.914064,0.40557
0.937336,0.348426
0.956031,0.293267
0.970659,0.240459
0.981726,0.190301
0.989718,0.143034
0.995103,0.0988405
0.998325,0.0578628
0.999796,0.0202018
0.999901,-0.0140733
0.998991,-0.0449194
0.997382,-0.0723139
0.995357,-0.0962486
0.993164,-0.116728
0.991014,-0.133761
0.989083,-0.147362
0.987512,-0.157545
0.986407,-0.164322
0.985838,-0.167701
0.98584,-0.167686
0.986414,-0.164277
0.987524,-0.157467
0.9891,-0.147243
0.991036,-0.133593
0.993191,-0.1165
0.995386,-0.0959477
0.99741,-0.0719246
0.999013,-0.0444265
0.999909,-0.0134593
0.99978,0.0209545
0.998271,0.058771
0.994995,0.0999198
0.989534,0.144296
0.981442,0.191758
0.970248,0.242113
0.955461,0.295117
0.936576,0.350464
0.913082,0.407776
0.884467,0.466603
0.850233,0.526406
0.809905,0.58656
0.763047,0.646343
0.709276,0.704931
0.648281,0.761401
0.579845,0.814727
0.503868,0.863781
0.420389,0.907344
0.329614,0.944116
0.231947,0.972728
0.128013,0.991772
0.0186861,0.999825
-0.094879,0.995489
-0.21123,0.977436
-0.328601,0.944469
-0.444903,0.895579
-0.557726,0.830025
-0.66436,0.747413
-0.761825,0.647782
-0.846938,0.531691
-0.91638,0.400309
-0.966812,0.25549
-0.995004,0.099837
-0.997998,-0.0632495
-0.973293,-0.229565
-0.919055,-0.39413
-0.834334,-0.551259
-0.71929,-0.69471
-0.689975,-0.723834
-0.811343,-0.584571
-0.902724,-0.430219
-0.963666,-0.267112
-0.994881,-0.101058
-0.998026,0.0628024
-0.975478,0.220097
-0.930119,0.367259
-0.86514,0.50153
-0.783877,0.620916
-0.689664,0.72413
-0.585719,0.810514
-0.475061,0.879953
-0.360442,0.932781
-0.244316,0.969696
-0.128811,0.991669
-0.0157306,0.999876
0.0934445,0.995624
0.197535,0.980296
0.295641,0.955299
0.387118,0.92203
0.471543,0.881843
0.548691,0.836025
0.618503,0.785782
0.681059,0.732229
0.736553,0.67638
0.785274,0.619148
0.827578,0.561351
0.863876,0.503704
0.894618,0.446831
0.920276,0.391271
0.941333,0.337478
0.958279,0.285836
0.971593,0.23666
0.981744,0.190206
0.989184,0.146678
0.994341,0.106233
0.997617,0.0689904
0.999386,0.0350366
0.99999,0.0044307
0.99974,-0.02279
0.998913,-0.0466035
0.997753,-0.0670015
0.996467,-0.0839827
0.99523,-0.0975522
0.994182,-0.107716
0.993425,-0.114481
0.993031,-0.117852
0.993034,-0.11783
0.993433,-0.114416
0.994194,-0.107603
0.995247,-0.0973847
0.996487,-0.0837521
0.997773,-0.0666961
0.998932,-0.0462106
0.999751,-0.0222941
0.999987,0.00504509
0.999359,0.035787
0.997554,0.0698935
0.994226,0.107305
0.988997,0.147933
0.981462,0.191656
0.971188,0.238313
0.957723,0.287693
0.940593,0.339536
0.919318,0.393516
0.89341,0.449243
0.862387,0.50625
0.825782,0.56399
0.783153,0.621828
0.734101,0.67904
0.678281,0.734802
0.615425,0.788196
0.545355,0.838205
0.468014,0.883721
0.383483,0.923548
0.292009,0.956416
0.194032,0.980995
0.0902127,0.995923
-0.0185439,0.999828
-0.131062,0.991374
-0.245872,0.969302
-0.361207,0.932486
-0.474981,0.879996
-0.584803,0.811176
-0.688,0.725711
-0.781644,0.623724
-0.862621,0.505851
-0.927699,0.373329
-0.973645,0.22807
-0.997353,0.0727137
-0.996003,-0.0893249
-0.967242,-0.253856
-0.90939,-0.415944
-0.821649,-0.569994
-0.704318,-0.709884
-0.672317,-0.740263
-0.796247,-0.604971
-0.890977,-0.454048
-0.955899,-0.293696
-0.991561,-0.129641
-0.999454,0.0330268
-0.981795,0.189943
-0.941317,0.337524
-0.881083,0.472962
-0.804315,0.594203
-0.714257,0.699884
-0.614055,0.789263
-0.506677,0.862136
-0.394839,0.91875
-0.280978,0.959714
-0.167218,0.98592
-0.0553653,0.998466
0.0530792,0.99859
0.156912,0.987613
0.255204,0.966887
0.347273,0.937764
0.43266,0.901557
0.511096,0.859524
0.582483,0.812843
0.646855,0.762613
0.704368,0.709835
0.755266,0.655418
0.79987,0.600174
0.838551,0.544824
0.871724,0.489997
0.89983,0.436241
0.923323,0.384025
0.942663,0.333745
0.958309,0.285733
0.970708,0.240261
0.980292,0.197552
0.987474,0.157781
0.992642,0.121084
0.996159,0.0875652
0.998357,0.0573
0.99954,0.0303414
0.999977,0.00672535
0.999909,-0.0135268
0.999538,-0.0304033
0.999036,-0.0438988
0.99854,-0.0540121
0.998153,-0.0607442
0.997944,-0.0640958
0.997946,-0.0640671
0.998159,-0.0606565
0.998548,-0.0538614
0.999046,-0.0436784
0.999547,-0.0301041
0.999914,-0.0131377
0.999974,0.00721803
0.999521,0.0309528
0.998314,0.0580454
0.99608,0.0884617
0.992512,0.122148
0.987274,0.159028
0.980001,0.198995
0.970299,0.241909
0.957753,0.287591
0.941928,0.335814
0.922375,0.386295
0.898635,0.438698
0.870248,0.492613
0.836764,0.547564
0.797748,0.602992
0.752794,0.658256
0.701541,0.712629
0.643685,0.765291
0.578999,0.815328
0.50735,0.86174
0.428722,0.903436
0.343241,0.939247
0.251192,0.967937
0.153057,0.988217
0.0495294,0.998773
-0.0584576,0.99829
-0.169704,0.985495
-0.282728,0.9592
-0.395757,0.918355
-0.506714,0.862114
-0.613231,0.789903
-0.712673,0.701497
-0.802167,0.5971
-0.87867,0.47743
-0.939044,0.343796
-0.980168,0.198167
-0.999066,0.043222
-0.99306,-0.117609
-0.959957,-0.280149
-0.898235,-0.439516
-0.807257,-0.590199
-0.687469,-0.726213
-0.652504,-0.757785
-0.779165,-0.626818
-0.877463,-0.479645
-0.946627,-0.322331
-0.987034,-0.160508
-1,0.000778826
-0.98757,0.157178
-0.952326,0.305083
-0.897191,0.441643
-0.825272,0.564736
-0.739715,0.67292
-0.643593,0.765368
-0.539816,0.841783
-0.431067,0.90232
-0.319757,0.947499
-0.208006,0.978128
-0.097628,0.995223
0.00986305,0.999951
0.113239,0.993568
0.21154,0.977369
0.304048,0.952657
0.390265,0.920702
0.469883,0.882729
0.542757,0.83989
0.608882,0.793261
0.668369,0.74383
0.72142,0.692498
0.768314,0.640073
0.809387,0.587276
0.845015,0.534743
0.875604,0.48303
0.901579,0.432615
0.92337,0.38391
0.941411,0.337261
0.956125,0.292958
0.967925,0.25124
0.977205,0.212299
0.984338,0.176291
0.989674,0.143337
0.993535,0.113527
0.996214,0.0869324
0.997975,0.0636019
0.99905,0.0435702
0.999639,0.0268609
0.999909,0.0134885
0.999994,0.00346253
0.999995,-0.0032119
0.999979,-0.00653175
0.999979,-0.00649476
0.999995,-0.00309968
0.999993,0.00365404
0.999905,0.0137662
0.999629,0.0272338
0.999029,0.0440498
0.997937,0.0642016
0.99615,0.0876671
0.993433,0.114412
0.989521,0.144388
0.984116,0.177525
0.976893,0.213729
0.967498,0.252877
0.955556,0.29481
0.940667,0.339331
0.922418,0.386193
0.900382,0.4351
0.874128,0.485696
0.843225,0.537561
0.807255,0.590203
0.765817,0.643059
0.718545,0.69548
0.665117,0.746739
0.605271,0.796019
0.538823,0.842419
0.465684,0.884951
0.385881,0.922549
0.299584,0.95407
0.207121,0.978315
0.109009,0.994041
0.00597696,0.999982
-0.101012,0.994885
-0.210738,0.977543
-0.321707,0.946839
-0.432141,0.901806
-0.539977,0.84168
-0.642869,0.765976
-0.738223,0.674557
-0.823223,0.567718
-0.894905,0.446256
-0.950228,0.311555
-0.986186,0.165643
-0.999937,0.0112406
-0.988957,-0.148205
-0.951213,-0.308535
-0.885355,-0.464915
-0.790913,-0.611928
-0.668489,-0.743722
-0.630254,-0.776389
-0.759819,-0.650135
-0.861911,-0.507059
-0.935591,-0.353086
-0.98105,-0.193756
-0.99942,-0.0340607
-0.992572,0.121658
-0.962924,0.269773
-0.913256,0.407385
-0.846553,0.532305
-0.765859,0.643009
-0.674169,0.738577
-0.574332,0.818622
-0.468995,0.883201
-0.360546,0.932742
-0.251094,0.967963
-0.14246,0.989801
-0.036173,0.999346
0.0665169,0.997785
0.164618,0.986357
0.25738,0.96631
0.344263,0.938873
0.42492,0.905231
0.49916,0.86651
0.566938,0.82376
0.628318,0.777956
0.683463,0.729985
0.732607,0.680652
0.776047,0.630675
0.814121,0.580695
0.8472,0.531273
0.875675,0.482901
0.899948,0.435998
0.920421,0.390928
0.937496,0.347995
0.951562,0.307456
0.962995,0.26952
0.97215,0.23436
0.979362,0.202114
0.984941,0.17289
0.98917,0.146773
0.992304,0.123828
0.994567,0.104102
0.996153,0.0876305
0.997226,0.0744379
0.997915,0.0645418
0.998319,0.0579534
0.998504,0.0546798
0.998501,0.0547255
0.998311,0.0580917
0.9979,0.0647769
0.9972,0.0747767
0.996113,0.088082
0.994506,0.104677
0.992215,0.124541
0.989042,0.147638
0.98476,0.173921
0.979111,0.203327
0.971809,0.23577
0.96254,0.271139
0.950967,0.309292
0.936729,0.350055
0.919449,0.39321
0.898734,0.438495
0.874183,0.485596
0.845394,0.534143
0.811967,0.583703
0.773518,0.633774
0.729683,0.683785
0.680135,0.733086
0.624593,0.78095
0.562838,0.826567
0.49473,0.869047
0.420225,0.90742
0.339395,0.940644
0.252452,0.967609
0.159765,0.987155
0.0618895,0.998083
-0.0404111,0.999183
-0.146148,0.989263
-0.254079,0.967184
-0.362698,0.931907
-0.47023,0.882544
-0.574619,0.818421
-0.67355,0.739142
-0.764467,0.644662
-0.84462,0.535366
-0.911122,0.412137
-0.961033,0.276434
-0.991468,0.130348
-0.999727,-0.023359
-0.983442,-0.181223
-0.940751,-0.339098
-0.87048,-0.492203
-0.772335,-0.635215
-0.647079,-0.762423
-0.605244,-0.79604
-0.737892,-0.674919
-0.844013,-0.536323
-0.922486,-0.38603
-0.973313,-0.22948
-0.997432,-0.0716139
-0.99653,0.0832363
-0.972854,0.231421
-0.929035,0.369992
-0.867929,0.496688
-0.792475,0.609904
-0.705585,0.708625
-0.61005,0.792363
-0.50847,0.86108
-0.403211,0.915107
-0.296374,0.955072
-0.189781,0.981826
-0.0849751,0.996383
0.0167689,0.999859
0.114432,0.993431
0.207227,0.978293
0.294579,0.955627
0.376095,0.926581
0.451546,0.892248
0.52084,0.853654
0.583999,0.811755
0.641139,0.767424
0.692456,0.72146
0.738204,0.674577
0.778682,0.627418
0.814225,0.580549
0.845188,0.534469
0.871941,0.489611
0.894859,0.446349
0.914315,0.405004
0.930675,0.365847
0.944294,0.329104
0.955508,0.294966
0.964636,0.263587
0.971973,0.235092
0.977791,0.20958
0.982335,0.187132
0.98582,0.167807
0.988434,0.151653
0.990334,0.138703
0.991647,0.128985
0.992467,0.122514
0.992858,0.119303
0.992851,0.119358
0.992446,0.12268
0.99161,0.129266
0.990277,0.139106
0.988352,0.152186
0.985705,0.168482
0.982176,0.187962
0.977577,0.210579
0.971687,0.236274
0.964258,0.264966
0.955016,0.296555
0.943661,0.330914
0.929872,0.367883
0.913308,0.407269
0.893612,0.44884
0.870417,0.492315
0.84335,0.537365
0.812036,0.583607
0.77611,0.630597
0.735223,0.677825
0.68905,0.724713
0.637305,0.770612
0.579747,0.814797
0.516202,0.856467
0.446575,0.894746
0.370866,0.928687
0.289192,0.957271
0.201807,0.979425
0.109122,0.994028
0.0117294,0.999931
-0.0895753,0.99598
-0.193776,0.981046
-0.299612,0.954061
-0.405566,0.914066
-0.509863,0.860255
-0.610463,0.792045
-0.705077,0.709131
-0.791195,0.611564
-0.866129,0.499821
-0.927077,0.374872
-0.971203,0.238255
-0.995747,0.0921261
-0.998156,-0.0607085
-0.976223,-0.216767
-0.928266,-0.371918
-0.853293,-0.521432
-0.751194,-0.660081
-0.622907,-0.782296
-0.577114,-0.816664
-0.713025,-0.701139
-0.823411,-0.567445
-0.906966,-0.421204
-0.963486,-0.267758
-0.993709,-0.111996
-0.999128,0.0417642
-0.981813,0.189849
-0.944241,0.329256
-0.889131,0.457654
-0.819314,0.573346
-0.737614,0.675222
-0.646758,0.762695
-0.549304,0.835623
-0.447589,0.894239
-0.343705,0.939078
-0.239476,0.970902
-0.13646,0.990646
-0.0359503,0.999354
0.0610028,0.998138
0.153579,0.988136
0.241164,0.970484
0.323327,0.946287
0.399795,0.916605
0.47043,0.882437
0.535213,0.844717
0.594215,0.804306
0.64759,0.761989
0.695548,0.718479
0.738352,0.674416
0.776296,0.630368
0.809701,0.586842
0.838904,0.54428
0.864246,0.503069
0.886076,0.46354
0.904732,0.425981
0.920546,0.390635
0.933834,0.357706
0.944898,0.327366
0.954017,0.299754
0.961448,0.274987
0.967425,0.253157
0.972155,0.234338
0.975817,0.218589
0.978562,0.205953
0.980511,0.196465
0.981756,0.190148
0.982357,0.187017
0.982345,0.187081
0.981718,0.190342
0.980445,0.196793
0.978463,0.206421
0.975679,0.219206
0.971967,0.235116
0.967176,0.254107
0.961122,0.276122
0.953596,0.301088
0.944361,0.328911
0.933155,0.359473
0.919695,0.392632
0.903678,0.428212
0.884783,0.466003
0.862677,0.505755
0.837018,0.547175
0.807463,0.589919
0.773669,0.63359
0.735304,0.677737
0.692059,0.721841
0.643645,0.765324
0.589818,0.807536
0.530382,0.847759
0.465205,0.885203
0.394238,0.919008
0.317526,0.94825
0.235228,0.97194
0.147643,0.989041
0.0552194,0.998474
-0.0414125,0.999142
-0.141426,0.989949
-0.243779,0.969831
-0.347192,0.937794
-0.450141,0.892958
-0.55085,0.834604
-0.647296,0.762239
-0.737217,0.675656
-0.818153,0.575
-0.887481,0.460844
-0.942485,0.33425
-0.980437,0.196836
-0.998708,0.0508236
-0.994893,-0.100932
-0.966959,-0.254931
-0.913405,-0.407053
-0.833433,-0.552621
-0.727124,-0.686506
-0.595598,-0.803282
-0.545475,-0.838127
-0.684821,-0.728712
-0.799709,-0.600387
-0.888632,-0.458621
-0.951176,-0.308648
-0.987867,-0.155304
-0.999996,-0.00289407
-0.989449,0.144883
-0.958537,0.284969
-0.909841,0.414958
-0.846077,0.533061
-0.769978,0.638071
-0.684204,0.72929
-0.591267,0.806476
-0.493476,0.869759
-0.392911,0.919577
-0.291397,0.956602
-0.190506,0.981686
-0.0915517,0.9958
0.00438804,0.99999
0.0964586,0.995337
0.184009,0.982925
0.266567,0.963817
0.343817,0.939037
0.415581,0.909556
0.481793,0.876285
0.542484,0.840066
0.597761,0.801674
0.647797,0.761813
0.692809,0.721121
0.733056,0.680169
0.76882,0.639465
0.800405,0.59946
0.828121,0.560549
0.852285,0.523078
0.87321,0.487345
0.891201,0.453609
0.906555,0.422088
0.919552,0.392969
0.930454,0.366408
0.939505,0.342534
0.946925,0.321454
0.952909,0.303255
0.957629,0.288006
0.961227,0.27576
0.963819,0.266559
0.965492,0.260433
0.966304,0.257402
0.966285,0.257476
0.965432,0.260656
0.963715,0.266935
0.961073,0.276294
0.957417,0.288708
0.952629,0.304135
0.946562,0.322523
0.939041,0.343804
0.929869,0.36789
0.918821,0.394675
0.90565,0.424026
0.89009,0.455784
0.871858,0.489758
0.850656,0.525723
0.826175,0.563413
0.798102,0.602522
0.766123,0.642694
0.729929,0.683523
0.689226,0.724546
0.643739,0.765245
0.593221,0.805039
0.537471,0.843282
0.476334,0.879264
0.409725,0.912209
0.337637,0.941276
0.26016,0.965566
0.177497,0.984121
0.0899882,0.995943
-0.00187914,0.999998
-0.0974392,0.995241
-0.195835,0.980637
-0.295999,0.955188
-0.396636,0.917976
-0.496213,0.868201
-0.592957,0.805234
-0.684859,0.728676
-0.769693,0.638415
-0.845044,0.534696
-0.908359,0.418192
-0.957009,0.290057
-0.988381,0.151994
-0.99998,0.00629484
-0.989558,-0.144138
-0.955256,-0.295781
-0.895766,-0.444526
-0.810492,-0.58575
-0.699717,-0.71442
-0.564751,-0.825261
-0.509918,-0.860223
-0.652851,-0.757486
-0.772464,-0.635059
-0.867038,-0.498242
-0.935939,-0.352163
-0.979467,-0.201603
-0.998706,-0.0508524
-0.995346,0.0963622
-0.971527,0.23693
-0.929683,0.368361
-0.87241,0.488776
-0.802347,0.596858
-0.722083,0.691807
-0.634079,0.773268
-0.540619,0.841268
-0.443767,0.896142
-0.345349,0.938474
-0.246949,0.969029
-0.149901,0.988701
-0.0553124,0.998469
0.0359311,0.999354
0.123141,0.992389
0.205806,0.978593
0.28357,0.958952
0.356209,0.934406
0.423617,0.905841
0.48578,0.874081
0.542766,0.839884
0.5947,0.803948
0.641763,0.766903
0.684174,0.729319
0.722178,0.691707
0.756042,0.654523
0.786045,0.618169
0.812471,0.583002
0.835605,0.549331
0.855728,0.517426
0.873111,0.487522
0.888013,0.459818
0.90068,0.434483
0.911337,0.411661
0.92019,0.391471
0.927424,0.374013
0.933197,0.359364
0.937647,0.34759
0.940881,0.338738
0.942982,0.332845
0.944004,0.329934
0.943975,0.330017
0.942893,0.333096
0.940729,0.33916
0.937424,0.348189
0.932895,0.360149
0.927028,0.374991
0.919686,0.392655
0.910704,0.41306
0.899895,0.436107
0.887049,0.461675
0.871936,0.489619
0.854309,0.519765
0.833906,0.551907
0.810452,0.585805
0.783666,0.621182
0.753264,0.657718
0.718964,0.695048
0.680491,0.732757
0.637587,0.770379
0.590016,0.807391
0.537574,0.843217
0.480099,0.877214
0.417482,0.908685
0.349681,0.936869
0.276732,0.960947
0.198769,0.980046
0.116038,0.993245
0.0289184,0.999582
-0.0620638,0.998072
-0.156208,0.987724
-0.252628,0.967563
-0.350233,0.936662
-0.447711,0.894178
-0.543522,0.839395
-0.635896,0.771774
-0.722844,0.691011
-0.802171,0.597095
-0.871512,0.490374
-0.928384,0.371621
-0.970254,0.242089
-0.994623,0.103566
-0.999135,-0.0415829
-0.981707,-0.190401
-0.940663,-0.339342
-0.874896,-0.484311
-0.78402,-0.620736
-0.66853,-0.743686
-0.529937,-0.848037
-0.470021,-0.882655
-0.61666,-0.78723
-0.741197,-0.671288
-0.84169,-0.539962
-0.917271,-0.398264
-0.96801,-0.250913
-0.994765,-0.102189
-0.999025,0.0441574
-0.982747,0.184954
-0.948214,0.317633
-0.897894,0.440213
-0.834326,0.551272
-0.760026,0.649893
-0.677402,0.735613
-0.588707,0.808347
-0.495991,0.868328
-0.40108,0.916043
-0.305568,0.95217
-0.210812,0.977527
-0.117944,0.99302
-0.0278837,0.999611
0.0586453,0.998279
0.141092,0.989996
0.219058,0.975712
0.292282,0.956332
0.360611,0.932716
0.423991,0.905667
0.482444,0.875927
0.536061,0.84418
0.584976,0.81105
0.629371,0.777105
0.669454,0.742854
0.705455,0.708755
0.737618,0.675218
0.766198,0.642605
0.791449,0.611235
0.813624,0.581391
0.83297,0.553318
0.849725,0.527227
0.864111,0.503301
0.876339,0.481695
0.886597,0.462542
0.895058,0.44595
0.901869,0.432009
0.907157,0.420792
0.911023,0.412355
0.913545,0.406737
0.914774,0.403967
0.914733,0.404059
0.913422,0.407015
0.910812,0.41282
0.90685,0.421453
0.901456,0.432872
0.894523,0.447021
0.885924,0.463831
0.875504,0.483212
0.863089,0.505052
0.848485,0.529219
0.831481,0.555553
0.811849,0.583867
0.78935,0.613944
0.763734,0.645531
0.734749,0.678339
0.702141,0.712038
0.665661,0.746254
0.62507,0.780569
0.580146,0.814512
0.530695,0.847563
0.476551,0.879147
0.417595,0.908633
0.353761,0.935336
0.285048,0.958513
0.211539,0.97737
0.133408,0.991061
0.0509432,0.998702
-0.035437,0.999372
-0.125169,0.992135
-0.217521,0.976056
-0.311575,0.950221
-0.40622,0.913775
-0.500127,0.865952
-0.59175,0.806122
-0.679325,0.733837
-0.76088,0.648893
-0.834252,0.551383
-0.897134,0.441758
-0.947114,0.320898
-0.981754,0.190156
-0.998678,0.051412
-0.995676,-0.0928924
-0.970835,-0.239748
-0.922673,-0.385584
-0.850292,-0.526312
-0.753526,-0.657419
-0.633093,-0.774076
-0.490719,-0.871318
-0.425367,-0.905021
-0.575781,-0.817604
-0.7054,-0.708809
-0.812051,-0.583587
-0.89462,-0.446829
-0.952931,-0.303186
-0.987611,-0.156925
-0.99993,-0.0118221
-0.991659,0.128893
-0.964914,0.262565
-0.922032,0.387114
-0.865446,0.501003
-0.79759,0.6032
-0.720822,0.69312
-0.637358,0.770568
-0.549233,0.835669
-0.458272,0.888812
-0.366079,0.930584
-0.274032,0.961721
-0.183289,0.983059
-0.0948022,0.995496
-0.00933233,0.999956
0.0725325,0.997366
0.150355,0.988632
0.223828,0.974629
0.292764,0.956185
0.357061,0.934081
0.416704,0.909042
0.47174,0.881738
0.522267,0.852782
0.568424,0.822736
0.610382,0.792107
0.648337,0.761354
0.682497,0.730888
0.713084,0.701079
0.740323,0.672252
0.764437,0.644698
0.785649,0.618672
0.804172,0.594397
0.820208,0.572066
0.833946,0.551847
0.84556,0.53388
0.855208,0.518285
0.863024,0.505162
0.869126,0.494591
0.873606,0.486634
0.876536,0.481336
0.877962,0.478729
0.877908,0.47883
0.876371,0.481637
0.873324,0.487139
0.868719,0.495305
0.862479,0.506092
0.854509,0.519437
0.844687,0.53526
0.832874,0.553463
0.818909,0.573924
0.802615,0.596498
0.783799,0.621015
0.762255,0.647277
0.737769,0.675053
0.710119,0.704082
0.679079,0.734065
0.644429,0.764664
0.605953,0.7955
0.563447,0.826152
0.51673,0.856149
0.465642,0.884973
0.410062,0.912058
0.349911,0.936783
0.285165,0.958478
0.215867,0.976423
0.142139,0.989847
0.0641984,0.997937
-0.017627,0.999845
-0.10288,0.994694
-0.190964,0.981597
-0.28111,0.959676
-0.372377,0.928082
-0.463629,0.88603
-0.553522,0.832834
-0.640506,0.767953
-0.722822,0.691034
-0.798516,0.601973
-0.865464,0.500971
-0.921411,0.388589
-0.964024,0.265815
-0.990967,0.134107
-0.99999,-0.00456013
-0.989038,-0.147665
-0.956375,-0.292142
-0.900724,-0.434393
-0.821406,-0.570344
-0.718489,-0.695539
-0.592925,-0.805258
-0.446663,-0.894702
-0.375563,-0.926797
-0.529748,-0.848155
-0.66455,-0.747243
-0.777552,-0.628818
-0.867383,-0.497641
-0.933611,-0.358289
-0.976612,-0.215009
-0.997433,-0.0715989
-0.997641,0.0686486
-0.97918,0.202995
-0.944242,0.329252
-0.895149,0.445767
-0.834252,0.551383
-0.763845,0.6454
-0.686109,0.727498
-0.603063,0.797694
-0.516527,0.856271
-0.428118,0.903723
-0.339231,0.940703
-0.251053,0.967973
-0.164567,0.986366
-0.0805693,0.996749
0.000313,1
0.0776035,0.996984
0.150957,0.98854
0.22014,0.975468
0.285016,0.958523
0.345527,0.938409
0.401677,0.915781
0.453529,0.891241
0.501183,0.865341
0.544772,0.838584
0.584454,0.811427
0.620406,0.784281
0.652815,0.757517
0.681875,0.731469
0.707781,0.706432
0.730728,0.682669
0.750903,0.660412
0.768488,0.639864
0.783652,0.6212
0.796551,0.604571
0.807325,0.590107
0.816099,0.577912
0.822975,0.568077
0.828041,0.560668
0.831359,0.555735
0.832973,0.553314
0.832901,0.553422
0.831144,0.556057
0.827676,0.561206
0.822451,0.568837
0.8154,0.578898
0.806435,0.591323
0.795447,0.606023
0.782308,0.622892
0.766873,0.641799
0.748984,0.662588
0.728467,0.685081
0.705141,0.709067
0.678814,0.73431
0.649293,0.760538
0.616384,0.787445
0.579898,0.814689
0.539652,0.841888
0.495481,0.868619
0.447237,0.894415
0.394805,0.918765
0.3381,0.94111
0.277084,0.960846
0.211775,0.977318
0.142257,0.98983
0.0686931,0.997638
-0.0086593,0.999963
-0.0894349,0.995993
-0.173139,0.984897
-0.259137,0.965841
-0.346634,0.938001
-0.434657,0.900596
-0.522051,0.852915
-0.607457,0.794353
-0.689319,0.724458
-0.765885,0.642978
-0.835222,0.549912
-0.895246,0.445572
-0.943758,0.330636
-0.97851,0.206201
-0.99727,0.0738376
-0.997925,-0.0643813
-0.978583,-0.205853
-0.937697,-0.347453
-0.874203,-0.48556
-0.787657,-0.616114
-0.678371,-0.734719
-0.547544,-0.836777
-0.397363,-0.917662
-0.320267,-0.947327
-0.478122,-0.878293
-0.618125,-0.786079
-0.737606,-0.675231
-0.834924,-0.550366
-0.909374,-0.41598
-0.961075,-0.276289
-0.99083,-0.135115
-0.999991,0.0041944
-0.990319,0.138813
-0.963851,0.266442
-0.922787,0.38531
-0.869385,0.494135
-0.805877,0.592083
-0.734401,0.678716
-0.656954,0.75393
-0.575356,0.817903
-0.491229,0.87103
-0.40599,0.913877
-0.320851,0.947129
-0.236829,0.971551
-0.154754,0.987953
-0.0752921,0.997162
0.00104196,0.999999
0.0738631,0.997268
0.142899,0.989737
0.207972,0.978135
0.268985,0.963144
0.325905,0.945402
0.378753,0.925498
0.427595,0.90397
0.472526,0.881317
0.513668,0.857989
0.551164,0.834397
0.585168,0.810912
0.615843,0.787869
0.643354,0.765569
0.66787,0.744278
0.689551,0.724237
0.708557,0.705653
0.725035,0.688712
0.739122,0.673572
0.750942,0.660368
0.760606,0.649214
0.768206,0.640203
0.773817,0.633409
0.777497,0.628887
0.779282,0.626673
0.779193,0.626784
0.777225,0.629223
0.773357,0.633971
0.767546,0.640994
0.759732,0.650236
0.749834,0.661626
0.737756,0.675068
0.723382,0.690448
0.706586,0.707627
0.687227,0.726442
0.665154,0.746706
0.640208,0.768202
0.612225,0.790684
0.581039,0.813876
0.546487,0.837467
0.508413,0.861114
0.466668,0.884433
0.421123,0.907004
0.371668,0.928366
0.318225,0.948015
0.26075,0.965406
0.199243,0.97995
0.133763,0.991013
0.0644333,0.997922
-0.00854415,0.999964
-0.0848731,0.996392
-0.16415,0.986435
-0.245844,0.969309
-0.329288,0.944229
-0.413654,0.910434
-0.497945,0.867208
-0.580981,0.813917
-0.661393,0.75004
-0.737618,0.675218
-0.807913,0.589301
-0.870369,0.492399
-0.922942,0.384938
-0.963498,0.267716
-0.989874,0.14195
-0.999957,0.00932004
-0.991775,-0.127995
-0.96361,-0.267311
-0.914119,-0.405447
-0.842462,-0.538755
-0.748445,-0.663197
-0.632635,-0.77445
-0.496494,-0.86804
-0.342454,-0.939535
-0.259206,-0.965822
-0.420512,-0.907287
-0.56563,-0.824659
-0.691627,-0.722255
-0.796581,-0.604532
-0.879507,-0.475885
-0.940246,-0.340497
-0.979344,-0.202201
-0.997924,-0.0643982
-0.997547,0.0699955
-0.980086,0.198576
-0.947606,0.319443
-0.902264,0.431184
-0.846221,0.532832
-0.781568,0.62382
-0.710277,0.703922
-0.634162,0.7732
-0.554852,0.831949
-0.473784,0.880641
-0.392196,0.919882
-0.311136,0.950365
-0.231471,0.972842
-0.153903,0.988086
-0.0789878,0.996876
-0.00714765,0.999974
0.0613047,0.998119
0.126153,0.992011
0.187263,0.98231
0.244564,0.969633
0.298039,0.954554
0.347716,0.9376
0.393656,0.919258
0.435948,0.899972
0.474699,0.880148
0.510032,0.860156
0.542076,0.840329
0.57097,0.820971
0.596851,0.802352
0.61986,0.784713
0.640125,0.76827
0.657777,0.753213
0.672931,0.739705
0.685696,0.727888
0.696165,0.717881
0.704421,0.709783
0.710527,0.70367
0.714534,0.699601
0.716474,0.697614
0.716363,0.697728
0.714198,0.699944
0.70996,0.704242
0.703609,0.710587
0.695094,0.718919
0.684344,0.729159
0.671273,0.74121
0.655782,0.75495
0.637762,0.770234
0.61709,0.786892
0.593638,0.804732
0.567272,0.82353
0.537856,0.843037
0.50525,0.862973
0.469324,0.883026
0.429953,0.902851
0.387024,0.92207
0.340442,0.940266
0.290135,0.956986
0.236061,0.971738
0.178213,0.983992
0.116632,0.993175
0.0514136,0.998677
-0.0172808,0.999851
-0.0892107,0.996013
-0.164042,0.986453
-0.241335,0.970442
-0.320524,0.94724
-0.400908,0.916118
-0.48163,0.876375
-0.561664,0.827366
-0.639811,0.768532
-0.714688,0.699443
-0.784729,0.619839
-0.848203,0.529672
-0.903224,0.429169
-0.947796,0.318879
-0.979853,0.19972
-0.997329,0.0730354
-0.998236,-0.0593782
-0.980756,-0.195239
-0.943358,-0.331776
-0.884915,-0.465753
-0.804829,-0.593507
-0.703166,-0.711026
-0.580767,-0.81407
-0.439366,-0.898308
-0.281652,-0.959517
-0.192217,-0.981352
-0.356605,-0.934255
-0.506616,-0.862172
-0.639052,-0.769163
-0.751701,-0.659504
-0.843277,-0.537479
-0.913332,-0.407216
-0.962141,-0.272552
-0.99058,-0.136937
-0.999994,-0.00336971
-0.992076,0.125635
-0.968747,0.248052
-0.932049,0.362332
-0.884062,0.46737
-0.826825,0.56246
-0.762279,0.647249
-0.692227,0.72168
-0.618305,0.785938
-0.541967,0.8404
-0.464477,0.885585
-0.386913,0.922116
-0.31018,0.950678
-0.235018,0.971991
-0.16202,0.986787
-0.091648,0.995791
-0.0242528,0.999706
0.0399124,0.999203
0.100674,0.994919
0.157926,0.987451
0.211615,0.977353
0.261736,0.96514
0.308314,0.951285
0.351403,0.936224
0.391079,0.920357
0.427432,0.904048
0.460561,0.887628
0.490576,0.871398
0.517588,0.85563
0.541706,0.840568
0.563042,0.826429
0.581698,0.813405
0.597774,0.801665
0.611358,0.791354
0.62253,0.782596
0.631358,0.775491
0.637898,0.770121
0.64219,0.766545
0.644262,0.764804
0.644128,0.764917
0.641783,0.766886
0.637211,0.770689
0.63038,0.776287
0.621242,0.783619
0.609738,0.792603
0.595796,0.803136
0.579331,0.815092
0.560252,0.828322
0.538457,0.842653
0.51384,0.857886
0.486292,0.873796
0.455702,0.890132
0.421964,0.906613
0.384974,0.922928
0.34464,0.938735
0.300885,0.953661
0.253646,0.967297
0.202887,0.979202
0.148603,0.988897
0.0908238,0.995867
0.0296254,0.999561
-0.0348594,0.999392
-0.102432,0.99474
-0.172815,0.984954
-0.245639,0.969361
-0.320428,0.947273
-0.396581,0.918
-0.473366,0.880866
-0.549895,0.835234
-0.625115,0.780532
-0.697808,0.716285
-0.766579,0.642151
-0.829859,0.557973
-0.885931,0.463817
-0.932941,0.36003
-0.968943,0.247285
-0.99195,0.126633
-1,-0.000456007
-0.991241,-0.132066
-0.964026,-0.265808
-0.917024,-0.398831
-0.849339,-0.527848
-0.760631,-0.649184
-0.651244,-0.758869
-0.522304,-0.852759
-0.375828,-0.926689
-0.214773,-0.976664
-0.119268,-0.992862
-0.286195,-0.958171
-0.440722,-0.897644
-0.579378,-0.815059
-0.699652,-0.714484
-0.79995,-0.600067
-0.879517,-0.475868
-0.938342,-0.345709
-0.977034,-0.213082
-0.996709,-0.0810621
-0.99886,0.0477289
-0.985247,0.171137
-0.957788,0.287476
-0.918468,0.395494
-0.869265,0.494347
-0.812081,0.583544
-0.748707,0.662901
-0.680778,0.73249
-0.609762,0.792584
-0.536951,0.843614
-0.463454,0.886121
-0.390211,0.920725
-0.318,0.948091
-0.247452,0.9689
-0.179069,0.983836
-0.11324,0.993568
-0.0502547,0.998736
0.00967686,0.999953
0.0664134,0.997792
0.119868,0.99279
0.169999,0.985444
0.216802,0.976216
0.260297,0.965528
0.300528,0.953773
0.337554,0.941306
0.371447,0.928454
0.402286,0.915514
0.430153,0.902756
0.455136,0.890422
0.477318,0.878731
0.496783,0.867875
0.513608,0.858025
0.527865,0.849328
0.539619,0.841909
0.548923,0.835873
0.555822,0.831301
0.560351,0.828255
0.56253,0.826777
0.56237,0.826886
0.559867,0.828582
0.555008,0.831845
0.547764,0.836633
0.538098,0.842882
0.525959,0.85051
0.511289,0.859409
0.49402,0.86945
0.474076,0.880484
0.451379,0.892332
0.425844,0.904797
0.397387,0.917651
0.365924,0.930645
0.331378,0.943498
0.293676,0.955905
0.252756,0.96753
0.208573,0.978007
0.161099,0.986938
0.110331,0.993895
0.0562988,0.998414
-0.000934168,1
-0.0612548,0.998122
-0.124496,0.99222
-0.190425,0.981702
-0.258728,0.96595
-0.328999,0.94433
-0.40073,0.916196
-0.473285,0.880909
-0.545898,0.837852
-0.617652,0.786451
-0.68747,0.726213
-0.754112,0.656745
-0.816174,0.577807
-0.87209,0.489345
-0.920159,0.391546
-0.958563,0.284882
-0.985416,0.170161
-0.99882,0.048565
-0.99693,-0.0783029
-0.978043,-0.208404
-0.940697,-0.339247
-0.883781,-0.467901
-0.806644,-0.591037
-0.709225,-0.704983
-0.592156,-0.805824
-0.456865,-0.889536
-0.305661,-0.95214
-0.141773,-0.989899
-0.0404985,-0.99918
-0.209228,-0.977867
-0.367706,-0.929942
-0.512191,-0.858872
-0.639868,-0.768485
-0.748827,-0.662765
-0.837993,-0.545681
-0.907048,-0.421027
-0.956322,-0.292316
-0.986677,-0.162693
-0.999391,-0.0348828
-0.996046,0.0888373
-0.978418,0.206637
-0.948385,0.317122
-0.90785,0.419296
-0.85867,0.512528
-0.802612,0.596501
-0.741311,0.671162
-0.676243,0.736678
-0.608725,0.793381
-0.539898,0.841731
-0.470735,0.882274
-0.402053,0.915617
-0.334522,0.942388
-0.268682,0.963229
-0.20496,0.97877
-0.143684,0.989624
-0.0850976,0.996373
-0.0293776,0.999568
0.0233568,0.999727
0.0730316,0.99733
0.11961,0.992821
0.163082,0.986612
0.203462,0.979083
0.240779,0.97058
0.275077,0.961422
0.306406,0.951901
0.334824,0.942281
0.360391,0.932801
0.383169,0.923678
0.403218,0.915104
0.420598,0.907247
0.43536,0.900256
0.447555,0.894256
0.457223,0.889352
0.464398,0.885627
0.469106,0.883142
0.471362,0.88194
0.471175,0.88204
0.468541,0.883442
0.463448,0.886124
0.455874,0.890044
0.445788,0.895138
0.433153,0.90132
0.417922,0.908483
0.400042,0.916497
0.379458,0.925209
0.35611,0.934444
0.329938,0.944003
0.30088,0.953662
0.268882,0.963173
0.233891,0.972263
0.195865,0.980631
0.154773,0.98795
0.1106,0.993865
0.0633505,0.997991
0.0130542,0.999915
-0.0402289,0.999191
-0.0963995,0.995343
-0.155313,0.987865
-0.216769,0.976223
-0.280498,0.959855
-0.346155,0.938177
-0.4133,0.910595
-0.481387,0.876508
-0.54975,0.835329
-0.617588,0.786502
-0.683957,0.729523
-0.747754,0.663976
-0.807723,0.589563
-0.86245,0.506143
-0.910377,0.41378
-0.949825,0.312783
-0.979021,0.203757
-0.996151,0.0876487
-0.999414,-0.0342208
-0.987098,-0.160115
-0.957668,-0.287876
-0.909863,-0.414909
-0.842807,-0.538215
-0.756119,-0.654434
-0.650027,-0.759911
-0.525471,-0.850812
-0.384189,-0.923255
-0.22879,-0.973476
-0.0627748,-0.998028
0.0437499,-0.999043
-0.125829,-0.992052
-0.287482,-0.957786
-0.437208,-0.899361
-0.571887,-0.820332
-0.689283,-0.724492
-0.787991,-0.615686
-0.867374,-0.497656
-0.92746,-0.373921
-0.968842,-0.247681
-0.992561,-0.121753
-0.999999,0.00146499
-0.992774,0.120002
-0.972641,0.232314
-0.941414,0.337254
-0.900893,0.434041
-0.852812,0.522218
-0.798795,0.601603
-0.74033,0.672243
-0.678749,0.734371
-0.615222,0.788354
-0.550758,0.834665
-0.486212,0.873841
-0.422292,0.90646
-0.359579,0.933115
-0.298536,0.954398
-0.239527,0.97089
-0.182831,0.983144
-0.128659,0.991689
-0.0771615,0.997019
-0.028442,0.999595
0.0174305,0.999848
0.0604198,0.998173
0.100509,0.994936
0.137702,0.990474
0.172013,0.985095
0.203469,0.979081
0.2321,0.972692
0.257944,0.96616
0.281039,0.959696
0.301425,0.95349
0.319139,0.947708
0.33422,0.942495
0.346697,0.937977
0.356604,0.934256
0.363959,0.931415
0.368783,0.929516
0.371085,0.928599
0.37087,0.928685
0.368135,0.929773
0.36287,0.93184
0.355059,0.934844
0.34468,0.93872
0.331704,0.943384
0.316099,0.948726
0.297828,0.954619
0.276854,0.960912
0.253138,0.96743
0.226639,0.973979
0.197323,0.980339
0.165158,0.986267
0.130121,0.991498
0.092196,0.995741
0.0513806,0.998679
0.00768995,0.99997
-0.0388419,0.999245
-0.0881551,0.996107
-0.140158,0.990129
-0.194721,0.980859
-0.251667,0.967814
-0.310765,0.950487
-0.371712,0.928348
-0.434129,0.900851
-0.497544,0.867439
-0.561376,0.827561
-0.624925,0.780685
-0.687361,0.726316
-0.747709,0.664027
-0.804844,0.593487
-0.857495,0.514493
-0.904245,0.427015
-0.943548,0.331237
-0.973755,0.2276
-0.99315,0.116847
-1,6.85771e-05
-0.992619,-0.121274
-0.969445,-0.245309
-0.929127,-0.369761
-0.870627,-0.491944
-0.793324,-0.6088
-0.697123,-0.716952
-0.582557,-0.81279
-0.450889,-0.89258
-0.304175,-0.952616
-0.145326,-0.989384
0.0218899,-0.99976
0.132901,-0.991129
-0.0363407,-0.999339
-0.200165,-0.979762
-0.354317,-0.935125
-0.495386,-0.868673
-0.620802,-0.783968
-0.728826,-0.684699
-0.818484,-0.57453
-0.889487,-0.45696
-0.942138,-0.335225
-0.977221,-0.212222
-0.9959,-0.0904637
-0.999609,0.0279458
-0.989965,0.141312
-0.968675,0.248333
-0.937467,0.348075
-0.898031,0.439931
-0.851974,0.523584
-0.800781,0.598957
-0.745802,0.666168
-0.688231,0.725491
-0.629111,0.777315
-0.569333,0.822107
-0.509645,0.860385
-0.450664,0.892694
-0.392895,0.919583
-0.336735,0.9416
-0.282499,0.959267
-0.230431,0.973089
-0.180711,0.983536
-0.133473,0.991053
-0.0888125,0.996048
-0.046795,0.998905
-0.00746212,0.999972
0.0291623,0.999575
0.0630693,0.998009
0.0942599,0.995548
0.122742,0.992439
0.148528,0.988908
0.171637,0.98516
0.192087,0.981378
0.209898,0.977723
0.22509,0.974338
0.23768,0.971343
0.247685,0.968841
0.255119,0.96691
0.259989,0.965612
0.262302,0.964986
0.262059,0.965052
0.259258,0.965808
0.253891,0.967233
0.245947,0.969283
0.235412,0.971896
0.222269,0.974985
0.206498,0.978447
0.188078,0.982154
0.166989,0.985959
0.143211,0.989692
0.116726,0.993164
0.0875214,0.996163
0.0555905,0.998454
0.0209342,0.999781
-0.016436,0.999865
-0.0564957,0.998403
-0.0992028,0.995067
-0.144495,0.989505
-0.192284,0.981339
-0.242451,0.970164
-0.294835,0.955548
-0.34923,0.937037
-0.405374,0.914151
-0.462933,0.886393
-0.521496,0.853254
-0.580555,0.814221
-0.639499,0.768792
-0.697594,0.716493
-0.753978,0.6569
-0.80765,0.589662
-0.857467,0.514539
-0.902145,0.431434
-0.940269,0.340431
-0.970315,0.241844
-0.990674,0.13625
-0.999699,0.0245386
-0.995754,-0.0920566
-0.977285,-0.211929
-0.942898,-0.33308
-0.891449,-0.45312
-0.822142,-0.569283
-0.734631,-0.678467
-0.629123,-0.777305
-0.506477,-0.862253
-0.368283,-0.929714
-0.216919,-0.97619
-0.0555978,-0.998453
0.111658,-0.993747
0.226117,-0.9741
0.0586367,-0.998279
-0.106105,-0.994355
-0.263629,-0.964624
-0.410236,-0.91198
-0.543034,-0.839711
-0.65994,-0.751319
-0.759637,-0.650348
-0.841503,-0.540252
-0.905531,-0.424279
-0.952227,-0.30539
-0.982513,-0.186194
-0.997622,-0.0689247
-0.999006,0.0445768
-0.988249,0.152854
-0.96699,0.254815
-0.936862,0.3497
-0.899438,0.437048
-0.856198,0.516648
-0.808497,0.5885
-0.757553,0.652773
-0.704437,0.709766
-0.650076,0.759869
-0.595256,0.803536
-0.540633,0.841258
-0.486749,0.873542
-0.434038,0.900894
-0.382851,0.92381
-0.333459,0.942764
-0.286077,0.958207
-0.240863,0.970559
-0.197943,0.980213
-0.157406,0.987534
-0.119317,0.992856
-0.083725,0.996489
-0.0506621,0.998716
-0.0201502,0.999797
0.007797,0.99997
0.0331716,0.99945
0.0559713,0.998432
0.0761965,0.997093
0.0938479,0.995587
0.108931,0.994049
0.121449,0.992598
0.131406,0.991329
0.138805,0.99032
0.143647,0.989629
0.145934,0.989294
0.145665,0.989334
0.142836,0.989746
0.137443,0.99051
0.129481,0.991582
0.118942,0.992901
0.10582,0.994385
0.0901087,0.995932
0.0718003,0.997419
0.0508918,0.998704
0.0273814,0.999625
0.00127275,0.999999
-0.0274262,0.999624
-0.0586999,0.998276
-0.0925233,0.99571
-0.128861,0.991663
-0.167664,0.985844
-0.208864,0.977945
-0.252374,0.96763
-0.298079,0.954541
-0.345834,0.938296
-0.39545,0.918488
-0.446694,0.894687
-0.499272,0.866445
-0.552822,0.833299
-0.606898,0.794779
-0.660963,0.750418
-0.714372,0.699767
-0.766358,0.642413
-0.816032,0.578007
-0.862368,0.506283
-0.904205,0.427099
-0.940256,0.340468
-0.969118,0.246599
-0.989294,0.145939
-0.999231,0.03921
-0.997365,-0.072552
-0.982176,-0.187964
-0.952262,-0.305281
-0.906419,-0.42238
-0.843729,-0.53677
-0.763659,-0.64562
-0.666159,-0.74581
-0.551757,-0.834005
-0.421642,-0.906762
-0.277743,-0.960655
-0.12276,-0.992436
0.0398072,-0.999207
0.205697,-0.978616
0.322268,-0.946648
0.158216,-0.987405
-0.00593699,-0.999982
-0.165514,-0.986207
-0.316549,-0.948576
-0.455839,-0.890062
-0.580959,-0.813932
-0.690243,-0.723577
-0.782723,-0.62237
-0.858065,-0.513542
-0.916477,-0.400088
-0.958615,-0.284705
-0.985489,-0.169741
-0.998364,-0.0571744
-0.998679,0.0513844
-0.987964,0.154685
-0.967777,0.25181
-0.939646,0.342148
-0.90503,0.425347
-0.865285,0.501281
-0.821641,0.570005
-0.775197,0.63172
-0.72691,0.686733
-0.677604,0.735427
-0.627973,0.778235
-0.578596,0.815614
-0.529943,0.848033
-0.4824,0.875951
-0.436269,0.899816
-0.391792,0.920054
-0.349158,0.937064
-0.308516,0.951219
-0.269978,0.962867
-0.233633,0.972325
-0.199552,0.979887
-0.167787,0.985823
-0.138381,0.990379
-0.111368,0.993779
-0.0867737,0.996228
-0.0646196,0.99791
-0.0449234,0.99899
-0.0276984,0.999616
-0.0129556,0.999916
-0.000704332,1
0.00904794,0.999959
0.0162955,0.999867
0.0210326,0.999779
0.0232559,0.99973
0.0229621,0.999736
0.0201478,0.999797
0.0148118,0.99989
0.0069529,0.999976
-0.00342754,0.999994
-0.0163277,0.999867
-0.0317419,0.999496
-0.0496632,0.998766
-0.0700793,0.997541
-0.0929745,0.995668
-0.118328,0.992975
-0.14611,0.989268
-0.176285,0.984339
-0.208808,0.977957
-0.243619,0.969871
-0.280648,0.959811
-0.319805,0.947483
-0.360978,0.932574
-0.404029,0.914746
-0.448786,0.89364
-0.495036,0.868872
-0.542519,0.840043
-0.590914,0.806735
-0.639826,0.76852
-0.688781,0.72497
-0.737208,0.675666
-0.78443,0.620217
-0.829652,0.558281
-0.871957,0.489583
-0.910299,0.413951
-0.943509,0.331348
-0.9703,0.241905
-0.98929,0.145963
-0.999027,0.0441088
-0.998027,-0.0627888
-0.984826,-0.173542
-0.958043,-0.286625
-0.916447,-0.400156
-0.859046,-0.511898
-0.785173,-0.619277
-0.694577,-0.719418
-0.587523,-0.809207
-0.46487,-0.885379
-0.328151,-0.944625
-0.179628,-0.983735
-0.0223166,-0.999751
0.140011,-0.99015
0.302884,-0.953028
0.419931,-0.907556
0.261202,-0.965284
0.0993989,-0.995048
-0.0606436,-0.998159
-0.214723,-0.976675
-0.359344,-0.933205
-0.491748,-0.870738
-0.609917,-0.792466
-0.712531,-0.701641
-0.798917,-0.601442
-0.868964,-0.494875
-0.923044,-0.384694
-0.961916,-0.273347
-0.986636,-0.162939
-0.998474,-0.0552279
-0.998829,0.0483795
-0.989165,0.146809
-0.970948,0.23929
-0.945602,0.325326
-0.91447,0.404655
-0.878789,0.477211
-0.839675,0.543089
-0.798117,0.602503
-0.754968,0.655762
-0.710961,0.703232
-0.66671,0.745317
-0.622725,0.782441
-0.579419,0.81503
-0.537131,0.843499
-0.496129,0.868249
-0.45663,0.889657
-0.418803,0.908077
-0.382787,0.923837
-0.34869,0.937238
-0.316601,0.948559
-0.286593,0.958053
-0.258726,0.965951
-0.233051,0.972464
-0.209614,0.977784
-0.188449,0.982083
-0.169591,0.985515
-0.153068,0.988216
-0.138903,0.990306
-0.127119,0.991888
-0.117731,0.993046
-0.110755,0.993848
-0.106201,0.994345
-0.104079,0.994569
-0.104394,0.994536
-0.107148,0.994243
-0.112341,0.99367
-0.119968,0.992778
-0.130022,0.991511
-0.142491,0.989796
-0.157361,0.987541
-0.174609,0.984638
-0.194211,0.98096
-0.216135,0.976364
-0.240342,0.970688
-0.266788,0.963755
-0.295416,0.955369
-0.326162,0.945314
-0.358948,0.933358
-0.393683,0.919246
-0.430257,0.902707
-0.468536,0.883444
-0.50836,0.861145
-0.549536,0.83547
-0.591825,0.806066
-0.634942,0.77256
-0.678538,0.734566
-0.722189,0.691696
-0.765391,0.643565
-0.807543,0.589808
-0.847937,0.530097
-0.885752,0.464159
-0.920047,0.391808
-0.949763,0.31297
-0.973726,0.227723
-0.990665,0.136321
-0.99923,0.0392419
-0.998027,-0.0627802
-0.985663,-0.168729
-0.960793,-0.277266
-0.922195,-0.386725
-0.868834,-0.495103
-0.799955,-0.600059
-0.71516,-0.698961
-0.614502,-0.788915
-0.498574,-0.866847
-0.368576,-0.929598
-0.226386,-0.974038
-0.0745974,-0.997214
0.0834791,-0.99651
0.243825,-0.969819
0.401794,-0.91573
0.51737,-0.855762
0.366067,-0.930588
0.208619,-0.977997
0.0499659,-0.998751
-0.105492,-0.99442
-0.253992,-0.967206
-0.392461,-0.919769
-0.518537,-0.855055
-0.630547,-0.776151
-0.727465,-0.686145
-0.808848,-0.588018
-0.874762,-0.484553
-0.925694,-0.378273
-0.962468,-0.271397
-0.986157,-0.165816
-0.998008,-0.0630881
-0.999368,0.0355535
-0.991621,0.129183
-0.976138,0.217149
-0.954237,0.29905
-0.92715,0.37469
-0.896003,0.444049
-0.861803,0.507243
-0.825439,0.564491
-0.787673,0.616094
-0.749155,0.662395
-0.710429,0.703769
-0.671945,0.740601
-0.634068,0.773278
-0.597098,0.802169
-0.561275,0.82763
-0.526793,0.849994
-0.493809,0.86957
-0.462453,0.886644
-0.43283,0.901475
-0.405031,0.914303
-0.379133,0.925342
-0.355199,0.934791
-0.333291,0.942824
-0.313459,0.949602
-0.295748,0.955266
-0.280201,0.959941
-0.266853,0.963737
-0.255734,0.966747
-0.246871,0.969048
-0.240286,0.970702
-0.235995,0.971754
-0.234012,0.972234
-0.234342,0.972154
-0.236988,0.971513
-0.241947,0.970289
-0.249212,0.968449
-0.258767,0.96594
-0.270593,0.962694
-0.284666,0.958627
-0.300953,0.953639
-0.319416,0.947614
-0.34001,0.940422
-0.362682,0.931913
-0.38737,0.921924
-0.414004,0.910275
-0.442502,0.896767
-0.47277,0.881186
-0.504698,0.863296
-0.538157,0.842845
-0.572996,0.819558
-0.609036,0.793143
-0.64606,0.763287
-0.683808,0.729662
-0.721969,0.691925
-0.760168,0.649726
-0.797955,0.602718
-0.834794,0.550562
-0.870057,0.492951
-0.903008,0.429623
-0.932802,0.360389
-0.958483,0.285151
-0.978982,0.203946
-0.993136,0.116967
-0.999697,0.0246034
-0.997366,-0.072527
-0.984827,-0.173541
-0.960791,-0.277273
-0.924062,-0.382243
-0.873597,-0.48665
-0.808583,-0.588382
-0.72852,-0.685024
-0.633303,-0.773904
-0.523305,-0.852145
-0.399458,-0.916751
-0.263307,-0.964712
-0.117071,-0.993124
0.0363432,-0.999339
0.193351,-0.98113
0.349723,-0.936853
0.50069,-0.865627
0.612544,-0.790437
0.470948,-0.882161
0.320079,-0.947391
0.164925,-0.986306
0.0100365,-0.99995
-0.140596,-0.990067
-0.28361,-0.95894
-0.416316,-0.90922
-0.536689,-0.84378
-0.643351,-0.765572
-0.735515,-0.677508
-0.812923,-0.582371
-0.875768,-0.482731
-0.924619,-0.380894
-0.960329,-0.278871
-0.983965,-0.178362
-0.996734,-0.0807503
-0.999917,0.0128785
-0.994813,0.101721
-0.982696,0.185227
-0.964778,0.263066
-0.942185,0.335093
-0.915939,0.401319
-0.886948,0.461869
-0.856007,0.516965
-0.823797,0.566884
-0.790897,0.61195
-0.757786,0.652503
-0.724863,0.688893
-0.692454,0.721462
-0.660823,0.750542
-0.630189,0.776442
-0.600726,0.799455
-0.572582,0.819847
-0.545881,0.837862
-0.520725,0.853725
-0.497204,0.867633
-0.4754,0.87977
-0.455382,0.890296
-0.437212,0.899358
-0.42095,0.907084
-0.406646,0.913586
-0.394345,0.918962
-0.384086,0.923297
-0.375904,0.926659
-0.369826,0.929101
-0.365874,0.930664
-0.364063,0.931374
-0.364401,0.931242
-0.366891,0.930264
-0.371527,0.928422
-0.378297,0.925684
-0.387182,0.922003
-0.398155,0.917318
-0.411183,0.911553
-0.426225,0.904617
-0.443231,0.896408
-0.462145,0.886805
-0.4829,0.875675
-0.505424,0.862871
-0.529631,0.848228
-0.555426,0.831566
-0.5827,0.812688
-0.611328,0.791377
-0.641166,0.767402
-0.672046,0.740509
-0.703768,0.710429
-0.736099,0.676874
-0.768757,0.639542
-0.801405,0.598123
-0.833643,0.552303
-0.864996,0.501779
-0.894901,0.446265
-0.922701,0.385516
-0.947639,0.319343
-0.968851,0.247643
-0.985372,0.17042
-0.996136,0.0878211
-1,0.000168475
-0.995758,-0.0920129
-0.982177,-0.18796
-0.958037,-0.286644
-0.922184,-0.386751
-0.873587,-0.486668
-0.81141,-0.584478
-0.735082,-0.677978
-0.644384,-0.764702
-0.539518,-0.841974
-0.421191,-0.906972
-0.290677,-0.956821
-0.149867,-0.988706
-0.0013036,-0.999999
0.151812,-0.988409
0.305657,-0.952142
0.455841,-0.890061
0.597524,-0.801851
0.703143,-0.711049
0.573659,-0.819094
0.431778,-0.90198
0.282464,-0.959278
0.130357,-0.991467
-0.0203689,-0.999793
-0.166102,-0.986109
-0.303844,-0.952722
-0.431239,-0.902238
-0.546553,-0.837424
-0.648653,-0.761084
-0.736944,-0.675953
-0.811311,-0.584615
-0.872038,-0.489438
-0.919739,-0.392531
-0.955275,-0.295718
-0.979688,-0.200528
-0.99413,-0.108195
-0.999806,-0.0196787
-0.997929,0.0643211
-0.989675,0.143333
-0.976153,0.217084
-0.958389,0.285465
-0.937306,0.348506
-0.913722,0.406339
-0.888348,0.45917
-0.86179,0.507265
-0.834562,0.550914
-0.80709,0.590428
-0.779729,0.626118
-0.752766,0.658289
-0.72644,0.68723
-0.700948,0.713212
-0.676451,0.736488
-0.653089,0.757282
-0.630977,0.775801
-0.610217,0.792234
-0.590901,0.806744
-0.573108,0.81948
-0.556912,0.830571
-0.542379,0.840134
-0.529567,0.848268
-0.51853,0.855059
-0.509315,0.86058
-0.501959,0.864891
-0.496497,0.868038
-0.492953,0.870056
-0.491346,0.870965
-0.491684,0.870774
-0.493967,0.86948
-0.498191,0.867067
-0.50434,0.863505
-0.512389,0.858753
-0.522307,0.852757
-0.534054,0.845451
-0.547579,0.836754
-0.562825,0.826576
-0.579727,0.814811
-0.598208,0.801341
-0.618184,0.786034
-0.639559,0.768742
-0.662227,0.749303
-0.686066,0.727539
-0.71094,0.703253
-0.736688,0.676232
-0.76313,0.646246
-0.790048,0.613044
-0.81719,0.576368
-0.844254,0.535943
-0.870881,0.491493
-0.896648,0.442744
-0.921053,0.389438
-0.943509,0.331348
-0.963337,0.268296
-0.979761,0.200173
-0.991907,0.126968
-0.998809,0.0487943
-0.999419,-0.0340824
-0.992627,-0.121209
-0.977287,-0.211922
-0.952253,-0.305312
-0.916425,-0.400206
-0.868804,-0.495157
-0.80855,-0.588427
-0.735059,-0.678003
-0.648024,-0.76162
-0.547523,-0.83679
-0.434083,-0.900873
-0.308746,-0.951145
-0.173131,-0.984899
-0.0294606,-0.999566
0.119417,-0.992844
0.27004,-0.962849
0.418396,-0.908265
0.559987,-0.828502
0.689971,-0.723837
0.786608,-0.617453
0.671708,-0.740816
0.541353,-0.840796
0.40041,-0.916336
0.253538,-0.967326
0.105031,-0.994469
-0.0412904,-0.999147
-0.18216,-0.983269
-0.314906,-0.949123
-0.437458,-0.899239
-0.548333,-0.83626
-0.646596,-0.762833
-0.731804,-0.681515
-0.803947,-0.594701
-0.86337,-0.504572
-0.910706,-0.413054
-0.946806,-0.321805
-0.972667,-0.232204
-0.989379,-0.145357
-0.998069,-0.0621147
-0.999857,0.016907
-0.995823,0.0913002
-0.986981,0.160835
-0.974259,0.225432
-0.958489,0.285129
-0.940405,0.340056
-0.920642,0.390409
-0.899739,0.436428
-0.878154,0.478378
-0.856264,0.516539
-0.834382,0.551186
-0.812771,0.582584
-0.791642,0.610986
-0.771174,0.636625
-0.751518,0.659712
-0.732804,0.68044
-0.715142,0.698979
-0.698633,0.715481
-0.683364,0.730078
-0.669416,0.742888
-0.656861,0.754012
-0.645766,0.763536
-0.636187,0.771535
-0.628177,0.778071
-0.62178,0.783192
-0.61703,0.78694
-0.613956,0.78934
-0.612577,0.790411
-0.612903,0.790159
-0.614934,0.788578
-0.618663,0.785656
-0.624072,0.781367
-0.631132,0.775675
-0.639809,0.768534
-0.650056,0.759887
-0.661817,0.749666
-0.675028,0.737792
-0.689617,0.724175
-0.7055,0.70871
-0.722584,0.691283
-0.740766,0.671763
-0.759929,0.650006
-0.779943,0.62585
-0.80066,0.599119
-0.821909,0.569618
-0.843494,0.537139
-0.865183,0.501456
-0.886706,0.462333
-0.907742,0.419529
-0.927911,0.372802
-0.946767,0.321919
-0.963786,0.266677
-0.978361,0.206907
-0.989794,0.142507
-0.997299,0.0734532
-1,-0.00016466
-0.996944,-0.078122
-0.987113,-0.160027
-0.969449,-0.245295
-0.942885,-0.333119
-0.906385,-0.422452
-0.858993,-0.511987
-0.799889,-0.600148
-0.72845,-0.685099
-0.644322,-0.764754
-0.547485,-0.836816
-0.438328,-0.898815
-0.317706,-0.948189
-0.187003,-0.982359
-0.0481707,-0.998839
0.0962568,-0.995357
0.243157,-0.969987
0.388855,-0.921299
0.5292,-0.848497
0.659654,-0.751569
0.775453,-0.631405
0.8602,-0.509957
0.762346,-0.64717
0.646125,-0.763231
0.516219,-0.856457
0.377226,-0.926121
0.233497,-0.972357
0.0889993,-0.996032
-0.052776,-0.998606
-0.188877,-0.982001
-0.316914,-0.948454
-0.43507,-0.900397
-0.542064,-0.840337
-0.637124,-0.770761
-0.719924,-0.694053
-0.790525,-0.612429
-0.849308,-0.527897
-0.896908,-0.442218
-0.934142,-0.356901
-0.961959,-0.273192
-0.981377,-0.192089
-0.99344,-0.114351
-0.999179,-0.0405226
-0.999578,0.029039
-0.995559,0.0941384
-0.987959,0.154714
-0.977527,0.210809
-0.964919,0.262549
-0.950699,0.310114
-0.935351,0.353722
-0.919276,0.393613
-0.902814,0.430032
-0.886243,0.46322
-0.869797,0.493411
-0.853667,0.52082
-0.838018,0.545642
-0.82299,0.568055
-0.808702,0.588218
-0.795262,0.606266
-0.782763,0.62232
-0.771292,0.636481
-0.760926,0.648839
-0.751733,0.659468
-0.743774,0.668431
-0.737107,0.675776
-0.731776,0.681546
-0.727818,0.68577
-0.725264,0.688471
-0.724133,0.689661
-0.724434,0.689344
-0.726169,0.687516
-0.729328,0.684164
-0.733891,0.679267
-0.739828,0.672796
-0.7471,0.664711
-0.755657,0.654967
-0.765441,0.643506
-0.776381,0.630264
-0.788401,0.615161
-0.801412,0.598113
-0.815315,0.579017
-0.830002,0.557761
-0.845347,0.534217
-0.861215,0.508242
-0.877445,0.479677
-0.89386,0.448347
-0.910248,0.414064
-0.926365,0.376626
-0.941924,0.335825
-0.956586,0.291449
-0.969952,0.243295
-0.981555,0.191179
-0.990852,0.134949
-0.99722,0.0745074
-0.999952,0.00982856
-0.998257,-0.0590178
-0.991271,-0.131837
-0.978068,-0.208287
-0.957675,-0.28785
-0.929109,-0.369806
-0.891402,-0.453213
-0.843652,-0.53689
-0.785071,-0.619406
-0.715041,-0.699083
-0.633179,-0.774006
-0.539401,-0.842049
-0.43399,-0.900918
-0.317652,-0.948207
-0.191576,-0.981478
-0.057476,-0.998347
0.0823816,-0.996601
0.22518,-0.974317
0.367568,-0.929997
0.505708,-0.862705
0.635379,-0.772201
0.75208,-0.659072
0.851208,-0.524829
0.921073,-0.389391
0.842628,-0.538496
0.743135,-0.669142
0.626996,-0.779023
0.498665,-0.866795
0.362466,-0.931997
0.22245,-0.974944
0.0822761,-0.99661
-0.0548672,-0.998494
-0.186305,-0.982492
-0.309901,-0.950769
-0.424042,-0.905643
-0.527623,-0.849479
-0.619996,-0.784605
-0.700923,-0.713237
-0.770511,-0.637426
-0.829156,-0.559018
-0.877473,-0.479626
-0.916241,-0.400628
-0.946346,-0.323154
-0.968733,-0.248105
-0.984361,-0.176163
-0.994171,-0.107815
-0.999059,-0.0433759
-0.999856,0.0169881
-0.997315,0.0732263
-0.992108,0.125385
-0.98482,0.173581
-0.975953,0.21798
-0.965937,0.258779
-0.955129,0.29619
-0.943831,0.330429
-0.932292,0.361707
-0.920721,0.390222
-0.909293,0.416155
-0.898159,0.439672
-0.887445,0.460913
-0.877265,0.480006
-0.867717,0.497058
-0.858891,0.512158
-0.850867,0.525381
-0.843716,0.53679
-0.837501,0.546436
-0.832278,0.554359
-0.828094,0.560589
-0.824987,0.565151
-0.822988,0.568059
-0.822114,0.569323
-0.822378,0.568941
-0.823778,0.566913
-0.826304,0.563225
-0.829934,0.557861
-0.834638,0.550798
-0.840375,0.542006
-0.847092,0.531447
-0.854728,0.519076
-0.863213,0.504839
-0.872466,0.488675
-0.882395,0.47051
-0.892899,0.450258
-0.903863,0.427823
-0.91516,0.403092
-0.926644,0.37594
-0.938152,0.346224
-0.949492,0.31379
-0.960445,0.27847
-0.970752,0.240084
-0.98011,0.198453
-0.988164,0.1534
-0.994497,0.104761
-0.998626,0.0524018
-0.999993,-0.00376811
-0.997964,-0.0637748
-0.991831,-0.12756
-0.980812,-0.194956
-0.964067,-0.265658
-0.940712,-0.339206
-0.909842,-0.414955
-0.870566,-0.492052
-0.82204,-0.56943
-0.763519,-0.645785
-0.694407,-0.719582
-0.614312,-0.789063
-0.523109,-0.852266
-0.421004,-0.907059
-0.308584,-0.951197
-0.186882,-0.982382
-0.0574101,-0.998351
0.0778039,-0.996969
0.216207,-0.976347
0.354744,-0.934964
0.489882,-0.871789
0.617691,-0.786421
0.733954,-0.679199
0.834294,-0.55132
0.914356,-0.404911
0.966367,-0.257169
0.909499,-0.415706
0.829218,-0.558925
0.729556,-0.683921
0.614727,-0.78874
0.488945,-0.872315
0.356264,-0.934385
0.220444,-0.9754
0.0848585,-0.996393
-0.0475765,-0.998868
-0.174434,-0.984669
-0.29379,-0.95587
-0.404212,-0.914666
-0.504729,-0.863278
-0.594794,-0.803878
-0.674225,-0.738526
-0.74316,-0.669114
-0.801987,-0.597342
-0.851293,-0.52469
-0.891807,-0.452416
-0.924348,-0.381551
-0.949783,-0.312909
-0.968988,-0.247108
-0.982817,-0.184583
-0.992079,-0.125613
-0.997523,-0.0703437
-0.999823,-0.0188141
-0.999579,0.0290221
-0.997312,0.0732729
-0.99347,0.11409
-0.988435,0.151647
-0.982524,0.186135
-0.976007,0.21774
-0.969106,0.246644
-0.962011,0.273012
-0.954879,0.296996
-0.947847,0.318727
-0.941031,0.33832
-0.934536,0.355869
-0.928452,0.371453
-0.92286,0.385137
-0.917831,0.396971
-0.91343,0.406996
-0.909712,0.41524
-0.906722,0.421729
-0.9045,0.426475
-0.903072,0.429489
-0.902459,0.430776
-0.902669,0.430335
-0.903703,0.428161
-0.905547,0.424245
-0.908182,0.418575
-0.911575,0.411133
-0.915685,0.401896
-0.92046,0.390837
-0.925837,0.377922
-0.931747,0.363109
-0.938106,0.346348
-0.944823,0.327582
-0.951794,0.306737
-0.958904,0.283731
-0.966019,0.258469
-0.972992,0.23084
-0.979649,0.200718
-0.985793,0.167967
-0.991191,0.132438
-0.995574,0.0939782
-0.998624,0.0524363
-0.999971,0.00767024
-0.999182,-0.0404387
-0.995762,-0.0919716
-0.989143,-0.146954
-0.978692,-0.205336
-0.963705,-0.26697
-0.943425,-0.331586
-0.917051,-0.39877
-0.883759,-0.467943
-0.842732,-0.538333
-0.793194,-0.608969
-0.73445,-0.678663
-0.665934,-0.74601
-0.587264,-0.809395
-0.498294,-0.867008
-0.399174,-0.916875
-0.290406,-0.956904
-0.172888,-0.984941
-0.0479731,-0.998849
0.0825209,-0.996589
0.216279,-0.976332
0.350503,-0.936562
0.481946,-0.876201
0.606963,-0.79473
0.721605,-0.692305
0.821742,-0.56986
0.903211,-0.429198
0.962003,-0.273037
0.993329,-0.115319
0.959901,-0.280339
0.901109,-0.433592
0.820513,-0.571628
0.721994,-0.6919
0.609564,-0.792737
0.487195,-0.873293
0.358673,-0.933463
0.227486,-0.973781
0.0967429,-0.995309
-0.0308835,-0.999523
-0.153183,-0.988198
-0.268415,-0.963304
-0.375293,-0.926906
-0.472957,-0.881086
-0.560931,-0.827863
-0.639074,-0.769145
-0.707531,-0.706683
-0.766672,-0.642039
-0.817044,-0.576575
-0.859319,-0.51144
-0.894247,-0.447574
-0.922616,-0.385719
-0.945221,-0.326431
-0.962832,-0.270101
-0.976177,-0.216978
-0.985925,-0.167188
-0.992682,-0.120761
-0.996981,-0.0776504
-0.999287,-0.0377562
-1,-0.000941666
-0.999457,0.0329496
-0.997945,0.064082
-0.995702,0.0926173
-0.992929,0.118709
-0.989796,0.142494
-0.986445,0.164093
-0.982999,0.18361
-0.979565,0.201129
-0.976234,0.21672
-0.973087,0.230436
-0.970197,0.242319
-0.967624,0.252398
-0.965421,0.260695
-0.963634,0.267225
-0.962298,0.271996
-0.961441,0.275011
-0.961079,0.276273
-0.961221,0.275778
-0.961866,0.273522
-0.963001,0.269497
-0.964606,0.263696
-0.966649,0.256105
-0.96909,0.246709
-0.971877,0.235491
-0.97495,0.222425
-0.978239,0.207483
-0.981663,0.190625
-0.985131,0.171806
-0.988539,0.150967
-0.991769,0.12804
-0.994688,0.10294
-0.99714,0.0755732
-0.998949,0.0458294
-0.999908,0.0135896
-0.999774,-0.0212736
-0.998265,-0.0588881
-0.99505,-0.0993744
-0.989746,-0.142837
-0.98191,-0.189347
-0.971037,-0.238929
-0.956559,-0.291539
-0.937848,-0.347047
-0.914223,-0.405212
-0.884961,-0.465665
-0.84932,-0.527878
-0.806556,-0.591157
-0.755961,-0.654617
-0.696898,-0.717171
-0.62884,-0.777535
-0.551425,-0.834225
-0.464504,-0.885571
-0.368192,-0.92975
-0.262923,-0.964817
-0.149501,-0.988762
-0.0291301,-0.999576
0.0965362,-0.995329
0.225396,-0.974267
0.354888,-0.934909
0.482017,-0.876162
0.603409,-0.797432
0.715379,-0.698736
0.814041,-0.580807
0.895446,-0.44517
0.955739,-0.294215
0.991354,-0.131218
0.999439,0.0334866
0.9909,-0.134603
0.955545,-0.294846
0.896373,-0.443301
0.816837,-0.576869
0.720648,-0.693301
0.611604,-0.791164
0.493434,-0.869783
0.369665,-0.929165
0.243535,-0.969892
0.117911,-0.993024
-0.00474992,-0.999989
-0.122428,-0.992477
-0.233537,-0.972348
-0.336911,-0.941536
-0.431775,-0.901982
-0.517703,-0.855561
-0.594577,-0.804039
-0.662535,-0.749031
-0.721918,-0.691979
-0.773227,-0.634129
-0.817074,-0.576533
-0.854134,-0.520053
-0.885122,-0.465359
-0.910752,-0.412954
-0.931715,-0.36319
-0.948665,-0.316283
-0.9622,-0.272345
-0.97286,-0.231394
-0.981122,-0.193387
-0.987402,-0.158229
-0.992056,-0.125797
-0.995386,-0.0959526
-0.997647,-0.0685539
-0.999055,-0.043464
-0.999789,-0.0205568
-1,0.00027767
-0.999817,0.0191337
-0.999349,0.0360863
-0.998689,0.0511967
-0.997917,0.0645103
-0.997103,0.076058
-0.996307,0.0858628
-0.995578,0.0939386
-0.994958,0.100291
-0.99448,0.104924
-0.994169,0.107837
-0.994039,0.109025
-0.994098,0.108487
-0.994343,0.106217
-0.994763,0.102211
-0.995337,0.0964619
-0.996035,0.0889637
-0.996818,0.0797082
-0.997638,0.0686843
-0.998438,0.0558771
-0.999148,0.0412673
-0.999692,0.0248272
-0.999979,0.00652157
-0.999906,-0.0136959
-0.999356,-0.0358828
-0.998192,-0.060109
-0.996256,-0.0864573
-0.993363,-0.115021
-0.989299,-0.145902
-0.983812,-0.179206
-0.976606,-0.215035
-0.967341,-0.253478
-0.955621,-0.294597
-0.940997,-0.338414
-0.922961,-0.384893
-0.900952,-0.433918
-0.874361,-0.485276
-0.84254,-0.538634
-0.80482,-0.593519
-0.760533,-0.649299
-0.709038,-0.70517
-0.649756,-0.760143
-0.582211,-0.813038
-0.506068,-0.862494
-0.421184,-0.906975
-0.327662,-0.944795
-0.225886,-0.974154
-0.116579,-0.993181
-0.000838681,-1
0.119836,-0.992794
0.243516,-0.969897
0.367856,-0.929883
0.490092,-0.871671
0.607096,-0.794629
0.715439,-0.698675
0.811478,-0.584383
0.891481,-0.453058
0.951772,-0.306805
0.988903,-0.148565
0.99984,0.0178907
0.98256,0.185947
0.999827,0.0186025
0.989416,-0.145106
0.953677,-0.300831
0.895541,-0.44498
0.818322,-0.57476
0.725549,-0.688171
0.6208,-0.783969
0.507564,-0.861614
0.389129,-0.921183
0.268497,-0.96328
0.148319,-0.98894
0.0308581,-0.999524
-0.0820283,-0.99663
-0.188883,-0.982
-0.288637,-0.957439
-0.38058,-0.924748
-0.464321,-0.885667
-0.539748,-0.841827
-0.606981,-0.794716
-0.666327,-0.74566
-0.718231,-0.695804
-0.763245,-0.646109
-0.801975,-0.597358
-0.83506,-0.550158
-0.86314,-0.504964
-0.886836,-0.462085
-0.906729,-0.421713
-0.923358,-0.38394
-0.937206,-0.348776
-0.9487,-0.316177
-0.958213,-0.286056
-0.966064,-0.258302
-0.972526,-0.232795
-0.977827,-0.209415
-0.98216,-0.188049
-0.985685,-0.168596
-0.988538,-0.150972
-0.990831,-0.135108
-0.992658,-0.120952
-0.9941,-0.108467
-0.995223,-0.0976263
-0.996084,-0.0884165
-0.996728,-0.0808299
-0.997194,-0.0748662
-0.99751,-0.070527
-0.997698,-0.067818
-0.99777,-0.0667437
-0.997732,-0.0673103
-0.997581,-0.0695208
-0.997304,-0.0733802
-0.996883,-0.0788895
-0.996291,-0.0860519
-0.99549,-0.0948687
-0.994436,-0.105344
-0.993075,-0.117486
-0.991342,-0.131304
-0.989164,-0.146816
-0.986452,-0.164049
-0.983106,-0.183038
-0.979006,-0.203829
-0.974015,-0.226483
-0.96797,-0.251067
-0.960679,-0.27766
-0.95192,-0.306348
-0.941428,-0.337213
-0.928901,-0.370329
-0.913984,-0.405751
-0.896276,-0.443496
-0.875324,-0.483536
-0.850627,-0.52577
-0.821639,-0.570008
-0.787782,-0.615955
-0.748456,-0.663185
-0.703063,-0.711127
-0.651031,-0.759051
-0.591839,-0.806056
-0.525061,-0.851065
-0.450399,-0.892827
-0.36773,-0.929933
-0.277147,-0.960828
-0.179009,-0.983847
-0.0739767,-0.99726
0.0369437,-0.999317
0.152372,-0.988323
0.270542,-0.962708
0.389286,-0.921117
0.506056,-0.862501
0.617953,-0.786215
0.721783,-0.69212
0.814143,-0.580664
0.891522,-0.452978
0.950432,-0.310932
0.987572,-0.15717
0.999988,0.00486721
0.985272,0.170992
0.941084,0.338173
0.984442,0.175712
0.999922,0.0124731
0.989154,-0.146884
0.954455,-0.298356
0.898653,-0.43866
0.824911,-0.565262
0.736562,-0.67637
0.636965,-0.770893
0.529379,-0.848385
0.416867,-0.908967
0.302215,-0.95324
0.187877,-0.982193
0.0759495,-0.997112
-0.0318501,-0.999493
-0.134174,-0.990958
-0.230029,-0.973184
-0.318751,-0.947838
-0.399971,-0.916528
-0.47357,-0.880756
-0.539644,-0.841893
-0.598459,-0.801154
-0.650407,-0.759586
-0.695974,-0.718067
-0.735705,-0.677303
-0.770166,-0.637844
-0.79993,-0.600093
-0.825553,-0.564324
-0.847561,-0.530699
-0.866434,-0.499292
-0.882609,-0.470108
-0.896472,-0.4431
-0.908359,-0.418191
-0.918559,-0.395283
-0.927318,-0.374274
-0.934842,-0.355065
-0.941302,-0.337566
-0.946841,-0.321701
-0.951577,-0.30741
-0.955606,-0.294648
-0.959007,-0.283382
-0.961845,-0.273593
-0.964173,-0.265274
-0.966032,-0.258422
-0.967456,-0.253041
-0.968468,-0.249138
-0.969087,-0.24672
-0.969322,-0.245796
-0.969175,-0.246372
-0.968645,-0.24845
-0.967718,-0.252034
-0.966379,-0.257124
-0.9646,-0.263716
-0.962351,-0.271808
-0.959591,-0.281399
-0.956269,-0.292488
-0.952327,-0.305079
-0.947693,-0.319182
-0.942284,-0.334815
-0.935999,-0.352003
-0.928719,-0.370785
-0.920303,-0.391207
-0.910582,-0.413327
-0.89936,-0.437208
-0.886402,-0.462916
-0.871435,-0.49051
-0.854145,-0.520035
-0.834169,-0.551509
-0.811103,-0.584903
-0.784497,-0.620132
-0.753862,-0.657033
-0.718681,-0.69534
-0.678418,-0.734676
-0.632539,-0.774528
-0.580534,-0.814236
-0.521944,-0.85298
-0.456391,-0.88978
-0.383617,-0.923492
-0.303524,-0.952824
-0.216212,-0.976346
-0.122019,-0.992528
-0.0215662,-0.999767
0.084216,-0.996448
0.194051,-0.980991
0.306301,-0.951935
0.418966,-0.908002
0.529683,-0.848195
0.635767,-0.771881
0.734247,-0.678883
0.821943,-0.569569
0.895567,-0.444927
0.951829,-0.306631
0.987586,-0.157079
1,0.000592607
0.986705,0.162523
0.94599,0.324197
0.874091,0.485762
0.943093,0.33253
0.984742,0.17402
0.999886,0.0150839
0.990158,-0.139957
0.957808,-0.287408
0.905541,-0.424258
0.836351,-0.548194
0.753373,-0.657593
0.659751,-0.751484
0.558528,-0.829486
0.452553,-0.891737
0.344416,-0.938817
0.236397,-0.971657
0.130444,-0.991456
0.0281574,-0.999604
-0.0692063,-0.997602
-0.160714,-0.987001
-0.245733,-0.969337
-0.323905,-0.94609
-0.395095,-0.91864
-0.459371,-0.888244
-0.516956,-0.856012
-0.568189,-0.822898
-0.613499,-0.789696
-0.653366,-0.757042
-0.688299,-0.725427
-0.718811,-0.695205
-0.745404,-0.666613
-0.768553,-0.639786
-0.788694,-0.614786
-0.806227,-0.591607
-0.821501,-0.570207
-0.834824,-0.550517
-0.846459,-0.532454
-0.856628,-0.515935
-0.865514,-0.500884
-0.873272,-0.487234
-0.880023,-0.474931
-0.885869,-0.463936
-0.890887,-0.454225
-0.895141,-0.445783
-0.898679,-0.438606
-0.90154,-0.432697
-0.903749,-0.428063
-0.905328,-0.424714
-0.906289,-0.42266
-0.906638,-0.42191
-0.906376,-0.422471
-0.9055,-0.424347
-0.903997,-0.427538
-0.901854,-0.432042
-0.899047,-0.437852
-0.895549,-0.444963
-0.891324,-0.453367
-0.886327,-0.46306
-0.880504,-0.474039
-0.873788,-0.486306
-0.866099,-0.499873
-0.857336,-0.514758
-0.847379,-0.530988
-0.836084,-0.548601
-0.823277,-0.56764
-0.80875,-0.588153
-0.79226,-0.610184
-0.773523,-0.633768
-0.752215,-0.658918
-0.727968,-0.685611
-0.700379,-0.713772
-0.669004,-0.743259
-0.633381,-0.77384
-0.593029,-0.805181
-0.54747,-0.836825
-0.496253,-0.868178
-0.43897,-0.898502
-0.375294,-0.926906
-0.305009,-0.95235
-0.228043,-0.973651
-0.144508,-0.989504
-0.0547352,-0.998501
0.0406875,-0.999172
0.140883,-0.990026
0.244662,-0.969608
0.350504,-0.936561
0.456545,-0.8897
0.560598,-0.828088
0.660163,-0.751122
0.752481,-0.658615
0.834587,-0.550876
0.903405,-0.428789
0.955847,-0.293863
0.988944,-0.148288
0.999987,0.00505595
0.986689,0.162617
0.947349,0.320203
0.881016,0.473087
0.781492,0.623916
0.874882,0.484336
0.942212,0.335016
0.983506,0.180874
0.999651,0.0264327
0.992245,-0.124295
0.963449,-0.26789
0.915826,-0.401575
0.852193,-0.523228
0.775486,-0.631365
0.688644,-0.725099
0.594501,-0.804095
0.495712,-0.868487
0.394688,-0.918815
0.293555,-0.955942
0.194131,-0.980976
0.0979131,-0.995195
0.00608818,-0.999981
-0.0804585,-0.996758
-0.161118,-0.986935
-0.235528,-0.971868
-0.303542,-0.952818
-0.365193,-0.930932
-0.420662,-0.907217
-0.470243,-0.882537
-0.514309,-0.857605
-0.55329,-0.832989
-0.587644,-0.809119
-0.617839,-0.786305
-0.644329,-0.764748
-0.667552,-0.744564
-0.687911,-0.725795
-0.705773,-0.708438
-0.72146,-0.692456
-0.735255,-0.67779
-0.747399,-0.664376
-0.758088,-0.652152
-0.76749,-0.641061
-0.775732,-0.631062
-0.782921,-0.622121
-0.789136,-0.614218
-0.794438,-0.607345
-0.798873,-0.6015
-0.802472,-0.59669
-0.805259,-0.592924
-0.807247,-0.590214
-0.808444,-0.588573
-0.808854,-0.588009
-0.808475,-0.58853
-0.807302,-0.590138
-0.805325,-0.592834
-0.80253,-0.596612
-0.798899,-0.601465
-0.794409,-0.607383
-0.789029,-0.614356
-0.782721,-0.622373
-0.775434,-0.631428
-0.767108,-0.641518
-0.757661,-0.652648
-0.746997,-0.664827
-0.734993,-0.678075
-0.721499,-0.692416
-0.706332,-0.70788
-0.689278,-0.724497
-0.670079,-0.742289
-0.648444,-0.761263
-0.624038,-0.781394
-0.596492,-0.802619
-0.565406,-0.824813
-0.530356,-0.847775
-0.490909,-0.871211
-0.446634,-0.894717
-0.397129,-0.917763
-0.342034,-0.939688
-0.281066,-0.959688
-0.214047,-0.976823
-0.140932,-0.990019
-0.0618491,-0.998085
0.0228712,-0.999738
0.112664,-0.993633
0.206698,-0.978405
0.303853,-0.952719
0.402706,-0.915329
0.50152,-0.865146
0.598256,-0.801305
0.690589,-0.723247
0.775951,-0.630793
0.851584,-0.524218
0.914615,-0.404326
0.962155,-0.272503
0.991415,-0.130753
0.999833,0.0182695
0.985223,0.171274
0.945927,0.324378
0.88097,0.473172
0.790205,0.612843
