0.421152,-0.90699
0.310582,-0.950546
0.197904,-0.980221
0.0848769,-0.996391
-0.0268926,-0.999638
-0.135968,-0.990713
-0.241089,-0.970503
-0.34118,-0.939998
-0.435354,-0.900259
-0.522907,-0.85239
-0.603301,-0.797513
-0.676173,-0.736742
-0.741304,-0.67117
-0.798616,-0.601841
-0.848153,-0.529751
-0.890069,-0.455827
-0.924608,-0.38092
-0.952093,-0.305807
-0.97291,-0.231183
-0.987494,-0.157656
-0.996316,-0.0857559
-0.999873,-0.0159351
-0.998676,0.0514346
-0.993243,0.116049
-0.984089,0.177675
-0.97172,0.236137
-0.956627,0.291316
-0.939283,0.343142
-0.92014,0.39159
-0.899621,0.436672
-0.878125,0.478432
-0.856023,0.516938
-0.833657,0.552283
-0.81134,0.584575
-0.789357,0.613934
-0.767968,0.640488
-0.747404,0.66437
-0.727871,0.685714
-0.709553,0.704652
-0.692612,0.721311
-0.677186,0.735812
-0.663398,0.748267
-0.651349,0.758779
-0.641125,0.767436
-0.632797,0.774318
-0.626419,0.779487
-0.622032,0.782992
-0.619665,0.784866
-0.619332,0.785129
-0.621036,0.783782
-0.624765,0.780813
-0.630497,0.776191
-0.638194,0.769875
-0.647808,0.761804
-0.659271,0.751905
-0.672505,0.740093
-0.687412,0.726268
-0.703877,0.710322
-0.721768,0.692135
-0.740929,0.671583
-0.761186,0.648534
-0.782338,0.622854
-0.804162,0.59441
-0.826409,0.56307
-0.848801,0.528712
-0.871035,0.491222
-0.892776,0.450502
-0.913662,0.406475
-0.933304,0.359087
-0.951285,0.308314
-0.967159,0.25417
-0.980462,0.19671
-0.990704,0.136034
-0.997383,0.0722983
-0.999984,0.00571859
-0.997987,-0.0634239
-0.990876,-0.13478
-0.978145,-0.207923
-0.959313,-0.282346
-0.933926,-0.357466
-0.901581,-0.43261
-0.86193,-0.507027
-0.814698,-0.579885
-0.759699,-0.650275
-0.696851,-0.717216
-0.626188,-0.779672
-0.547881,-0.836556
-0.462248,-0.886751
-0.369768,-0.929124
-0.271098,-0.962552
-0.167069,-0.985945
-0.0587037,-0.998275
0.052786,-0.998606
0.166006,-0.986125
0.279383,-0.96018
0.391187,-0.920311
0.310576,-0.950549
0.195318,-0.98074
0.0796303,-0.996824
-0.0347748,-0.999395
-0.146364,-0.989231
-0.253794,-0.967258
-0.355921,-0.934516
-0.45179,-0.892124
-0.540646,-0.84125
-0.621919,-0.783082
-0.695216,-0.718801
-0.760306,-0.649565
-0.817107,-0.576487
-0.865667,-0.500621
-0.906153,-0.422951
-0.93883,-0.344381
-0.964046,-0.265734
-0.982219,-0.187739
-0.993816,-0.111041
-0.999345,-0.0361963
-0.99934,0.0363274
-0.994351,0.106141
-0.984933,0.172937
-0.971638,0.236475
-0.955006,0.296587
-0.935564,0.353158
-0.913814,0.406133
-0.890236,0.4555
-0.865281,0.501287
-0.839371,0.543559
-0.812896,0.582409
-0.786216,0.617951
-0.759661,0.650319
-0.733529,0.679658
-0.708089,0.706123
-0.683582,0.729874
-0.660222,0.751071
-0.638199,0.769872
-0.617678,0.786431
-0.598805,0.800895
-0.581703,0.813401
-0.566479,0.824076
-0.553223,0.833033
-0.542007,0.840374
-0.532894,0.846182
-0.525929,0.850529
-0.521147,0.853467
-0.518571,0.855034
-0.518216,0.85525
-0.520081,0.854117
-0.524159,0.851621
-0.530429,0.847729
-0.538861,0.842395
-0.549411,0.835552
-0.562024,0.827121
-0.576631,0.817004
-0.593148,0.805093
-0.611473,0.791265
-0.63149,0.775384
-0.653058,0.757308
-0.676019,0.736884
-0.700193,0.713954
-0.725372,0.688357
-0.751324,0.659933
-0.777789,0.628525
-0.804477,0.593983
-0.831069,0.556169
-0.857214,0.51496
-0.882529,0.470257
-0.906603,0.421984
-0.928992,0.3701
-0.949224,0.314602
-0.966801,0.255532
-0.981202,0.192985
-0.991889,0.127109
-0.998309,0.0581246
-0.999906,-0.013684
-0.996125,-0.0879541
-0.986421,-0.164239
-0.970274,-0.242011
-0.947197,-0.320651
-0.916755,-0.39945
-0.878571,-0.477612
-0.832349,-0.554253
-0.777887,-0.628404
-0.715095,-0.699027
-0.644011,-0.765016
-0.564816,-0.825217
-0.477852,-0.87844
-0.383637,-0.923484
-0.282872,-0.959158
-0.176452,-0.984309
-0.0654755,-0.997854
0.0487622,-0.99881
0.164764,-0.986333
0.280854,-0.95975
0.197891,-0.980224
0.0796237,-0.996825
-0.0374055,-0.9993
-0.151561,-0.988448
-0.261403,-0.96523
-0.365703,-0.930732
-0.46344,-0.886128
-0.553799,-0.83265
-0.636166,-0.771552
-0.710114,-0.704087
-0.775391,-0.631482
-0.831906,-0.554917
-0.87971,-0.475511
-0.918977,-0.39431
-0.949992,-0.312275
-0.973126,-0.230274
-0.988825,-0.149083
-0.99759,-0.0693826
-0.999966,0.00824219
-0.996525,0.0832995
-0.987854,0.155385
-0.974548,0.22418
-0.957195,0.289443
-0.936375,0.351002
-0.912645,0.408752
-0.886543,0.462646
-0.858576,0.512686
-0.829223,0.558917
-0.798929,0.601425
-0.768106,0.640323
-0.737131,0.67575
-0.70635,0.707863
-0.676072,0.736836
-0.646579,0.762847
-0.618117,0.786086
-0.59091,0.806737
-0.56515,0.824988
-0.541007,0.841018
-0.518626,0.855001
-0.498135,0.867099
-0.47964,0.877465
-0.463232,0.886237
-0.448986,0.893539
-0.436963,0.899479
-0.427213,0.904151
-0.419775,0.907628
-0.414676,0.909969
-0.411936,0.911213
-0.411564,0.911381
-0.413562,0.910476
-0.417923,0.908483
-0.42463,0.905367
-0.43366,0.901077
-0.444977,0.895542
-0.458534,0.888677
-0.474277,0.880376
-0.492133,0.87052
-0.512016,0.858976
-0.533826,0.845594
-0.557443,0.830215
-0.582726,0.812668
-0.609514,0.792775
-0.637622,0.77035
-0.666835,0.745205
-0.696915,0.717154
-0.727591,0.686011
-0.758561,0.651602
-0.789491,0.613762
-0.820013,0.572346
-0.849723,0.527229
-0.878187,0.478317
-0.904934,0.425551
-0.929464,0.368913
-0.951245,0.308435
-0.969724,0.244202
-0.984325,0.176366
-0.994457,0.105143
-0.999525,0.0308309
-0.998933,-0.0461919
-0.992099,-0.12546
-0.978465,-0.206414
-0.95751,-0.2884
-0.928766,-0.370667
-0.891831,-0.452369
-0.846389,-0.532566
-0.792227,-0.610227
-0.72925,-0.684247
-0.657504,-0.753451
-0.577188,-0.816611
-0.488678,-0.872464
-0.392531,-0.919739
-0.289507,-0.957176
-0.180575,-0.983561
-0.0669142,-0.997759
0.0500784,-0.998745
0.168806,-0.985649
0.0848585,-0.996393
-0.034785,-0.999395
-0.151566,-0.988447
-0.263939,-0.964539
-0.370582,-0.9288
-0.470394,-0.882457
-0.562495,-0.826801
-0.646214,-0.763157
-0.721084,-0.692847
-0.786828,-0.617172
-0.843338,-0.537383
-0.89066,-0.454669
-0.928976,-0.37014
-0.958582,-0.284817
-0.979873,-0.199624
-0.993321,-0.115385
-0.999461,-0.0328197
-0.998873,0.0474529
-0.992168,0.124914
-0.979971,0.199139
-0.962918,0.269795
-0.941635,0.336635
-0.916739,0.399486
-0.888826,0.458246
-0.858463,0.512876
-0.826192,0.563389
-0.792516,0.609851
-0.757908,0.652361
-0.7228,0.691057
-0.687589,0.7261
-0.652635,0.757672
-0.618262,0.785972
-0.584758,0.811207
-0.552382,0.833591
-0.521358,0.853338
-0.491885,0.87066
-0.464134,0.885765
-0.43825,0.898853
-0.414361,0.910113
-0.392571,0.919721
-0.37297,0.927843
-0.355632,0.934626
-0.340617,0.940202
-0.327972,0.944687
-0.317736,0.948179
-0.309939,0.950756
-0.304602,0.95248
-0.301739,0.953391
-0.301356,0.953512
-0.303457,0.952845
-0.308035,0.951375
-0.315078,0.949066
-0.324568,0.945863
-0.336478,0.941691
-0.350773,0.93646
-0.367409,0.93006
-0.386328,0.922361
-0.407463,0.913222
-0.430728,0.902482
-0.456025,0.889967
-0.483233,0.875492
-0.512213,0.858858
-0.5428,0.839862
-0.574807,0.818289
-0.608015,0.793926
-0.642177,0.766556
-0.677014,0.73597
-0.712211,0.701966
-0.747419,0.664353
-0.782251,0.622963
-0.816285,0.577649
-0.849059,0.528298
-0.880075,0.474834
-0.908803,0.417225
-0.934679,0.355492
-0.957112,0.28972
-0.975488,0.220054
-0.989178,0.146722
-0.997545,0.0700326
-0.999954,-0.00961948
-0.995783,-0.0917413
-0.984437,-0.175739
-0.96536,-0.260921
-0.938055,-0.346486
-0.902096,-0.431534
-0.857151,-0.515065
-0.802997,-0.595983
-0.739542,-0.67311
-0.666846,-0.745196
-0.585134,-0.810937
-0.494817,-0.868997
-0.396508,-0.918031
-0.291038,-0.956711
-0.179451,-0.983767
-0.0630259,-0.998012
0.0567373,-0.998389
-0.0269175,-0.999638
-0.146382,-0.989228
-0.261413,-0.965227
-0.370587,-0.928798
-0.472708,-0.881219
-0.566821,-0.823841
-0.652191,-0.758055
-0.728301,-0.685257
-0.794839,-0.606821
-0.851672,-0.524075
-0.898839,-0.43828
-0.936519,-0.350616
-0.965022,-0.26217
-0.984759,-0.173925
-0.996229,-0.086758
-0.999999,-0.001434
-0.996682,0.0813884
-0.986928,0.16116
-0.971404,0.237433
-0.950783,0.309857
-0.925735,0.378172
-0.896914,0.442205
-0.864953,0.501853
-0.830456,0.557085
-0.793995,0.607925
-0.756105,0.65445
-0.717284,0.696781
-0.677986,0.735075
-0.638629,0.769515
-0.599589,0.800308
-0.561202,0.827679
-0.523768,0.851861
-0.487553,0.873093
-0.452786,0.891619
-0.419667,0.907678
-0.38837,0.921503
-0.359039,0.933322
-0.3318,0.94335
-0.306753,0.951789
-0.283985,0.958829
-0.263565,0.964642
-0.245549,0.969384
-0.229982,0.973195
-0.216898,0.976194
-0.206325,0.978483
-0.198282,0.980145
-0.192783,0.981241
-0.189838,0.981815
-0.189452,0.98189
-0.191625,0.981468
-0.196355,0.980533
-0.203632,0.979047
-0.213446,0.976955
-0.225778,0.974179
-0.240604,0.970623
-0.257892,0.966174
-0.277601,0.960696
-0.299679,0.95404
-0.32406,0.946037
-0.350665,0.936501
-0.379396,0.925235
-0.410136,0.912024
-0.442747,0.896646
-0.477066,0.878868
-0.512899,0.858449
-0.550025,0.835148
-0.58819,0.808723
-0.627104,0.778935
-0.666441,0.745557
-0.705835,0.708376
-0.744882,0.667196
-0.783134,0.621853
-0.820105,0.572212
-0.85527,0.518183
-0.888063,0.459721
-0.917886,0.396843
-0.944112,0.329626
-0.966086,0.258221
-0.983138,0.182867
-0.994589,0.103884
-0.999765,0.0216929
-0.998002,-0.0631821
-0.988669,-0.150113
-0.971177,-0.23836
-0.945,-0.327071
-0.909692,-0.415285
-0.864907,-0.501933
-0.810419,-0.58585
-0.746146,-0.665783
-0.672167,-0.7404
-0.588738,-0.808324
-0.496325,-0.868137
-0.395601,-0.918422
-0.287473,-0.957789
-0.173081,-0.984908
-0.0538092,-0.998551
-0.135996,-0.990709
-0.253817,-0.967252
-0.365718,-0.930726
-0.470403,-0.882452
-0.566825,-0.823839
-0.654176,-0.756342
-0.731882,-0.681431
-0.799581,-0.600558
-0.857113,-0.515129
-0.904497,-0.42648
-0.941909,-0.335869
-0.969661,-0.244452
-0.988183,-0.153275
-0.997996,-0.0632761
-0.999694,0.024729
-0.993927,0.110038
-0.981382,0.192065
-0.962766,0.270336
-0.938795,0.344476
-0.910179,0.414216
-0.877613,0.479369
-0.841771,0.539835
-0.803292,0.595586
-0.762784,0.646654
-0.720812,0.693131
-0.677902,0.735152
-0.634533,0.772896
-0.591144,0.806566
-0.548128,0.836395
-0.505836,0.86263
-0.464579,0.885532
-0.424629,0.905368
-0.386221,0.922406
-0.349559,0.936914
-0.314815,0.949153
-0.282133,0.959375
-0.251634,0.967823
-0.223416,0.974723
-0.197559,0.980291
-0.174126,0.984723
-0.153167,0.9882
-0.134719,0.990884
-0.118813,0.992917
-0.105468,0.994423
-0.0947005,0.995506
-0.0865204,0.99625
-0.080935,0.996719
-0.0779486,0.996957
-0.0775634,0.996987
-0.0797799,0.996813
-0.0845969,0.996415
-0.0920106,0.995758
-0.102016,0.994783
-0.114602,0.993411
-0.129758,0.991546
-0.147463,0.989068
-0.167692,0.985839
-0.19041,0.981705
-0.215571,0.976488
-0.243117,0.969997
-0.272972,0.962022
-0.305045,0.952338
-0.339223,0.940706
-0.375367,0.926876
-0.413315,0.910588
-0.452872,0.891576
-0.493813,0.869568
-0.535875,0.844297
-0.57876,0.815498
-0.622126,0.782917
-0.665591,0.746316
-0.70873,0.70548
-0.751073,0.66022
-0.792104,0.610386
-0.831267,0.555874
-0.867962,0.49663
-0.901556,0.432662
-0.93138,0.36405
-0.956737,0.290953
-0.976917,0.213619
-0.991198,0.132389
-0.998861,0.0477151
-0.999206,-0.0398482
-0.991563,-0.129627
-0.975312,-0.220829
-0.949903,-0.312546
-0.914871,-0.403747
-0.869862,-0.493296
-0.814653,-0.579949
-0.749177,-0.662369
-0.67354,-0.739151
-0.588048,-0.808826
-0.493218,-0.869906
-0.389803,-0.920898
-0.278799,-0.96035
-0.161452,-0.986881
-0.24112,-0.970495
-0.355947,-0.934506
-0.463459,-0.886118
-0.562507,-0.826792
-0.652198,-0.758049
-0.731885,-0.681428
-0.801153,-0.598459
-0.8598,-0.510632
-0.907819,-0.419363
-0.945374,-0.325989
-0.972777,-0.231742
-0.990468,-0.13774
-0.998988,-0.0449841
-0.998957,0.0456519
-0.99106,0.133417
-0.97602,0.217683
-0.954585,0.29794
-0.927512,0.373792
-0.895557,0.444946
-0.859457,0.511209
-0.819923,0.572473
-0.777639,0.628711
-0.733246,0.679964
-0.687344,0.726332
-0.640487,0.767969
-0.593184,0.805067
-0.545893,0.837855
-0.499028,0.866586
-0.452956,0.891533
-0.407998,0.912983
-0.364436,0.931228
-0.322512,0.946566
-0.282429,0.959288
-0.244362,0.969684
-0.208453,0.978032
-0.174818,0.984601
-0.14355,0.989643
-0.114722,0.993398
-0.0883902,0.996086
-0.0645948,0.997912
-0.0433661,0.999059
-0.0247242,0.999694
-0.00868171,0.999962
0.00475389,0.999989
0.015579,0.999879
0.0237924,0.999717
0.0293938,0.999568
0.0323843,0.999475
0.0327635,0.999463
0.0305317,0.999534
0.0256885,0.99967
0.0182326,0.999834
0.00816368,0.999967
-0.00451782,0.99999
-0.0198093,0.999804
-0.0377053,0.999289
-0.0581949,0.998305
-0.0812609,0.996693
-0.106877,0.994272
-0.135006,0.990845
-0.165596,0.986194
-0.198581,0.980084
-0.233874,0.972267
-0.271366,0.962476
-0.310921,0.950436
-0.352377,0.935858
-0.395538,0.91845
-0.440172,0.897913
-0.48601,0.873953
-0.53274,0.846279
-0.580008,0.814611
-0.627412,0.778687
-0.674505,0.738271
-0.720789,0.693155
-0.765721,0.643172
-0.808711,0.588207
-0.849122,0.528196
-0.886282,0.463147
-0.919477,0.393143
-0.947972,0.318352
-0.97101,0.23904
-0.987824,0.155575
-0.997655,0.0684381
-0.999763,-0.0217734
-0.993442,-0.114335
-0.978044,-0.2084
-0.952994,-0.302989
-0.917815,-0.397007
-0.872152,-0.489235
-0.815792,-0.578346
-0.748689,-0.662921
-0.67099,-0.741466
-0.583054,-0.812433
-0.485471,-0.874253
-0.379081,-0.925364
-0.264981,-0.964254
-0.341214,-0.939986
-0.451818,-0.89211
-0.55382,-0.832636
-0.646228,-0.763144
-0.728311,-0.685247
-0.799586,-0.600551
-0.859802,-0.510627
-0.908914,-0.416983
-0.947068,-0.321033
-0.974567,-0.224095
-0.991856,-0.127362
-0.999491,-0.0319059
-0.998117,0.0613349
-0.988449,0.151553
-0.971247,0.238074
-0.9473,0.320348
-0.917409,0.397946
-0.882371,0.470554
-0.842969,0.537962
-0.79996,0.600054
-0.754065,0.6568
-0.705966,0.708246
-0.656299,0.754501
-0.605652,0.79573
-0.55456,0.832144
-0.503509,0.86399
-0.452932,0.891545
-0.403212,0.915107
-0.354687,0.934985
-0.307647,0.9515
-0.262339,0.964976
-0.218974,0.975731
-0.177723,0.98408
-0.138728,0.990331
-0.102101,0.994774
-0.0679275,0.99769
-0.0362747,0.999342
-0.0071889,0.999974
0.0192986,0.999814
0.0431683,0.999068
0.0644111,0.997923
0.0830244,0.996548
0.0990109,0.995086
0.112377,0.993666
0.123132,0.99239
0.131281,0.991345
0.136832,0.990594
0.139791,0.990181
0.140161,0.990129
0.13794,0.990441
0.133128,0.991099
0.125719,0.992066
0.115706,0.993283
0.103082,0.994673
0.0878366,0.996135
0.0699643,0.997549
0.0494601,0.998776
0.0263244,0.999653
0.000563459,1
-0.0278066,0.999613
-0.0587581,0.998272
-0.0922495,0.995736
-0.128221,0.991746
-0.166594,0.986026
-0.207262,0.978285
-0.250094,0.968222
-0.294925,0.95552
-0.341557,0.939861
-0.389754,0.920919
-0.439236,0.898372
-0.489678,0.871903
-0.54071,0.841209
-0.591909,0.806004
-0.642804,0.76603
-0.692869,0.721063
-0.741527,0.670923
-0.788152,0.61548
-0.832071,0.55467
-0.872564,0.4885
-0.908879,0.41706
-0.940233,0.340532
-0.965822,0.259206
-0.984838,0.173478
-0.996477,0.0838685
-0.99996,-0.00897482
-0.994548,-0.104276
-0.979567,-0.201118
-0.954423,-0.298457
-0.918632,-0.395115
-0.871844,-0.489784
-0.813861,-0.581059
-0.744675,-0.667427
-0.664481,-0.747305
-0.573703,-0.819063
-0.473018,-0.881053
-0.363366,-0.931647
-0.435391,-0.900241
-0.540676,-0.841231
-0.636188,-0.771534
-0.7211,-0.692831
-0.79485,-0.606807
-0.85712,-0.515117
-0.907822,-0.419355
-0.947069,-0.321029
-0.975151,-0.22154
-0.99251,-0.122166
-0.999711,-0.0240545
-0.99742,0.0717844
-0.98638,0.16448
-0.967387,0.253302
-0.941269,0.337657
-0.908871,0.417077
-0.871035,0.49122
-0.82859,0.559855
-0.782338,0.622854
-0.733045,0.680181
-0.681433,0.73188
-0.62818,0.778068
-0.573906,0.818921
-0.519178,0.854666
-0.464511,0.885567
-0.410361,0.911923
-0.357132,0.934054
-0.305175,0.952296
-0.254792,0.966996
-0.20624,0.978501
-0.159732,0.987161
-0.115441,0.993314
-0.0735088,0.997295
-0.034042,0.99942
0.00287814,0.999996
0.037194,0.999308
0.0688685,0.997626
0.0978814,0.995198
0.124224,0.992254
0.147899,0.989003
0.168916,0.98563
0.187293,0.982304
0.203046,0.979169
0.216195,0.97635
0.226759,0.973951
0.234754,0.972055
0.240195,0.970725
0.24309,0.970004
0.243446,0.969914
0.241262,0.97046
0.236535,0.971623
0.229255,0.973366
0.21941,0.975633
0.206982,0.978345
0.191954,0.981404
0.174305,0.984692
0.154017,0.988068
0.131072,0.991373
0.105458,0.994424
0.0771692,0.997018
0.0462102,0.998932
0.0125972,0.999921
-0.023638,0.999721
-0.0624444,0.998048
-0.103748,0.994604
-0.147448,0.98907
-0.193416,0.981117
-0.241486,0.970404
-0.291456,0.956584
-0.343082,0.939305
-0.396074,0.918219
-0.450092,0.892982
-0.504746,0.863268
-0.559591,0.828769
-0.614129,0.789206
-0.6678,0.74434
-0.719996,0.693978
-0.770049,0.637984
-0.817244,0.576292
-0.860818,0.508912
-0.899972,0.435947
-0.933875,0.3576
-0.961677,0.274184
-0.982524,0.186136
-0.99557,0.0940214
-0.999999,-0.00145999
-0.995041,-0.0994662
-0.979997,-0.199012
-0.954263,-0.29897
-0.917352,-0.398076
-0.868927,-0.494941
-0.80882,-0.588057
-0.737065,-0.675821
-0.653922,-0.756562
-0.559895,-0.828564
-0.455758,-0.890104
-0.522943,-0.852368
-0.621949,-0.783058
-0.710137,-0.704064
-0.786845,-0.617151
-0.851684,-0.524056
-0.904504,-0.426465
-0.945378,-0.325977
-0.974569,-0.224087
-0.99251,-0.122162
-0.99977,-0.021434
-0.99703,0.0770086
-0.985058,0.172224
-0.964681,0.263422
-0.936767,0.349953
-0.902204,0.431309
-0.861882,0.507109
-0.816675,0.577098
-0.767433,0.641129
-0.71497,0.699155
-0.660052,0.75122
-0.603397,0.797441
-0.545665,0.838003
-0.487459,0.873146
-0.429322,0.903151
-0.371739,0.928337
-0.315134,0.949047
-0.259876,0.965642
-0.206283,0.978492
-0.154619,0.987974
-0.105106,0.994461
-0.0579173,0.998321
-0.0131947,0.999913
0.0289578,0.999581
0.0684652,0.997653
0.105278,0.994443
0.139368,0.990241
0.170726,0.985319
0.199357,0.979927
0.225276,0.974295
0.248508,0.96863
0.269083,0.963117
0.287032,0.957921
0.302388,0.953185
0.315184,0.94903
0.32545,0.945559
0.333209,0.942853
0.338484,0.940972
0.341286,0.939959
0.341625,0.939836
0.339501,0.940606
0.334908,0.942251
0.327832,0.944736
0.318256,0.948005
0.306155,0.951982
0.291499,0.956571
0.274258,0.961656
0.254397,0.9671
0.231883,0.972744
0.206686,0.978407
0.178779,0.983889
0.148142,0.988966
0.114768,0.993392
0.0786603,0.996901
0.039842,0.999206
-0.0016443,0.999999
-0.0457316,0.998954
-0.0923238,0.995729
-0.141291,0.989968
-0.192468,0.981303
-0.245646,0.96936
-0.300571,0.953759
-0.356941,0.934127
-0.414399,0.910095
-0.472533,0.881313
-0.530873,0.847452
-0.588886,0.808216
-0.645985,0.76335
-0.701517,0.712653
-0.754775,0.655984
-0.804998,0.593278
-0.851376,0.524556
-0.893061,0.449936
-0.929172,0.369647
-0.958813,0.284037
-0.981084,0.193584
-0.995097,0.0989073
-1,0.000770005
-0.994996,-0.099916
-0.979368,-0.202085
-0.952505,-0.304523
-0.913928,-0.405876
-0.863322,-0.504654
-0.800559,-0.599254
-0.72573,-0.687979
-0.639172,-0.769063
-0.541485,-0.840711
-0.60334,-0.797484
-0.695247,-0.718771
-0.775414,-0.631454
-0.843355,-0.537357
-0.89885,-0.438256
-0.941916,-0.335849
-0.972781,-0.231726
-0.991858,-0.12735
-0.999711,-0.0240471
-0.99703,0.0770119
-0.984603,0.174806
-0.963287,0.268473
-0.933988,0.357305
-0.897635,0.440739
-0.855165,0.518357
-0.8075,0.589867
-0.755543,0.655099
-0.700152,0.713994
-0.642144,0.766584
-0.582282,0.812987
-0.521267,0.853394
-0.459739,0.888054
-0.398278,0.917265
-0.337395,0.941363
-0.277542,0.960714
-0.219109,0.9757
-0.162428,0.98672
-0.107777,0.994175
-0.0553837,0.998465
-0.00543024,0.999985
0.0419445,0.99912
0.0866371,0.99624
0.128578,0.991699
0.167725,0.985834
0.204059,0.978959
0.237583,0.971367
0.268315,0.963331
0.296282,0.9551
0.321526,0.946901
0.34409,0.938937
0.364022,0.93139
0.381371,0.924422
0.396184,0.918171
0.408506,0.912756
0.418376,0.908274
0.425828,0.904804
0.430886,0.902406
0.433571,0.90112
0.43389,0.900966
0.431846,0.901947
0.427431,0.904048
0.420627,0.907234
0.411412,0.91145
0.399752,0.916623
0.38561,0.922662
0.368942,0.929453
0.349701,0.936861
0.327837,0.944734
0.303303,0.952894
0.27605,0.961143
0.246039,0.96926
0.213236,0.977001
0.177619,0.984099
0.13918,0.990267
0.0979339,0.995193
0.0539134,0.998546
0.00717999,0.999974
-0.0421713,0.99911
-0.0940126,0.995571
-0.148173,0.988961
-0.204438,0.978879
-0.262541,0.964921
-0.322165,0.946684
-0.382931,0.923777
-0.444405,0.895826
-0.506084,0.862484
-0.567407,0.823437
-0.627743,0.778421
-0.6864,0.727224
-0.742625,0.669708
-0.795608,0.605812
-0.844489,0.535573
-0.888369,0.459131
-0.926317,0.376746
-0.957388,0.288806
-0.980635,0.195843
-0.995134,0.0985348
-0.999997,-0.00228515
-0.994406,-0.105624
-0.977631,-0.210326
-0.949062,-0.315089
-0.908238,-0.418454
-0.854877,-0.51883
-0.788904,-0.614516
-0.710483,-0.703714
-0.620042,-0.784568
-0.676211,-0.736708
-0.760336,-0.64953
-0.831928,-0.554884
-0.890676,-0.454639
-0.93653,-0.350589
-0.969667,-0.244428
-0.990471,-0.137721
-0.999491,-0.0318906
-0.997419,0.0717955
-0.985057,0.172231
-0.963286,0.268477
-0.933048,0.359753
-0.895313,0.445438
-0.851063,0.525064
-0.801273,0.598299
-0.746892,0.664946
-0.688835,0.724918
-0.627967,0.77824
-0.565098,0.825024
-0.500977,0.865461
-0.436286,0.899808
-0.37164,0.928377
-0.307586,0.95152
-0.244604,0.969623
-0.183107,0.983093
-0.123449,0.992351
-0.0659204,0.997825
-0.010761,0.999942
0.0418414,0.999124
0.0917446,0.995783
0.138847,0.990314
0.183081,0.983098
0.224412,0.974494
0.26283,0.964842
0.298348,0.954457
0.330997,0.943632
0.360821,0.932635
0.387872,0.921713
0.412213,0.911088
0.433907,0.900958
0.453021,0.8915
0.469618,0.88287
0.483758,0.875202
0.495499,0.868608
0.504888,0.863185
0.511967,0.859005
0.516767,0.856126
0.51931,0.854586
0.519608,0.854405
0.517663,0.855585
0.513465,0.858111
0.506993,0.86195
0.498219,0.867051
0.487104,0.873344
0.4736,0.88074
0.457652,0.889131
0.439202,0.898388
0.418184,0.908362
0.394533,0.918882
0.368183,0.929754
0.33907,0.940761
0.30714,0.951664
0.272344,0.9622
0.234646,0.972081
0.194029,0.980996
0.150495,0.988611
0.104072,0.99457
0.0548165,0.998496
0.00282104,0.999996
-0.0517824,0.998658
-0.108819,0.994062
-0.168062,0.985776
-0.229233,0.973372
-0.291995,0.95642
-0.355947,0.934506
-0.420623,0.907236
-0.485492,0.874241
-0.549951,0.835197
-0.613328,0.789828
-0.674886,0.737922
-0.733823,0.679341
-0.789275,0.614039
-0.840334,0.542069
-0.886043,0.463603
-0.925422,0.378939
-0.957476,0.288514
-0.981215,0.19292
-0.995675,0.0929022
-0.999944,-0.0106239
-0.993182,-0.116575
-0.974657,-0.223707
-0.943768,-0.330608
-0.900086,-0.435713
-0.843371,-0.537331
-0.773621,-0.633648
-0.691085,-0.722773
-0.74134,-0.67113
-0.817134,-0.576447
-0.87973,-0.475474
-0.92899,-0.370106
-0.96503,-0.262139
-0.988188,-0.153248
-0.998989,-0.0449607
-0.998116,0.0613537
-0.986378,0.164494
-0.964678,0.263432
-0.933985,0.357311
-0.895311,0.445441
-0.849682,0.527295
-0.798124,0.602493
-0.741639,0.670799
-0.681194,0.732103
-0.617709,0.786407
-0.552045,0.833815
-0.485,0.874514
-0.417303,0.908767
-0.34961,0.936895
-0.282506,0.959266
-0.216503,0.976282
-0.152043,0.988374
-0.0895012,0.995987
-0.0291879,0.999574
0.0286442,0.99959
0.0837987,0.996483
0.136127,0.990691
0.185528,0.982639
0.231935,0.972731
0.275319,0.961353
0.315678,0.948867
0.353035,0.93561
0.387434,0.921897
0.418932,0.908018
0.447598,0.894235
0.473509,0.880789
0.496747,0.867895
0.517395,0.855747
0.535536,0.844513
0.551247,0.834342
0.564603,0.825362
0.575671,0.817682
0.584506,0.811389
0.591157,0.806556
0.595661,0.803236
0.598044,0.801463
0.59832,0.801257
0.596489,0.802621
0.592541,0.80554
0.586453,0.809983
0.578191,0.815901
0.567708,0.82323
0.55495,0.831883
0.539853,0.84176
0.522342,0.852736
0.502342,0.864669
0.479769,0.877395
0.454539,0.890727
0.42657,0.904454
0.395782,0.918344
0.362103,0.932138
0.325471,0.945552
0.285837,0.958278
0.243174,0.969983
0.197474,0.980308
0.148759,0.988873
0.0970847,0.995276
0.0425424,0.999095
-0.0147318,0.999891
-0.0745533,0.997217
-0.136684,0.990615
-0.200827,0.979627
-0.266622,0.963801
-0.333641,0.9427
-0.401389,0.915907
-0.469295,0.883042
-0.536712,0.843765
-0.602927,0.797797
-0.667149,0.744925
-0.728522,0.685022
-0.786134,0.618057
-0.839014,0.54411
-0.886154,0.463391
-0.926522,0.376241
-0.959073,0.28316
-0.982775,0.184805
-0.996632,0.0820036
-0.999706,-0.0242416
-0.991149,-0.132752
-0.970233,-0.242173
-0.936381,-0.350986
-0.889201,-0.457516
-0.828522,-0.559957
-0.75442,-0.656392
-0.79865,-0.601796
-0.865693,-0.500576
-0.918995,-0.394268
-0.958593,-0.284778
-0.984765,-0.173891
-0.997998,-0.0632454
-0.998956,0.0456786
-0.988446,0.151575
-0.967383,0.25332
-0.936762,0.349967
-0.897631,0.440749
-0.851059,0.525069
-0.798123,0.602495
-0.739876,0.672743
-0.677344,0.735667
-0.611501,0.791244
-0.543264,0.839562
-0.473485,0.880802
-0.402941,0.915226
-0.332337,0.943161
-0.262297,0.964987
-0.193371,0.981126
-0.126034,0.992026
-0.0606866,0.998157
0.00233801,0.999997
0.062771,0.998028
0.120403,0.992725
0.175078,0.984555
0.22669,0.973967
0.275174,0.961394
0.320504,0.947247
0.362686,0.931912
0.40175,0.915749
0.437752,0.899096
0.470762,0.88226
0.500866,0.865525
0.528156,0.849147
0.552732,0.833359
0.574695,0.818367
0.594146,0.804357
0.611182,0.79149
0.625896,0.779907
0.638372,0.769728
0.648687,0.761055
0.656906,0.753972
0.663084,0.748545
0.667262,0.744823
0.669469,0.74284
0.669721,0.742613
0.668017,0.744146
0.664348,0.747423
0.658687,0.752417
0.650996,0.759081
0.641222,0.767355
0.629303,0.77716
0.615164,0.788399
0.598722,0.800957
0.579886,0.814697
0.55856,0.829464
0.534641,0.845079
0.508028,0.861341
0.47862,0.878022
0.44632,0.894873
0.411042,0.911617
0.372708,0.927949
0.33126,0.94354
0.286658,0.958033
0.238888,0.971047
0.187969,0.982175
0.133954,0.990988
0.0769382,0.997036
0.0170645,0.999854
-0.0454709,0.998966
-0.110414,0.993886
-0.177447,0.98413
-0.246182,0.969224
-0.316162,0.948705
-0.386852,0.922142
-0.457639,0.889138
-0.527834,0.849347
-0.596669,0.802488
-0.6633,0.748354
-0.726817,0.686831
-0.786246,0.617914
-0.840562,0.541715
-0.8887,0.45849
-0.929574,0.368636
-0.962093,0.27272
-0.985188,0.171478
-0.997831,0.0658273
-0.999069,-0.0431317
-0.988053,-0.154112
-0.964071,-0.265644
-0.926581,-0.376096
-0.875249,-0.483672
-0.809982,-0.586454
-0.848184,-0.529701
-0.906175,-0.422902
-0.950007,-0.312228
-0.979881,-0.199581
-0.996233,-0.0867191
-0.999693,0.0247631
-0.991056,0.133446
-0.971241,0.238098
-0.941262,0.337676
-0.902197,0.431324
-0.855157,0.518369
-0.801267,0.598307
-0.741634,0.670804
-0.677341,0.735669
-0.609421,0.792847
-0.53885,0.842402
-0.466535,0.884503
-0.393309,0.919406
-0.319927,0.947442
-0.247061,0.969
-0.175301,0.984515
-0.105159,0.994455
-0.037067,0.999313
0.0286147,0.999591
0.0915982,0.995796
0.151657,0.988433
0.208625,0.977996
0.26239,0.964962
0.312884,0.949791
0.360082,0.932921
0.403995,0.914761
0.444661,0.895699
0.482146,0.876091
0.516535,0.856266
0.547925,0.836527
0.576425,0.81715
0.602154,0.79838
0.62523,0.780441
0.645771,0.763531
0.663898,0.747824
0.679719,0.733472
0.693341,0.720609
0.704859,0.709347
0.714358,0.69978
0.721911,0.691986
0.727578,0.686025
0.731404,0.681945
0.733422,0.679773
0.733649,0.679529
0.732086,0.681213
0.728719,0.684813
0.723522,0.690302
0.716449,0.697639
0.707446,0.706767
0.696441,0.717614
0.683353,0.730088
0.668086,0.744084
0.650539,0.759473
0.630601,0.776107
0.608154,0.793819
0.583079,0.812416
0.555254,0.831681
0.524562,0.851372
0.490889,0.871222
0.454134,0.890933
0.414207,0.910183
0.371036,0.928619
0.324575,0.94586
0.274804,0.9615
0.22174,0.975106
0.165437,0.98622
0.105996,0.994367
0.0435701,0.99905
-0.0216294,0.999766
-0.089328,0.996002
-0.159181,0.987249
-0.230775,0.973007
-0.303612,0.952796
-0.377114,0.926167
-0.450626,0.892713
-0.523405,0.852084
-0.594628,0.804001
-0.663395,0.748269
-0.728734,0.684797
-0.78961,0.613609
-0.84494,0.534862
-0.893601,0.448862
-0.934457,0.356077
-0.966372,0.25715
-0.988241,0.152905
-0.999016,0.044361
-0.997735,-0.0672718
-0.983559,-0.180589
-0.955804,-0.294005
-0.913981,-0.405756
-0.85783,-0.513933
-0.890097,-0.455771
-0.938849,-0.344329
-0.973138,-0.230224
-0.993326,-0.115339
-0.999999,-0.00139323
-0.993923,0.110075
-0.976013,0.217714
-0.947291,0.320374
-0.908861,0.417099
-0.861871,0.507127
-0.807491,0.58988
-0.746883,0.664955
-0.681187,0.732109
-0.611496,0.791248
-0.538847,0.842403
-0.464211,0.885725
-0.388476,0.921459
-0.312454,0.949933
-0.236867,0.971542
-0.162355,0.986732
-0.0894694,0.99599
-0.0186788,0.999826
0.0496271,0.998768
0.115132,0.99335
0.177594,0.984104
0.236829,0.971551
0.292716,0.956199
0.345182,0.938536
0.394201,0.919024
0.439786,0.898103
0.481982,0.876181
0.520862,0.853641
0.556524,0.830832
0.589078,0.808076
0.618649,0.785667
0.645372,0.763869
0.669382,0.742918
0.690821,0.723026
0.709823,0.70438
0.726521,0.687144
0.74104,0.671461
0.753496,0.657453
0.763993,0.645225
0.772625,0.634862
0.779472,0.626437
0.784598,0.620005
0.788054,0.615606
0.789873,0.61327
0.790075,0.61301
0.78866,0.614829
0.785615,0.618716
0.780909,0.624645
0.774494,0.632581
0.766311,0.64247
0.756281,0.654246
0.744316,0.667828
0.730311,0.683115
0.714154,0.699989
0.69572,0.718313
0.674879,0.737928
0.651493,0.758655
0.625424,0.780285
0.596532,0.802589
0.564682,0.825309
0.529744,0.848158
0.491603,0.87082
0.450155,0.89295
0.405323,0.914173
0.357051,0.934085
0.305318,0.952251
0.250137,0.96821
0.19157,0.981479
0.129727,0.99155
0.0647744,0.9979
-0.00305847,0.999995
-0.0734711,0.997297
-0.146092,0.989271
-0.220467,0.975394
-0.296058,0.95517
-0.372245,0.928135
-0.448315,0.893876
-0.523471,0.852043
-0.596832,0.802366
-0.667435,0.744668
-0.73424,0.67889
-0.796158,0.605089
-0.852037,0.523481
-0.900704,0.434433
-0.94097,0.338491
-0.971659,0.236387
-0.991638,0.129048
-0.999845,0.0175998
-0.995321,-0.0966226
-0.97725,-0.212093
-0.944993,-0.327092
-0.898129,-0.439733
-0.924632,-0.380861
-0.964062,-0.265677
-0.988833,-0.14903
-0.999463,-0.0327709
-0.996679,0.0814319
-0.981374,0.192105
-0.954574,0.297973
-0.917397,0.397974
-0.871022,0.491244
-0.816662,0.577116
-0.75553,0.655114
-0.688824,0.724929
-0.617699,0.786415
-0.543257,0.839567
-0.46653,0.884505
-0.388473,0.92146
-0.309956,0.950751
-0.23176,0.972773
-0.154573,0.987981
-0.0789954,0.996875
-0.00553764,0.999985
0.0653743,0.997861
0.133397,0.991063
0.198259,0.98015
0.259763,0.965672
0.317771,0.948167
0.372204,0.928151
0.423029,0.906116
0.47026,0.882528
0.513947,0.857822
0.554169,0.832404
0.591034,0.806647
0.624664,0.780894
0.655199,0.755456
0.68279,0.730615
0.70759,0.706623
0.729758,0.683705
0.74945,0.662061
0.766818,0.641865
0.782007,0.623269
0.795155,0.606406
0.806387,0.591388
0.815817,0.57831
0.823545,0.567251
0.829657,0.558274
0.834221,0.55143
0.837292,0.546756
0.838906,0.544276
0.839082,0.544004
0.837823,0.545942
0.835113,0.550079
0.830918,0.556394
0.825191,0.564854
0.817865,0.575411
0.808857,0.588006
0.79807,0.602565
0.785394,0.618996
0.770706,0.637191
0.753869,0.657025
0.734739,0.678349
0.713166,0.700995
0.688993,0.724768
0.66206,0.749451
0.632211,0.774796
0.599293,0.80053
0.563164,0.826345
0.523691,0.851908
0.480766,0.876849
0.434299,0.900769
0.384231,0.923237
0.330539,0.943792
0.273242,0.961945
0.212409,0.977181
0.148161,0.988963
0.080683,0.99674
0.0102296,0.999948
-0.0628717,0.998022
-0.138213,0.990403
-0.215296,0.976549
-0.293542,0.955946
-0.372274,0.928123
-0.450723,0.892664
-0.528032,0.849225
-0.603253,0.79755
-0.675356,0.737492
-0.743243,0.669021
-0.805751,0.592255
-0.861672,0.507465
-0.909777,0.415097
-0.948831,0.315786
-0.977623,0.210363
-0.995001,0.0998695
-0.999896,-0.0144435
-0.991367,-0.131116
-0.968637,-0.248481
-0.931129,-0.364691
-0.952114,-0.305744
-0.98223,-0.187679
-0.997594,-0.0693269
-0.998871,0.0475043
-0.986921,0.161205
-0.962755,0.270376
-0.927499,0.373826
-0.882356,0.470583
-0.828574,0.55988
-0.767417,0.641148
-0.700138,0.714008
-0.627953,0.778251
-0.552032,0.833823
-0.473475,0.880807
-0.393302,0.919409
-0.312448,0.949935
-0.231757,0.972774
-0.151975,0.988384
-0.0737531,0.997277
0.00234909,0.999997
0.0758653,0.997118
0.146417,0.989223
0.213704,0.976898
0.277504,0.960724
0.337662,0.941267
0.394086,0.919074
0.446736,0.894666
0.495623,0.868538
0.540798,0.841152
0.582346,0.812941
0.620379,0.784302
0.655034,0.755599
0.686464,0.727163
0.714832,0.699297
0.740311,0.672264
0.763077,0.646307
0.783305,0.621637
0.801168,0.598439
0.816831,0.576877
0.830453,0.557089
0.84218,0.539197
0.852148,0.523301
0.860478,0.509488
0.867275,0.497829
0.872632,0.488378
0.876621,0.481182
0.879298,0.476273
0.880702,0.473671
0.880853,0.47339
0.879754,0.47543
0.877388,0.479782
0.87372,0.486428
0.868699,0.49534
0.862256,0.506473
0.854301,0.519778
0.844734,0.535186
0.833436,0.552616
0.820274,0.571971
0.805103,0.593135
0.787768,0.615973
0.768102,0.640328
0.745934,0.66602
0.721087,0.692845
0.693384,0.720568
0.662652,0.748928
0.628722,0.777631
0.591436,0.806352
0.550653,0.834734
0.506252,0.862386
0.45814,0.88888
0.406257,0.913759
0.350581,0.936532
0.291139,0.956681
0.228008,0.973659
0.161328,0.986901
0.0913093,0.995823
0.0182308,0.999834
-0.0575426,0.998343
-0.135561,0.990769
-0.215285,0.976551
-0.296076,0.955164
-0.3772,0.926132
-0.45783,0.88904
-0.537039,0.843557
-0.613811,0.789453
-0.687049,0.726611
-0.755581,0.655055
-0.818183,0.574958
-0.873587,0.486668
-0.920509,0.390721
-0.957675,0.287851
-0.983848,0.179005
-0.997862,0.0653496
-0.998661,-0.0517327
-0.985334,-0.170638
-0.957159,-0.289564
-0.972926,-0.231116
-0.993823,-0.110978
-0.999966,0.00829988
-0.992161,0.124967
-0.971393,0.23748
-0.93878,0.344518
-0.89554,0.444982
-0.84295,0.537992
-0.782318,0.62288
-0.714951,0.699175
-0.642126,0.766599
-0.565081,0.825036
-0.484985,0.874523
-0.402928,0.915232
-0.319917,0.947446
-0.23686,0.971544
-0.154567,0.987982
-0.0737507,0.997277
0.00498026,0.999988
0.0811106,0.996705
0.154219,0.988037
0.223973,0.974595
0.290121,0.95699
0.352485,0.935817
0.410956,0.911655
0.465483,0.885057
0.51607,0.856547
0.562767,0.826616
0.60566,0.795724
0.644868,0.764294
0.680536,0.732715
0.712828,0.701339
0.741923,0.670485
0.768008,0.64044
0.791278,0.611457
0.811926,0.583761
0.830144,0.55755
0.846118,0.532996
0.860028,0.510247
0.872043,0.48943
0.882318,0.470654
0.890996,0.454011
0.898206,0.439574
0.904059,0.427407
0.90865,0.41756
0.912055,0.410068
0.914333,0.404962
0.915526,0.40226
0.915652,0.401971
0.914716,0.404097
0.9127,0.408631
0.909567,0.415556
0.905265,0.424848
0.899719,0.43647
0.892839,0.450377
0.884516,0.46651
0.874626,0.484798
0.86303,0.505153
0.849572,0.527472
0.834087,0.551633
0.816397,0.57749
0.796316,0.604881
0.773652,0.633611
0.748209,0.663463
0.719792,0.694189
0.688212,0.72551
0.653283,0.757113
0.614838,0.788653
0.572725,0.819748
0.526817,0.849979
0.477017,0.878894
0.423266,0.906006
0.365548,0.930793
0.3039,0.952704
0.238416,0.971163
0.169259,0.985572
0.0966635,0.995317
0.0209458,0.999781
-0.0574894,0.998346
-0.138147,0.990412
-0.220431,0.975403
-0.303645,0.952785
-0.386994,0.922082
-0.469579,0.88289
-0.550402,0.8349
-0.628377,0.777909
-0.702332,0.71185
-0.771028,0.636802
-0.833173,0.553013
-0.887442,0.46092
-0.932505,0.361158
-0.967053,0.254577
-0.98983,0.142254
-0.999675,0.0254882
-0.995554,-0.0941878
-0.976608,-0.215028
-0.987505,-0.157586
-0.999347,-0.0361308
-0.99652,0.0833589
-0.97996,0.199193
-0.950768,0.309905
-0.91016,0.414258
-0.859435,0.511245
-0.799937,0.600084
-0.733021,0.680206
-0.660029,0.75124
-0.58226,0.813002
-0.500957,0.865472
-0.417285,0.908776
-0.332321,0.943166
-0.247048,0.969003
-0.162345,0.986734
-0.0789879,0.996876
0.00235434,0.999997
0.0811123,0.996705
0.156819,0.987627
0.2291,0.973403
0.297668,0.954669
0.36232,0.932054
0.422922,0.906166
0.47941,0.877591
0.531776,0.846885
0.580065,0.81457
0.624361,0.781136
0.664788,0.747032
0.701496,0.712673
0.73466,0.678436
0.76447,0.644659
0.79113,0.611647
0.814849,0.579673
0.835839,0.548975
0.854311,0.519762
0.870473,0.492216
0.884524,0.466495
0.896653,0.442734
0.907039,0.421046
0.915847,0.401528
0.923225,0.38426
0.929307,0.369307
0.934211,0.356722
0.938032,0.346548
0.940853,0.338816
0.942732,0.333551
0.943712,0.330767
0.943815,0.330474
0.943043,0.332671
0.941378,0.337353
0.938784,0.344507
0.935203,0.354112
0.930561,0.366137
0.924763,0.380545
0.917696,0.397284
0.909231,0.416293
0.899221,0.437495
0.887504,0.4608
0.873905,0.486097
0.858236,0.513256
0.840297,0.542126
0.819883,0.572532
0.796781,0.604268
0.770778,0.637104
0.741662,0.670774
0.709226,0.704982
0.673275,0.739392
0.633629,0.773637
0.590128,0.80731
0.542642,0.839964
0.491074,0.871118
0.43537,0.900252
0.375523,0.926813
0.311584,0.950218
0.243671,0.969858
0.171971,0.985102
0.0967526,0.995308
0.0183746,0.999831
-0.0627146,0.998031
-0.145963,0.98929
-0.230715,0.973021
-0.316213,0.948688
-0.401588,0.91582
-0.485867,0.874033
-0.56798,0.823043
-0.64676,0.762694
-0.720964,0.692972
-0.789283,0.614029
-0.850359,0.526202
-0.902817,0.430025
-0.945283,0.326251
-0.976424,0.215862
-0.99498,0.10007
-0.999806,-0.0196718
-0.989913,-0.14168
-0.996322,-0.0856839
-0.999337,0.0363939
-0.987844,0.155447
-0.962902,0.269852
-0.925715,0.378221
-0.87759,0.479411
-0.819898,0.572509
-0.754039,0.65683
-0.681407,0.731904
-0.603371,0.79746
-0.521242,0.853409
-0.436263,0.899819
-0.349589,0.936903
-0.262279,0.964992
-0.175286,0.984518
-0.0894565,0.995991
-0.00552763,0.999985
0.0758729,0.997118
0.154224,0.988036
0.229102,0.973402
0.300182,0.953882
0.367223,0.930133
0.430068,0.902797
0.48863,0.872491
0.542887,0.839806
0.592871,0.805297
0.638667,0.769483
0.680395,0.732846
0.718211,0.695825
0.752296,0.658825
0.782852,0.622208
0.810096,0.586297
0.834251,0.551385
0.855548,0.517723
0.874216,0.485537
0.890481,0.45502
0.904564,0.426337
0.916675,0.399633
0.927014,0.375026
0.935768,0.352617
0.943106,0.332491
0.949186,0.314716
0.954144,0.299347
0.958102,0.286429
0.961159,0.275996
0.963398,0.268076
0.964881,0.262686
0.965652,0.259839
0.965732,0.259543
0.965123,0.261796
0.963808,0.266596
0.961749,0.273931
0.958888,0.283785
0.955147,0.296134
0.950428,0.310945
0.944616,0.328176
0.937578,0.347776
0.929159,0.36968
0.919193,0.393808
0.907495,0.420063
0.893868,0.44833
0.878103,0.478471
0.85998,0.510327
0.839272,0.543711
0.81575,0.578404
0.789182,0.61416
0.759338,0.650696
0.726001,0.687694
0.688962,0.724798
0.648032,0.761613
0.603048,0.797705
0.55388,0.832597
0.500431,0.865777
0.442658,0.896691
0.380567,0.924753
0.314232,0.949346
0.243792,0.969828
0.169471,0.985535
0.0915782,0.995798
0.0105157,0.999945
-0.0732104,0.997317
-0.158988,0.98728
-0.246099,0.969245
-0.33371,0.942676
-0.420875,0.907118
-0.506547,0.862212
-0.58957,0.807717
-0.668706,0.743527
-0.742632,0.6697
-0.809968,0.586475
-0.8693,0.494284
-0.919203,0.393783
-0.958272,0.285856
-0.985163,0.171624
-0.998623,0.0524565
-0.997545,-0.0700343
-0.999874,-0.0158608
-0.994344,0.106209
-0.974533,0.224243
-0.941615,0.336691
-0.89689,0.442254
-0.841743,0.539878
-0.77761,0.628746
-0.705936,0.708275
-0.62815,0.778092
-0.545636,0.838022
-0.459712,0.888068
-0.371615,0.928387
-0.282483,0.959272
-0.193351,0.98113
-0.105141,0.994457
-0.0186639,0.999826
0.0653865,0.99786
0.146426,0.989222
0.22398,0.974594
0.297673,0.954668
0.367225,0.930132
0.432446,0.90166
0.493221,0.869904
0.549508,0.835488
0.601328,0.799002
0.648754,0.760998
0.691904,0.72199
0.730934,0.682448
0.766031,0.642803
0.797406,0.603444
0.825284,0.564717
0.849907,0.526933
0.871517,0.490365
0.890364,0.45525
0.906691,0.421795
0.92074,0.390177
0.932741,0.360547
0.942916,0.333031
0.951472,0.307736
0.958602,0.284749
0.964484,0.26414
0.969278,0.245968
0.973125,0.230278
0.976148,0.217105
0.978451,0.206478
0.980118,0.198417
0.981212,0.192935
0.981776,0.190043
0.981834,0.189744
0.981387,0.192041
0.980418,0.19693
0.978887,0.204402
0.976736,0.214445
0.973885,0.227041
0.970235,0.242165
0.965667,0.259783
0.960043,0.279852
0.953207,0.302319
0.944984,0.327116
0.935185,0.35416
0.923603,0.383349
0.910021,0.414563
0.894206,0.447655
0.87592,0.482456
0.854917,0.518764
0.830948,0.55635
0.803765,0.594947
0.773125,0.634253
0.738797,0.673928
0.700564,0.71359
0.658231,0.752816
0.611633,0.791141
0.560641,0.828059
0.505169,0.86302
0.445184,0.895439
0.380713,0.924693
0.311854,0.95013
0.23878,0.971074
0.161754,0.986831
0.0811314,0.996703
-0.00262992,0.999997
-0.0889623,0.996035
-0.177189,0.984177
-0.266516,0.963831
-0.35603,0.934475
-0.444709,0.895675
-0.531416,0.847111
-0.614918,0.788591
-0.693891,0.72008
-0.76694,0.641719
-0.83262,0.553844
-0.889462,0.457009
-0.936,0.352
-0.970812,0.239843
-0.992552,0.121824
-1,-0.000527533
-0.998672,0.0515101
-0.984921,0.173005
-0.957177,0.289505
-0.916715,0.399542
-0.864924,0.501903
-0.803261,0.595627
-0.733213,0.679999
-0.656266,0.75453
-0.573873,0.818945
-0.487428,0.873163
-0.398247,0.917278
-0.307558,0.951529
-0.216477,0.976288
-0.126011,0.992029
-0.0370469,0.999314
0.0496444,0.998767
0.133411,0.991061
0.213716,0.976896
0.29013,0.956987
0.362326,0.932051
0.430072,0.902795
0.493223,0.869903
0.551709,0.834037
0.605533,0.79582
0.654753,0.755843
0.699482,0.714651
0.739871,0.672749
0.776111,0.630597
0.808416,0.588611
0.837024,0.547166
0.862185,0.506593
0.88416,0.467184
0.903211,0.429196
0.919603,0.392849
0.933594,0.358332
0.945436,0.325806
0.955372,0.295405
0.96363,0.267241
0.970424,0.241405
0.975955,0.217971
0.980404,0.196997
0.983934,0.178531
0.986691,0.162607
0.988799,0.149253
0.990364,0.13849
0.99147,0.130332
0.992183,0.124788
0.992547,0.121866
0.992583,0.121568
0.992295,0.123895
0.991665,0.128845
0.990652,0.136413
0.989197,0.14659
0.98722,0.159364
0.984619,0.174716
0.981273,0.192621
0.977042,0.213045
0.971766,0.235947
0.965266,0.26127
0.957346,0.288944
0.947794,0.318882
0.936383,0.350979
0.922873,0.385104
0.907012,0.421105
0.888541,0.458797
0.867196,0.497967
0.842711,0.538367
0.814822,0.579711
0.783275,0.621675
0.747828,0.663893
0.708256,0.705956
0.664363,0.74741
0.615985,0.787758
0.562999,0.826458
0.505331,0.862925
0.442969,0.896537
0.375961,0.926635
0.304439,0.952532
0.228616,0.973517
0.1488,0.988867
0.0654019,0.997859
-0.0210575,0.999778
-0.109945,0.993938
-0.200506,0.979692
-0.291866,0.956459
-0.38303,0.923736
-0.472885,0.881124
-0.56021,0.82835
-0.643686,0.765289
-0.721908,0.691989
-0.79341,0.608687
-0.856685,0.51584
-0.910216,0.414133
-0.952513,0.304499
-0.982144,0.188131
-0.997788,0.0664775
-0.993234,0.116126
-0.971621,0.236544
-0.936351,0.351065
-0.888797,0.458301
-0.830423,0.557133
-0.762749,0.646695
-0.687307,0.726367
-0.605616,0.795757
-0.519143,0.854687
-0.429288,0.903168
-0.337362,0.941375
-0.244574,0.969631
-0.152015,0.988378
-0.0606614,0.998158
0.0286368,0.99959
0.115151,0.993348
0.198275,0.980146
0.277517,0.960721
0.352495,0.935814
0.42293,0.906162
0.488635,0.872488
0.549512,0.835486
0.605534,0.795819
0.656745,0.754113
0.703242,0.710951
0.745173,0.666872
0.782723,0.62237
0.816113,0.577892
0.845585,0.53384
0.871401,0.490571
0.893832,0.448401
0.913158,0.407605
0.92966,0.36842
0.943614,0.331049
0.955292,0.295665
0.964957,0.26241
0.972858,0.231403
0.979232,0.202741
0.984301,0.1765
0.988266,0.152741
0.991315,0.13151
0.993613,0.112843
0.995307,0.0967664
0.996525,0.0832984
0.997372,0.0724525
0.997935,0.0642376
0.998278,0.0586593
0.998446,0.055721
0.998463,0.0554247
0.99833,0.0577707
0.998029,0.0627581
0.99752,0.0703843
0.996743,0.0806447
0.995616,0.093532
0.994038,0.109035
0.991885,0.127136
0.989016,0.147811
0.985266,0.171029
0.980455,0.196744
0.974382,0.224901
0.966828,0.255428
0.957561,0.288231
0.946331,0.323199
0.932878,0.360194
0.916929,0.39905
0.898208,0.439571
0.876431,0.481528
0.851317,0.524651
0.82259,0.568634
0.789984,0.613127
0.753248,0.657736
0.712156,0.702021
0.666512,0.745495
0.616156,0.787624
0.560977,0.827832
0.50092,0.865493
0.435994,0.89995
0.366281,0.930504
0.291951,0.956433
0.213263,0.976995
0.13058,0.991438
0.0443777,0.999015
-0.0447577,0.998998
-0.136114,0.990693
-0.228852,0.973461
-0.322014,0.946735
-0.414512,0.910044
-0.505144,0.863035
-0.592597,0.805499
-0.675466,0.737392
-0.752269,0.658856
-0.821471,0.57025
-0.881511,0.472163
-0.930838,0.365431
-0.967948,0.251151
-0.991423,0.13069
-0.984075,0.177753
-0.954984,0.296656
-0.912617,0.408816
-0.85843,0.512931
-0.793959,0.607972
-0.720774,0.693171
-0.640447,0.768002
-0.55452,0.83217
-0.464473,0.885587
-0.371701,0.928352
-0.277507,0.960724
-0.183075,0.983099
-0.0894713,0.995989
0.00236519,0.999997
0.0916219,0.995794
0.177615,0.9841
0.259781,0.965668
0.337677,0.941262
0.410967,0.91165
0.479419,0.877586
0.542893,0.839802
0.601333,0.798998
0.654756,0.75584
0.703243,0.710949
0.74693,0.664902
0.785998,0.618229
0.820664,0.571411
0.851176,0.52488
0.877803,0.479023
0.900826,0.434179
0.92054,0.390649
0.93724,0.348686
0.95122,0.308512
0.962773,0.270312
0.972179,0.234241
0.979709,0.200423
0.985622,0.168963
0.99016,0.139941
0.993547,0.113419
0.995992,0.0894463
0.997681,0.0680565
0.998785,0.0492746
0.999451,0.0331173
0.999808,0.0195954
0.999962,0.00871514
1,0.000480036
0.999987,-0.00510842
0.999968,-0.00804966
0.999965,-0.00834321
0.999982,-0.00598889
1,-0.000986421
0.999978,0.00666418
0.999856,0.0169622
0.999553,0.0299054
0.998965,0.0454887
0.997969,0.0637031
0.996421,0.0845338
0.994155,0.107959
0.990989,0.133946
0.986717,0.162451
0.981117,0.193416
0.97395,0.226763
0.96496,0.262397
0.953878,0.300195
0.940421,0.340011
0.924301,0.381665
0.905219,0.424946
0.882878,0.469602
0.856982,0.515347
0.827243,0.561845
0.793386,0.608719
0.755156,0.655545
0.712327,0.701847
0.664707,0.747104
0.612148,0.790743
0.554555,0.832147
0.491894,0.870655
0.424206,0.905566
0.351614,0.936145
0.274331,0.961635
0.192672,0.981263
0.107065,0.994252
0.0180514,0.999837
-0.0736995,0.99728
-0.167393,0.98589
-0.262102,0.96504
-0.35677,0.934192
-0.450218,0.892918
-0.541149,0.840927
-0.628156,0.778087
-0.709754,0.70445
-0.784382,0.620278
-0.850446,0.526062
-0.906344,0.422541
-0.9505,0.310723
-0.981418,0.191884
-0.971701,0.236214
-0.935537,0.353228
-0.886511,0.462708
-0.826155,0.563443
-0.756065,0.654497
-0.67786,0.735191
-0.593141,0.805098
-0.503467,0.864015
-0.41032,0.911942
-0.315094,0.94906
-0.219071,0.975709
-0.123414,0.992355
-0.0291566,0.999575
0.0627995,0.998026
0.151683,0.988429
0.236851,0.971546
0.31779,0.948161
0.394101,0.919067
0.465496,0.88505
0.531787,0.846878
0.59288,0.805291
0.64876,0.760993
0.699486,0.714647
0.745175,0.666869
0.785999,0.618228
0.822171,0.569241
0.853937,0.520377
0.881571,0.472052
0.905364,0.424636
0.92562,0.378453
0.942651,0.333781
0.956766,0.29086
0.968274,0.24989
0.977477,0.21104
0.984667,0.174446
0.990121,0.140217
0.994103,0.108442
0.99686,0.0791852
0.998621,0.0524962
0.999596,0.0284096
0.999976,0.00694881
0.99993,-0.0118717
0.999607,-0.0280444
0.999136,-0.0415664
0.998624,-0.0524381
0.998158,-0.060661
0.997804,-0.066238
0.997605,-0.0691709
0.997585,-0.0694606
0.997746,-0.0671074
0.998069,-0.0621096
0.998516,-0.0544649
0.999024,-0.0441703
0.999512,-0.031223
0.999878,-0.0156218
0.999997,0.00263191
0.999723,0.0235321
0.998892,0.0470665
0.997316,0.073215
0.99479,0.101946
0.991087,0.133213
0.985964,0.166956
0.979159,0.203093
0.970396,0.24152
0.959383,0.282106
0.945821,0.324689
0.929399,0.369077
0.909805,0.415037
0.886725,0.462298
0.859851,0.510545
0.828886,0.559418
0.793549,0.608506
0.753586,0.657349
0.708772,0.705438
0.658925,0.752209
0.603913,0.79705
0.543663,0.839303
0.478174,0.878265
0.407522,0.913195
0.331876,0.943323
0.251505,0.967856
0.166789,0.985993
0.0782237,0.996936
-0.0135665,0.999908
-0.107828,0.99417
-0.203673,0.979039
-0.300076,0.953915
-0.395884,0.918301
-0.489817,0.871825
-0.580481,0.814274
-0.666382,0.745611
-0.745949,0.666003
-0.817556,0.575849
-0.879558,0.475792
-0.930322,0.366744
-0.968274,0.249893
-0.956603,0.291393
-0.913783,0.406203
-0.85854,0.512747
-0.792475,0.609904
-0.717239,0.696827
-0.634488,0.772933
-0.545847,0.837885
-0.452886,0.891569
-0.357088,0.934071
-0.259835,0.965653
-0.162388,0.986727
-0.0658843,0.997827
0.0286775,0.999589
0.120432,0.992722
0.208652,0.97799
0.29274,0.956192
0.372224,0.928143
0.446752,0.894658
0.516084,0.856538
0.580076,0.814562
0.638676,0.769476
0.691911,0.721983
0.739876,0.672743
0.782727,0.622366
0.820666,0.571408
0.853938,0.520375
0.882815,0.469721
0.907595,0.419846
0.928592,0.371103
0.946127,0.323796
0.960527,0.278187
0.972117,0.234497
0.981217,0.192908
0.988138,0.153571
0.993178,0.116604
0.996624,0.0821023
0.998742,0.050136
0.999785,0.0207571
0.999982,-0.00599903
0.999547,-0.0301098
0.99867,-0.0515633
0.997522,-0.070355
0.996253,-0.0864856
0.994991,-0.0999604
0.993844,-0.110786
0.992898,-0.118968
0.992218,-0.124515
0.991848,-0.127429
0.991811,-0.127714
0.99211,-0.12537
0.992726,-0.120395
0.99362,-0.112783
0.99473,-0.102527
0.995976,-0.0896216
0.997254,-0.074058
0.99844,-0.0558307
0.99939,-0.0349372
0.999935,-0.0113797
0.99989,0.0148317
0.999046,0.0436778
0.997174,0.0751268
0.994027,0.109131
0.98934,0.145624
0.982829,0.184519
0.974197,0.2257
0.963133,0.269026
0.949317,0.31432
0.932423,0.361369
0.912122,0.40992
0.888087,0.459676
0.86,0.510294
0.827558,0.56138
0.790478,0.61249
0.748508,0.663125
0.701433,0.712735
0.649084,0.760716
0.591352,0.806413
0.528194,0.849124
0.459644,0.888103
0.385827,0.922571
0.306965,0.951721
0.223393,0.974729
0.135558,0.990769
0.044043,0.99903
-0.0504419,0.998727
-0.147049,0.989129
-0.244787,0.969577
-0.342534,0.939505
-0.439029,0.898473
-0.53289,0.846184
-0.622627,0.782518
-0.70666,0.707554
-0.783339,0.621595
-0.850985,0.52519
-0.907911,0.419163
-0.952478,0.304607
-0.939255,0.343219
-0.890201,0.455568
-0.829182,0.558979
-0.757863,0.652413
-0.677939,0.735118
-0.591096,0.806601
-0.49898,0.866614
-0.403164,0.915128
-0.305129,0.952311
-0.206239,0.978502
-0.107736,0.99418
-0.0107227,0.999942
0.0838337,0.99648
0.17511,0.984549
0.262417,0.964954
0.345206,0.938527
0.42305,0.906107
0.495641,0.868528
0.562782,0.826606
0.624373,0.781126
0.680405,0.732837
0.730941,0.68244
0.776116,0.63059
0.816118,0.577886
0.851179,0.524876
0.881572,0.472049
0.907596,0.419845
0.92957,0.368647
0.947826,0.318789
0.962703,0.27056
0.974543,0.224201
0.983682,0.179915
0.990451,0.137867
0.995168,0.0981887
0.998139,0.0609844
0.999653,0.0263312
0.999984,-0.00571518
0.999383,-0.0351171
0.998085,-0.0618517
0.996303,-0.0859085
0.994228,-0.107286
0.992032,-0.12599
0.989862,-0.142029
0.987849,-0.155416
0.986099,-0.166162
0.984696,-0.17428
0.983707,-0.179779
0.983175,-0.182667
0.983123,-0.182947
0.983553,-0.180619
0.984447,-0.175681
0.985766,-0.168124
0.987449,-0.15794
0.989415,-0.145115
0.991562,-0.129637
0.993765,-0.111493
0.995881,-0.0906729
0.997742,-0.0671691
0.99916,-0.0409812
0.999927,-0.0121166
0.999812,0.019405
0.998565,0.0535504
0.995917,0.090268
0.991581,0.129486
0.985253,0.171106
0.976613,0.215004
0.965333,0.26102
0.951075,0.308961
0.933495,0.358592
0.912251,0.409633
0.887005,0.46176
0.857434,0.514595
0.823229,0.56771
0.78411,0.620621
0.739833,0.67279
0.690197,0.723622
0.635054,0.772468
0.574322,0.818629
0.507998,0.861358
0.43616,0.899869
0.358987,0.933342
0.276769,0.960936
0.189909,0.981802
0.0989411,0.995093
0.00453597,0.99999
-0.0925,0.995713
-0.191214,0.981548
-0.290512,0.956871
-0.389158,0.921171
-0.485789,0.874076
-0.578919,0.815385
-0.666964,0.74509
-0.748259,0.663406
-0.821095,0.570791
-0.883742,0.467974
-0.934501,0.355962
-0.920107,0.391667
-0.865242,0.501355
-0.798885,0.601484
-0.722753,0.691107
-0.638579,0.769557
-0.548077,0.836428
-0.452905,0.891559
-0.354637,0.935004
-0.254744,0.967008
-0.154574,0.987981
-0.0553409,0.998468
0.0418809,0.999123
0.136164,0.990686
0.226722,0.97396
0.312912,0.949782
0.394226,0.919014
0.470282,0.882516
0.540816,0.841141
0.605676,0.795712
0.6648,0.747021
0.718221,0.695815
0.766039,0.642794
0.808422,0.588603
0.84559,0.533832
0.877806,0.479017
0.905366,0.424632
0.928593,0.3711
0.947826,0.318788
0.963416,0.268012
0.975715,0.219042
0.985079,0.172102
0.991854,0.127376
0.99638,0.085012
0.998981,0.045125
0.99997,0.007802
0.999638,-0.026895
0.998262,-0.0589246
0.996097,-0.0882625
0.993377,-0.114899
0.990316,-0.138835
0.987104,-0.160078
0.983914,-0.178644
0.980893,-0.194549
0.978169,-0.207812
0.975848,-0.218451
0.974015,-0.226484
0.972734,-0.231922
0.972049,-0.234776
0.971983,-0.235051
0.972538,-0.232746
0.973695,-0.227857
0.975415,-0.220376
0.977639,-0.210288
0.980287,-0.197578
0.983256,-0.182227
0.986424,-0.164216
0.989647,-0.143526
0.992757,-0.120142
0.995567,-0.0940521
0.997869,-0.0652539
0.99943,-0.0337543
1,0.000426698
0.999306,0.0372518
0.997057,0.0766644
0.992944,0.118583
0.986643,0.162899
0.977814,0.209473
0.966111,0.258125
0.951178,0.308643
0.932658,0.360763
0.910196,0.414178
0.883447,0.468531
0.852083,0.523406
0.815798,0.578337
0.774317,0.632798
0.72741,0.686203
0.674894,0.737914
0.616653,0.787235
0.55264,0.83342
0.482895,0.875678
0.407554,0.913181
0.32686,0.945073
0.241175,0.970482
0.150988,0.988536
0.0569246,0.998378
-0.0402472,0.99919
-0.139613,0.990206
-0.240111,0.970745
-0.340535,0.940232
-0.439535,0.898225
-0.535642,0.844445
-0.62727,0.778802
-0.712744,0.701424
-0.79033,0.612682
-0.858261,0.513213
-0.914786,0.403939
-0.899584,0.436748
-0.839327,0.543626
-0.768058,0.640381
-0.687538,0.726148
-0.599535,0.800348
-0.505783,0.862661
-0.407945,0.913007
-0.307595,0.951517
-0.20619,0.978512
-0.105058,0.994466
-0.00538577,0.999986
0.0917852,0.995779
0.185565,0.982632
0.275208,0.961385
0.360111,0.932909
0.439811,0.89809
0.51397,0.857808
0.582365,0.812928
0.644884,0.764281
0.701509,0.71266
0.752307,0.658813
0.797414,0.603432
0.837031,0.547156
0.871406,0.490563
0.90083,0.434172
0.925623,0.378447
0.946128,0.323792
0.962704,0.270557
0.975716,0.21904
0.985531,0.169494
0.992515,0.122124
0.997024,0.0770978
0.999403,0.0345444
0.999985,-0.00543672
0.999085,-0.0427745
0.996998,-0.0774221
0.994003,-0.109351
0.990355,-0.138552
0.986289,-0.165025
0.982019,-0.188782
0.977735,-0.209841
0.973608,-0.228226
0.969785,-0.243962
0.966392,-0.257073
0.963535,-0.267584
0.961297,-0.275513
0.959743,-0.28088
0.958915,-0.283694
0.958835,-0.283963
0.959507,-0.281685
0.960911,-0.276857
0.96301,-0.269467
0.965744,-0.259498
0.969033,-0.246931
0.972777,-0.231741
0.976855,-0.213903
0.981122,-0.193392
0.985412,-0.170183
0.98954,-0.144256
0.993296,-0.115597
0.996449,-0.0842005
0.998745,-0.0500756
0.999912,-0.0132445
0.999655,0.0262503
0.997662,0.0683427
0.993602,0.112941
0.98713,0.159922
0.977889,0.209126
0.965513,0.260354
0.949633,0.313365
0.929878,0.367869
0.905886,0.423523
0.877306,0.479931
0.843811,0.536641
0.805099,0.593141
0.76091,0.648857
0.71103,0.703161
0.655308,0.755361
0.59366,0.804716
0.526087,0.850431
0.452682,0.891672
0.373648,0.927571
0.2893,0.957238
0.200086,0.979778
0.10659,0.994303
0.0095362,0.999955
-0.090197,0.995924
-0.191582,0.981477
-0.293441,0.955977
-0.394447,0.918919
-0.493143,0.869948
-0.587949,0.808898
-0.677183,0.735815
-0.759094,0.650981
-0.831884,0.554949
-0.893756,0.448553
-0.878084,0.478506
-0.812849,0.582475
-0.73708,0.675806
-0.652581,0.757719
-0.561146,0.827717
-0.464522,0.885561
-0.364381,0.93125
-0.262286,0.96499
-0.15968,0.987169
-0.057869,0.998324
0.0419899,0.999118
0.138889,0.990308
0.231973,0.972722
0.320538,0.947236
0.404025,0.914748
0.482008,0.876167
0.554192,0.832389
0.620398,0.784287
0.680553,0.732699
0.734673,0.678421
0.782863,0.622194
0.825293,0.564704
0.862192,0.506581
0.893838,0.448391
0.920544,0.39064
0.942653,0.333774
0.960528,0.278182
0.974544,0.224196
0.98508,0.172099
0.992515,0.122123
0.997224,0.0744574
0.999572,0.0292515
0.99991,-0.013381
0.998576,-0.0533569
0.995885,-0.0906205
0.992139,-0.125139
0.987615,-0.156897
0.982569,-0.185898
0.977237,-0.212153
0.97183,-0.235684
0.966539,-0.25652
0.961533,-0.27469
0.956958,-0.290228
0.952938,-0.303164
0.949579,-0.313526
0.946964,-0.32134
0.945154,-0.326626
0.944192,-0.329396
0.9441,-0.329658
0.944881,-0.327413
0.946517,-0.322653
0.94897,-0.315367
0.952181,-0.305535
0.956072,-0.293133
0.960543,-0.278132
0.965473,-0.260502
0.970721,-0.240209
0.976122,-0.217221
0.981491,-0.191509
0.986618,-0.163049
0.991273,-0.131826
0.995203,-0.0978344
0.998133,-0.0610849
0.999767,-0.0216054
0.999789,0.0205531
0.997865,0.0653145
0.993644,0.112572
0.986761,0.162183
0.976841,0.213966
0.963503,0.267697
0.946363,0.323105
0.925043,0.379863
0.899172,0.437595
0.868403,0.49586
0.832408,0.554163
0.790902,0.611943
0.743641,0.66858
0.690438,0.723391
0.631178,0.775638
0.565822,0.824528
0.494424,0.869221
0.417147,0.908839
0.334264,0.942479
0.24618,0.969224
0.153436,0.988159
0.056718,0.99839
-0.0431347,0.999069
-0.145129,0.989413
-0.248117,0.96873
-0.350795,0.936452
-0.451723,0.892158
-0.54933,0.835605
-0.641931,0.766762
-0.727761,0.68583
-0.804997,0.593278
-0.871804,0.489855
-0.855978,0.517012
-0.786166,0.618016
-0.706295,0.707918
-0.618204,0.786018
-0.52371,0.851897
-0.42457,0.905395
-0.322454,0.946585
-0.218918,0.975743
-0.115388,0.99332
-0.0131451,0.999914
0.0866834,0.996236
0.183123,0.98309
0.275357,0.961342
0.36272,0.931898
0.444692,0.895684
0.52089,0.853624
0.591057,0.80663
0.655054,0.755582
0.712845,0.701322
0.764484,0.644643
0.810107,0.586282
0.849916,0.526919
0.884167,0.467171
0.913164,0.407593
0.937243,0.348676
0.956768,0.290851
0.972118,0.23449
0.983683,0.179909
0.991855,0.127372
0.997024,0.077095
0.999572,0.0292501
0.999871,-0.0160297
0.998279,-0.0586466
0.995134,-0.0985329
0.990757,-0.135648
0.985449,-0.16997
0.979488,-0.201501
0.973131,-0.230251
0.966612,-0.256244
0.960142,-0.279512
0.95391,-0.300091
0.948084,-0.318021
0.942808,-0.333338
0.938205,-0.346081
0.934379,-0.356282
0.931411,-0.36397
0.929363,-0.369168
0.928277,-0.37189
0.928174,-0.372146
0.929058,-0.369935
0.930909,-0.365251
0.933691,-0.358079
0.937347,-0.348397
0.941799,-0.336178
0.946948,-0.321388
0.952675,-0.30399
0.95884,-0.283946
0.96528,-0.261216
0.971811,-0.235763
0.978224,-0.207552
0.98429,-0.176558
0.989757,-0.142765
0.994348,-0.10617
0.997767,-0.0667884
0.999696,-0.0246566
0.999797,0.0201644
0.997714,0.0675834
0.993076,0.117475
0.9855,0.169675
0.974595,0.223975
0.959965,0.280121
0.941216,0.337806
0.917963,0.396667
0.889835,0.456282
0.856487,0.516169
0.817605,0.57578
0.772918,0.634506
0.72221,0.691674
0.665332,0.746547
0.602209,0.798339
0.532859,0.846204
0.457404,0.889259
0.376077,0.926588
0.289244,0.957256
0.197403,0.980322
0.101201,0.994866
0.0014406,0.999999
-0.100921,0.994894
-0.204766,0.978811
-0.308816,0.951122
-0.411652,0.911341
-0.511709,0.859159
-0.607306,0.794468
-0.69667,0.717391
-0.777956,0.628319
-0.849296,0.527918
-0.833609,0.552355
-0.759607,0.650382
-0.676015,0.736888
-0.584699,0.81125
-0.487492,0.873128
-0.38616,0.922432
-0.28237,0.959306
-0.177666,0.984091
-0.0734544,0.997299
0.0290088,0.999579
0.128625,0.991693
0.224455,0.974485
0.315717,0.948853
0.401785,0.915734
0.482178,0.876073
0.556551,0.830814
0.624687,0.780875
0.686484,0.727145
0.74194,0.670467
0.791144,0.61163
0.834262,0.551368
0.871526,0.490349
0.903218,0.429182
0.929665,0.368407
0.951224,0.308501
0.968277,0.24988
0.981218,0.1929
0.990452,0.13786
0.99638,0.0850066
0.999403,0.0345405
0.99991,-0.0133835
0.998279,-0.0586479
0.994869,-0.10117
0.990024,-0.140897
0.984066,-0.177801
0.977297,-0.211876
0.969993,-0.243131
0.962413,-0.271591
0.954788,-0.297289
0.947328,-0.320265
0.940221,-0.340564
0.933633,-0.358232
0.927706,-0.373313
0.922562,-0.385849
0.918302,-0.39588
0.915009,-0.403434
0.912741,-0.40854
0.91154,-0.411212
0.911427,-0.411461
0.912405,-0.409288
0.914457,-0.404684
0.917545,-0.397633
0.921613,-0.388111
0.926585,-0.376086
0.932363,-0.361523
0.938831,-0.344378
0.945849,-0.324607
0.953256,-0.302163
0.96087,-0.277001
0.968484,-0.249078
0.975869,-0.218358
0.982773,-0.184816
0.988922,-0.148435
0.994018,-0.10922
0.99774,-0.0671921
0.999749,-0.0223988
0.999685,0.0250842
0.997172,0.0751466
0.991821,0.127641
0.983229,0.182376
0.970991,0.239114
0.954702,0.297564
0.933959,0.357381
0.908375,0.418157
0.877582,0.479426
0.841246,0.540652
0.799068,0.60124
0.750807,0.660522
0.696278,0.717772
0.635377,0.772202
0.568085,0.82297
0.494486,0.869186
0.414776,0.909923
0.329281,0.944232
0.23846,0.971152
0.142921,0.989734
0.0434291,0.999057
-0.059092,0.998253
-0.163556,0.986534
-0.268711,0.963221
-0.373156,0.927769
-0.475342,0.879801
-0.573593,0.819141
-0.666126,0.745839
-0.751084,0.660206
-0.82657,0.562835
-0.811288,0.584646
-0.733472,0.679719
-0.646518,0.762899
-0.55232,0.833632
-0.452723,0.891651
-0.349497,0.936938
-0.244301,0.969699
-0.13867,0.990339
-0.0339867,0.999422
0.0685173,0.99765
0.167773,0.985826
0.262874,0.96483
0.353075,0.935595
0.437788,0.899078
0.516566,0.856247
0.589105,0.808057
0.655223,0.755436
0.714852,0.699275
0.768025,0.64042
0.814863,0.579654
0.855559,0.517705
0.890372,0.455233
0.91961,0.392833
0.943619,0.331035
0.962776,0.2703
0.97748,0.211029
0.988139,0.153561
0.995169,0.0981809
0.998982,0.0451189
0.999985,-0.00544152
0.998575,-0.0533604
0.995134,-0.0985354
0.990024,-0.140898
0.983591,-0.18041
0.976159,-0.217056
0.968028,-0.25084
0.959477,-0.281785
0.950761,-0.309926
0.94211,-0.335303
0.933734,-0.357967
0.925818,-0.37797
0.918525,-0.395363
0.911997,-0.410197
0.906354,-0.42252
0.901695,-0.432372
0.898101,-0.439789
0.89563,-0.444799
0.894324,-0.447421
0.894202,-0.447663
0.895268,-0.445528
0.897504,-0.441007
0.900873,-0.434082
0.905322,-0.424725
0.910774,-0.412905
0.917134,-0.398578
0.924287,-0.381699
0.932094,-0.362217
0.940397,-0.340079
0.949015,-0.315232
0.957743,-0.287625
0.966354,-0.257214
0.974598,-0.223962
0.982199,-0.187844
0.98886,-0.148849
0.99426,-0.106989
0.998058,-0.0622956
0.99989,-0.014831
0.999376,0.0353093
0.996121,0.0879935
0.989716,0.143047
0.979745,0.200248
0.965791,0.25932
0.947439,0.319936
0.924285,0.381703
0.895943,0.444169
0.862057,0.506812
0.822305,0.569047
0.776418,0.630218
0.724185,0.689606
0.665469,0.746426
0.600218,0.799836
0.528483,0.848944
0.45042,0.892817
0.366319,0.930489
0.276603,0.960984
0.181841,0.983328
0.082762,0.996569
-0.0197439,0.999805
-0.124621,0.992204
-0.230645,0.973038
-0.336436,0.941706
-0.440458,0.897773
-0.541042,0.840995
-0.636406,0.771355
-0.724676,0.689089
-0.803935,0.594717
-0.789304,0.614003
-0.708029,0.706183
-0.618055,0.786135
-0.521294,0.853377
-0.419603,0.907708
-0.314751,0.949174
-0.208391,0.978046
-0.10204,0.99478
0.00293465,0.999996
0.10533,0.994437
0.204108,0.978948
0.298393,0.954443
0.387475,0.92188
0.470798,0.882241
0.547956,0.836507
0.618676,0.785646
0.682813,0.730593
0.740331,0.672243
0.791295,0.611435
0.835852,0.548954
0.874227,0.485518
0.9067,0.421777
0.9336,0.358316
0.955297,0.295649
0.972182,0.234227
0.984669,0.174433
0.99318,0.116593
0.998139,0.0609753
0.99997,0.00779477
0.999084,-0.0427807
0.995885,-0.090625
0.990757,-0.135651
0.984066,-0.177804
0.976159,-0.217056
0.96736,-0.253407
0.957969,-0.286872
0.948264,-0.317483
0.938499,-0.345283
0.928902,-0.370325
0.919682,-0.392664
0.911021,-0.41236
0.903081,-0.429471
0.896,-0.444053
0.889899,-0.456157
0.884874,-0.46583
0.881005,-0.473108
0.878348,-0.478021
0.876945,-0.480591
0.876815,-0.480828
0.877961,-0.478732
0.880366,-0.474295
0.883995,-0.467497
0.888793,-0.458309
0.894686,-0.446696
0.90158,-0.432612
0.909362,-0.416005
0.917896,-0.396822
0.927024,-0.375002
0.936568,-0.350486
0.946325,-0.323215
0.95607,-0.293137
0.965553,-0.260205
0.974501,-0.224383
0.982616,-0.185652
0.989577,-0.144008
0.99504,-0.0994731
0.998642,-0.0520946
0.999998,-0.00195335
0.998707,0.0508325
0.994355,0.106104
0.986518,0.163654
0.974767,0.223225
0.958676,0.2845
0.937827,0.347104
0.911816,0.4106
0.880268,0.474477
0.84284,0.538164
0.799239,0.601013
0.749227,0.662314
0.692637,0.721286
0.629388,0.777091
0.559495,0.828834
0.483083,0.875574
0.400406,0.916338
0.311849,0.950132
0.217947,0.975961
0.119394,0.992847
0.0170461,0.999855
-0.0880698,0.996114
-0.194758,0.980851
-0.301657,0.953417
-0.407251,0.913316
-0.509875,0.860248
-0.607752,0.794127
-0.698997,0.715124
-0.781674,0.623688
-0.767911,0.640556
-0.68352,0.729932
-0.590845,0.806785
-0.491819,0.870698
-0.388304,0.921531
-0.282068,0.959395
-0.174755,0.984612
-0.0678669,0.997694
0.0372514,0.999306
0.139421,0.990233
0.237632,0.971355
0.331042,0.943616
0.418972,0.907999
0.500902,0.865504
0.576457,0.817128
0.645399,0.763846
0.707613,0.7066
0.763097,0.646284
0.811942,0.583738
0.854325,0.51974
0.890492,0.454999
0.920748,0.390158
0.945443,0.325788
0.964961,0.262394
0.979712,0.200408
0.990123,0.140204
0.996625,0.0820907
0.999654,0.0263211
0.999638,-0.0269032
0.996998,-0.0774289
0.992139,-0.125144
0.985448,-0.169975
0.977296,-0.211879
0.968028,-0.250842
0.957969,-0.286872
0.947418,-0.319998
0.936653,-0.350259
0.925924,-0.377709
0.915461,-0.402406
0.905468,-0.424416
0.896125,-0.443802
0.887592,-0.46063
0.880008,-0.474959
0.873488,-0.486845
0.86813,-0.496338
0.864009,-0.503477
0.861183,-0.508295
0.859691,-0.510814
0.859554,-0.511044
0.860774,-0.508987
0.863333,-0.504634
0.867198,-0.497963
0.872315,-0.488944
0.878611,-0.477538
0.885994,-0.463698
0.894351,-0.447366
0.903549,-0.428484
0.913434,-0.406988
0.923827,-0.38281
0.934529,-0.355886
0.945316,-0.326155
0.95594,-0.293562
0.966129,-0.258061
0.975585,-0.219623
0.983988,-0.178233
0.990995,-0.133901
0.996238,-0.0866615
0.999331,-0.0365828
0.999868,0.0162317
0.997431,0.071637
0.991587,0.129441
0.9819,0.189399
0.967932,0.251211
0.949252,0.314517
0.925442,0.378891
0.896107,0.443838
0.860888,0.508795
0.819466,0.573128
0.771581,0.636131
0.717038,0.697034
0.655728,0.754997
0.587636,0.809126
0.512854,0.858476
0.431602,0.902064
0.344231,0.938885
0.251245,0.967924
0.153301,0.98818
0.0512258,0.998687
-0.0539849,0.998542
-0.161159,0.986928
-0.268961,0.963151
-0.375887,0.926665
-0.480286,0.877112
-0.580382,0.814344
-0.674284,0.738472
-0.76004,0.649876
-0.747344,0.664438
-0.660158,0.751127
-0.565083,0.825034
-0.464065,0.885801
-0.358972,0.933348
-0.251567,0.96784
-0.143486,0.989652
-0.0362132,0.999344
0.0689264,0.997622
0.17078,0.985309
0.268364,0.963318
0.360865,0.932618
0.447638,0.894215
0.528192,0.849125
0.602185,0.798356
0.669409,0.742894
0.729781,0.68368
0.783325,0.621613
0.83016,0.557526
0.870486,0.492193
0.904574,0.426316
0.932749,0.360526
0.955378,0.295387
0.972862,0.231386
0.985625,0.168947
0.994104,0.108428
0.998743,0.0501236
0.999984,-0.00572604
0.998262,-0.0589338
0.994002,-0.109359
0.987614,-0.156904
0.979487,-0.201506
0.969992,-0.243135
0.959477,-0.281788
0.948264,-0.317484
0.936653,-0.35026
0.924919,-0.380165
0.913312,-0.407262
0.902058,-0.431614
0.89136,-0.453295
0.881398,-0.472374
0.872328,-0.488921
0.864286,-0.503001
0.857386,-0.514674
0.851725,-0.52399
0.847376,-0.530993
0.844397,-0.535718
0.842826,-0.538186
0.842682,-0.538411
0.843968,-0.536393
0.846668,-0.532122
0.850747,-0.525576
0.856153,-0.516723
0.862814,-0.505521
0.870641,-0.49192
0.879521,-0.47586
0.889324,-0.457277
0.899897,-0.436102
0.911065,-0.412264
0.922629,-0.38569
0.934367,-0.356312
0.946034,-0.324067
0.957359,-0.288901
0.968045,-0.250775
0.977773,-0.209665
0.986198,-0.165568
0.992953,-0.118507
0.997648,-0.0685402
0.999876,-0.0157553
0.999211,0.0397142
0.995217,0.0976907
0.987448,0.157944
0.975458,0.220187
0.958803,0.284073
0.937052,0.349191
0.909796,0.415056
0.876655,0.481119
0.837293,0.546755
0.791424,0.611268
0.738833,0.673889
0.679381,0.733786
0.613025,0.790064
0.539828,0.841775
0.459979,0.88793
0.373798,0.92751
0.281755,0.959486
0.184478,0.982837
0.0827614,0.996569
-0.0224258,0.999749
-0.129939,0.991522
-0.238463,0.971152
-0.34651,0.938046
-0.452443,0.891793
-0.554485,0.832193
-0.650748,0.759294
-0.739263,0.673417
-0.727809,0.68578
-0.638132,0.769927
-0.540938,0.841062
-0.43818,0.898887
-0.33173,0.943374
-0.223348,0.974739
-0.114657,0.993405
-0.00712679,0.999975
0.0979394,0.995192
0.199411,0.979916
0.296332,0.955085
0.387918,0.921694
0.473549,0.880767
0.552768,0.833335
0.62526,0.780416
0.690848,0.723
0.749473,0.662035
0.801187,0.598414
0.846134,0.532971
0.884536,0.466471
0.916685,0.39961
0.942923,0.33301
0.963635,0.267221
0.979236,0.202723
0.990162,0.139924
0.996861,0.0791702
0.999785,0.0207438
0.999383,-0.0351286
0.996096,-0.0882725
0.990354,-0.13856
0.982568,-0.185905
0.97313,-0.230257
0.962411,-0.271596
0.95076,-0.309929
0.938498,-0.345286
0.925924,-0.37771
0.913311,-0.407262
0.900909,-0.434009
0.88894,-0.458023
0.877606,-0.479382
0.867084,-0.498162
0.857528,-0.514437
0.849073,-0.528275
0.841832,-0.53974
0.835897,-0.548886
0.831344,-0.555758
0.828227,-0.560393
0.826584,-0.562813
0.826435,-0.563033
0.827781,-0.561052
0.830606,-0.55686
0.834878,-0.550435
0.840545,-0.541742
0.847536,-0.530738
0.855762,-0.517369
0.865115,-0.501573
0.875464,-0.483283
0.88666,-0.462423
0.898527,-0.438917
0.910873,-0.412688
0.923474,-0.383661
0.936088,-0.351765
0.948446,-0.31694
0.960252,-0.279135
0.971187,-0.238318
0.980907,-0.194476
0.989044,-0.147624
0.995206,-0.0978035
0.998983,-0.0450945
0.999946,0.0103842
0.997653,0.0684666
0.991653,0.128936
0.981489,0.191518
0.966709,0.25588
0.946868,0.321622
0.921545,0.388272
0.890343,0.455291
0.852906,0.522065
0.808931,0.587904
0.758178,0.652048
0.700485,0.713668
0.635782,0.771868
0.564107,0.825701
0.485618,0.874171
0.400606,0.91625
0.309511,0.950896
0.212932,0.977067
0.111635,0.993749
0.00656155,0.999978
-0.101167,0.994869
-0.210257,0.977646
-0.31924,0.947674
-0.426487,0.904494
-0.530229,0.847855
-0.628574,0.77775
-0.719546,0.694445
-0.70949,0.704716
-0.61761,0.786485
-0.518556,0.855044
-0.41429,0.910145
-0.306683,0.951812
-0.19749,0.980305
-0.0883241,0.996092
0.0193618,0.999813
0.124282,0.992247
0.225331,0.974282
0.321575,0.946884
0.412258,0.911067
0.496787,0.867873
0.574731,0.818343
0.645803,0.763504
0.70985,0.704353
0.766841,0.641838
0.81685,0.57685
0.860044,0.51022
0.896665,0.442709
0.927024,0.375002
0.951479,0.307714
0.97043,0.241384
0.984304,0.176481
0.993549,0.113402
0.998622,0.0524805
0.999982,-0.00601302
0.998085,-0.0618639
0.993376,-0.11491
0.986288,-0.165033
0.977235,-0.21216
0.96661,-0.25625
0.954786,-0.297294
0.942109,-0.335307
0.928901,-0.370328
0.91546,-0.402409
0.902058,-0.431615
0.88894,-0.458024
0.876329,-0.481712
0.864425,-0.502762
0.853401,-0.521255
0.843411,-0.53727
0.834586,-0.550877
0.827039,-0.562145
0.82086,-0.571129
0.816124,-0.577877
0.812884,-0.582426
0.811177,-0.584801
0.811022,-0.585015
0.812422,-0.58307
0.815361,-0.578953
0.819805,-0.572642
0.825705,-0.564102
0.832991,-0.553287
0.841575,-0.54014
0.851351,-0.524596
0.862189,-0.506586
0.873943,-0.486028
0.88644,-0.462844
0.899486,-0.436949
0.912864,-0.408263
0.926332,-0.376709
0.93962,-0.34222
0.952437,-0.304736
0.964463,-0.264217
0.975355,-0.220642
0.984743,-0.174014
0.992236,-0.124365
0.997422,-0.0717647
0.999867,-0.0163199
0.999125,0.0418155
0.99474,0.102436
0.986247,0.165281
0.973184,0.230027
0.955099,0.296287
0.931555,0.363601
0.902141,0.431442
0.866486,0.499201
0.824269,0.566199
0.775227,0.631682
0.719179,0.694825
0.656032,0.754733
0.585795,0.810459
0.508602,0.861002
0.424718,0.905326
0.334554,0.942377
0.238683,0.971098
0.137843,0.990454
0.0329511,0.999457
-0.074895,0.997191
-0.184421,0.982847
-0.294175,0.955751
-0.402541,0.915402
-0.507755,0.861502
-0.607926,0.793994
-0.70107,0.713093
-0.692546,0.721374
-0.598735,0.800947
-0.498063,0.867141
-0.392499,0.919752
-0.283913,0.95885
-0.174056,0.984736
-0.064528,0.997916
0.0432316,0.999065
0.147958,0.988994
0.248563,0.968616
0.344139,0.938919
0.433952,0.900936
0.517435,0.855722
0.594181,0.804331
0.663928,0.747797
0.726547,0.687117
0.78203,0.623241
0.830471,0.557062
0.872058,0.489403
0.907051,0.42102
0.935777,0.352593
0.958609,0.284726
0.97596,0.217949
0.988269,0.152721
0.995993,0.0894285
0.999597,0.0283933
0.999546,-0.0301243
0.996302,-0.0859214
0.990314,-0.138846
0.982017,-0.188791
0.971828,-0.235693
0.96014,-0.279519
0.947326,-0.320271
0.933732,-0.357972
0.91968,-0.392668
0.905466,-0.424419
0.89136,-0.453297
0.877605,-0.479384
0.864424,-0.502763
0.852013,-0.523521
0.840543,-0.541744
0.830168,-0.557514
0.821016,-0.570906
0.813197,-0.581988
0.806803,-0.590821
0.801904,-0.597452
0.798555,-0.601921
0.796792,-0.604254
0.796633,-0.604464
0.79808,-0.602551
0.801119,-0.598506
0.805716,-0.592302
0.811822,-0.583905
0.819369,-0.573266
0.828271,-0.560327
0.838422,-0.545022
0.849696,-0.527274
0.861945,-0.507002
0.875001,-0.484122
0.888672,-0.458544
0.902741,-0.430184
0.916969,-0.398958
0.931089,-0.364792
0.944809,-0.327621
0.957812,-0.287397
0.969753,-0.244089
0.980264,-0.197691
0.988953,-0.148228
0.995405,-0.0957579
0.999184,-0.0403776
0.999842,0.0177695
0.996915,0.078489
0.989934,0.141531
0.978429,0.206584
0.961937,0.273272
0.940011,0.341145
0.912228,0.409683
0.878202,0.47829
0.837595,0.546292
0.790127,0.612943
0.735597,0.677419
0.673889,0.738833
0.604993,0.796231
0.529017,0.848611
0.446201,0.894933
0.356931,0.934131
0.261756,0.965134
0.16139,0.986891
0.0567246,0.99839
-0.051162,0.99869
-0.161016,0.986952
-0.271399,0.962467
-0.380709,0.924695
-0.487188,0.873297
-0.588945,0.808173
-0.683992,0.72949
-0.677119,0.735873
-0.581632,0.813452
-0.479567,0.877505
-0.372897,0.927873
-0.263493,0.964661
-0.153096,0.988211
-0.0432985,0.999062
0.064475,0.997919
0.168976,0.98562
0.269137,0.963102
0.364072,0.931371
0.453065,0.891477
0.535575,0.844488
0.611217,0.791463
0.67975,0.733444
0.741066,0.671433
0.795177,0.606377
0.842198,0.539168
0.882332,0.470627
0.915858,0.401502
0.943115,0.332466
0.964491,0.264116
0.980409,0.196975
0.991318,0.13149
0.997683,0.068038
0.999976,0.00693208
0.998669,-0.0515783
0.994227,-0.1073
0.987102,-0.16009
0.977733,-0.209851
0.966537,-0.256529
0.953908,-0.300099
0.940219,-0.340571
0.925816,-0.377975
0.911019,-0.412365
0.896123,-0.443806
0.881397,-0.472377
0.867083,-0.498164
0.8534,-0.521256
0.840543,-0.541745
0.828683,-0.559719
0.817969,-0.575262
0.80853,-0.588455
0.800474,-0.599367
0.793891,-0.60806
0.78885,-0.614585
0.785406,-0.618981
0.783593,-0.621274
0.78343,-0.62148
0.784919,-0.619598
0.788045,-0.615617
0.792776,-0.609513
0.799063,-0.601247
0.80684,-0.59077
0.81602,-0.578024
0.826499,-0.562938
0.838154,-0.545433
0.850839,-0.525426
0.864387,-0.502827
0.878607,-0.477545
0.893286,-0.449489
0.908184,-0.418571
0.923037,-0.38471
0.937555,-0.347837
0.951421,-0.307894
0.964291,-0.264845
0.975797,-0.218676
0.985547,-0.169403
0.993123,-0.117075
0.99809,-0.0617793
0.999993,-0.00365032
0.998367,0.0571276
0.992736,0.120314
0.982624,0.185609
0.967559,0.252644
0.947086,0.320981
0.92077,0.390107
0.888211,0.459436
0.849058,0.528299
0.803016,0.595957
0.749864,0.661592
0.68947,0.724314
0.621801,0.783175
0.546946,0.837168
0.465121,0.885247
0.376693,0.926338
0.282184,0.95936
0.182288,0.983245
0.0778767,0.996963
-0.0299941,0.99955
-0.140086,0.990139
-0.250978,0.967993
-0.361076,0.932536
-0.468631,0.883394
-0.571754,0.820425
-0.668451,0.743756
-0.663329,0.748328
-0.566407,0.824126
-0.463158,0.886276
-0.355558,0.934654
-0.245476,0.969403
-0.134649,0.990893
-0.0246565,0.999696
0.0830885,0.996542
0.187352,0.982293
0.287086,0.957905
0.381421,0.924401
0.469662,0.882846
0.551288,0.834315
0.625931,0.779879
0.693372,0.72058
0.753521,0.657424
0.806409,0.591358
0.852166,0.523272
0.891011,0.453982
0.923236,0.384233
0.949195,0.31469
0.969284,0.245944
0.983938,0.178508
0.993615,0.112823
0.998786,0.0492555
0.999929,-0.0118891
0.997521,-0.0703706
0.99203,-0.126004
0.983912,-0.178656
0.973606,-0.228237
0.96153,-0.274699
0.948081,-0.318029
0.93363,-0.358239
0.918522,-0.395369
0.903079,-0.429475
0.887591,-0.460633
0.872326,-0.488924
0.857527,-0.514439
0.84341,-0.537271
0.830167,-0.557515
0.817968,-0.575263
0.806962,-0.590603
0.797275,-0.603616
0.789015,-0.614375
0.782268,-0.622943
0.777105,-0.629371
0.773578,-0.633701
0.771723,-0.635959
0.771557,-0.63616
0.773082,-0.634307
0.776283,-0.630384
0.78113,-0.624368
0.787573,-0.616221
0.795547,-0.605892
0.804968,-0.593318
0.815732,-0.578429
0.827717,-0.561145
0.84078,-0.541377
0.854753,-0.519035
0.869449,-0.494022
0.884656,-0.466243
0.900137,-0.435607
0.915628,-0.402028
0.930839,-0.365428
0.945456,-0.325749
0.959137,-0.282943
0.971511,-0.236993
0.982187,-0.187905
0.990747,-0.135721
0.996753,-0.0805218
0.999748,-0.0224312
0.999263,0.0383744
0.994819,0.101664
0.985932,0.167146
0.972126,0.23446
0.952934,0.303177
0.927914,0.372794
0.896655,0.442729
0.858794,0.512322
0.814019,0.580838
0.762098,0.647462
0.702879,0.711309
0.636313,0.771431
0.562469,0.826818
0.481546,0.876421
0.393889,0.919158
0.300001,0.953939
0.200555,0.979682
0.0964053,0.995342
-0.0114103,0.999935
-0.121671,0.992571
-0.232967,0.972485
-0.343714,0.939074
-0.452174,0.89193
-0.556455,0.830878
-0.654567,0.756004
-0.651279,0.758838
-0.55315,0.833082
-0.448911,0.893577
-0.340542,0.940229
-0.229908,0.973212
-0.118742,0.992925
-0.00861364,0.999963
0.0990754,0.99508
0.203106,0.979157
0.302443,0.953167
0.396234,0.91815
0.483803,0.875177
0.564644,0.825335
0.638407,0.769699
0.704889,0.709317
0.764018,0.645194
0.815839,0.57828
0.860495,0.509459
0.89822,0.439545
0.929319,0.369279
0.954153,0.29932
0.973131,0.230253
0.986695,0.162584
0.995309,0.096745
0.999452,0.0330978
0.999606,-0.0280623
0.996252,-0.0865018
0.98986,-0.142043
0.98089,-0.194562
0.969782,-0.243973
0.956955,-0.290237
0.942804,-0.333346
0.927703,-0.37332
0.911994,-0.410203
0.895998,-0.444058
0.880006,-0.474963
0.864284,-0.503005
0.849072,-0.528278
0.834585,-0.550879
0.821015,-0.570907
0.808529,-0.588456
0.797275,-0.603616
0.787378,-0.616471
0.778943,-0.627094
0.772058,-0.635552
0.766792,-0.641896
0.763196,-0.646168
0.761304,-0.648395
0.761135,-0.648593
0.762691,-0.646763
0.765956,-0.642893
0.770901,-0.636956
0.777476,-0.628912
0.785618,-0.618712
0.795242,-0.606292
0.806248,-0.591577
0.818514,-0.574487
0.831896,-0.554931
0.846232,-0.532815
0.861333,-0.50804
0.87699,-0.480508
0.892966,-0.450123
0.909,-0.416795
0.924804,-0.380443
0.940063,-0.341
0.954436,-0.298417
0.967553,-0.252668
0.979022,-0.203753
0.988425,-0.151709
0.995323,-0.0966079
0.999256,-0.038567
0.999753,0.022245
0.996329,0.0856051
0.988499,0.151228
0.975778,0.218763
0.957694,0.287787
0.933796,0.357805
0.903665,0.428241
0.866924,0.498441
0.823252,0.567675
0.772403,0.635132
0.714212,0.699929
0.648614,0.761117
0.575662,0.817688
0.495537,0.868587
0.408568,0.912728
0.315241,0.949012
0.216211,0.976347
0.112317,0.993672
0.00457865,0.99999
-0.105794,0.994388
-0.217406,0.976081
-0.328683,0.94444
-0.437888,0.899029
-0.543138,0.839643
-0.642438,0.766338
-0.641055,0.767495
-0.541933,0.840421
-0.436888,0.899516
-0.327896,0.944714
-0.216824,0.976211
-0.105397,0.99443
0.00482219,0.999988
0.112442,0.993658
0.216255,0.976337
0.31524,0.949012
0.408557,0.912733
0.495544,0.868583
0.57571,0.817654
0.648722,0.761026
0.714389,0.699749
0.772651,0.634831
0.823566,0.56722
0.867293,0.497799
0.904073,0.427378
0.934221,0.356694
0.958109,0.286402
0.976154,0.217081
0.988803,0.14923
0.996526,0.0832765
0.999808,0.0195755
0.999135,-0.0415844
0.99499,-0.0999768
0.987847,-0.15543
0.978166,-0.207825
0.966389,-0.257085
0.952935,-0.303174
0.938202,-0.346089
0.922559,-0.385857
0.906351,-0.422526
0.889897,-0.456162
0.873486,-0.486849
0.857384,-0.514678
0.84183,-0.539743
0.827038,-0.562146
0.813196,-0.58199
0.800473,-0.599369
0.789014,-0.614375
0.778943,-0.627095
0.770365,-0.637603
0.763366,-0.645966
0.758014,-0.652238
0.75436,-0.656461
0.752438,-0.658663
0.752268,-0.658858
0.753848,-0.657049
0.757167,-0.653222
0.762192,-0.647351
0.768877,-0.639397
0.777157,-0.629307
0.78695,-0.617016
0.798156,-0.602451
0.810653,-0.585527
0.824301,-0.566152
0.838936,-0.544231
0.854373,-0.51966
0.870403,-0.49234
0.88679,-0.462172
0.903276,-0.429061
0.919572,-0.392922
0.935364,-0.353686
0.950312,-0.311298
0.964049,-0.265726
0.976179,-0.216968
0.986285,-0.165051
0.993927,-0.110043
0.998644,-0.0520561
0.999962,0.00874837
0.997394,0.0721536
0.990449,0.137881
0.978639,0.205587
0.961486,0.274854
0.938532,0.345193
0.909349,0.416034
0.873554,0.486727
0.830816,0.556548
0.780874,0.624688
0.723556,0.690266
0.658782,0.752334
0.58659,0.809884
0.507151,0.861857
0.420776,0.907165
0.327938,0.944699
0.229278,0.973361
0.125617,0.992079
0.0179675,0.999839
-0.0924772,0.995715
-0.20433,0.978902
-0.316026,0.94875
-0.425835,0.904801
-0.531874,0.846823
-0.63215,0.774846
-0.632725,0.774376
-0.532819,0.846229
-0.427137,0.904187
-0.31766,0.948205
-0.206251,0.978499
-0.0946283,0.995513
0.0156479,0.999878
0.123196,0.992382
0.226819,0.973937
0.325505,0.94554
0.418426,0.908251
0.504933,0.863159
0.584545,0.811361
0.65694,0.753942
0.721941,0.691955
0.779497,0.626406
0.829677,0.558243
0.872649,0.488348
0.908663,0.417529
0.938043,0.346519
0.961166,0.275969
0.978457,0.206453
0.990367,0.138466
0.997373,0.0724305
0.999962,0.0086949
0.998623,-0.0524565
0.993842,-0.110802
0.986096,-0.166177
0.975845,-0.218465
0.963531,-0.267595
0.949576,-0.313537
0.934375,-0.356291
0.918299,-0.395888
0.901692,-0.432379
0.884871,-0.465835
0.868127,-0.496342
0.851722,-0.523993
0.835896,-0.548889
0.820859,-0.571131
0.806802,-0.590822
0.79389,-0.608061
0.782268,-0.622943
0.772058,-0.635552
0.763366,-0.645967
0.756276,-0.654253
0.750856,-0.660466
0.747157,-0.664648
0.745211,-0.666829
0.745038,-0.667022
0.746639,-0.665229
0.749999,-0.661439
0.755089,-0.655622
0.761861,-0.647741
0.770251,-0.637741
0.780179,-0.625556
0.791543,-0.611113
0.804225,-0.594325
0.818083,-0.5751
0.832958,-0.553337
0.848663,-0.528934
0.86499,-0.501789
0.881706,-0.471798
0.898552,-0.438867
0.915242,-0.402906
0.931461,-0.363842
0.94687,-0.321616
0.961102,-0.276193
0.973762,-0.227567
0.984433,-0.17576
0.992673,-0.120836
0.99802,-0.0629003
0.999998,-0.0021102
0.998118,0.0613228
0.991887,0.127125
0.980811,0.194959
0.96441,0.264412
0.942219,0.334998
0.913805,0.406154
0.878776,0.477235
0.836794,0.547518
0.787592,0.616198
0.730983,0.682396
0.666881,0.745164
0.595314,0.803493
0.516437,0.856325
0.430554,0.902565
0.338123,0.941102
0.239774,0.970829
0.136318,0.990665
0.0287533,0.999587
-0.0817334,0.996654
-0.193765,0.981048
-0.305783,0.952101
-0.416062,0.909336
-0.522723,0.852502
-0.62377,0.781608
-0.626347,0.779545
-0.525854,0.850575
-0.419698,0.907664
-0.309863,0.950781
-0.198207,0.98016
-0.0864482,0.996256
0.023861,0.999715
0.131346,0.991337
0.234815,0.97204
0.333265,0.942833
0.425878,0.904781
0.512012,0.858978
0.591196,0.806528
0.663118,0.748514
0.727607,0.685994
0.784623,0.619973
0.834242,0.551398
0.876638,0.481151
0.912068,0.410038
0.940863,0.338788
0.963405,0.268048
0.980123,0.198391
0.991474,0.130308
0.997936,0.0642154
1,0.000459594
0.998157,-0.0606798
0.992896,-0.118985
0.984694,-0.174295
0.974012,-0.226497
0.961294,-0.275525
0.94696,-0.321351
0.931407,-0.363979
0.915005,-0.403442
0.898098,-0.439796
0.881002,-0.473113
0.864006,-0.503482
0.847374,-0.530997
0.831342,-0.555762
0.816122,-0.57788
0.801903,-0.597454
0.788849,-0.614587
0.777104,-0.629372
0.766791,-0.641896
0.758014,-0.652238
0.750855,-0.660467
0.745385,-0.666635
0.741651,-0.670786
0.739688,-0.67295
0.739514,-0.673141
0.74113,-0.671362
0.744521,-0.667598
0.749659,-0.661824
0.756496,-0.653998
0.764969,-0.644067
0.774998,-0.631964
0.786481,-0.617614
0.799301,-0.600931
0.813318,-0.581819
0.828372,-0.560179
0.844278,-0.535905
0.860829,-0.508894
0.877792,-0.479042
0.894909,-0.446249
0.911894,-0.410425
0.928435,-0.371494
0.944192,-0.329396
0.958798,-0.28409
0.971858,-0.235568
0.982954,-0.183849
0.991646,-0.128993
0.997469,-0.0711016
0.999947,-0.010328
0.998588,0.0531198
0.992897,0.118973
0.982379,0.186897
0.966549,0.256484
0.944937,0.327252
0.917107,0.398641
0.882662,0.470009
0.841257,0.540635
0.792619,0.609717
0.736555,0.676378
0.672968,0.739672
0.601879,0.798587
0.523438,0.852064
0.437934,0.899007
0.34582,0.938301
0.247717,0.968832
0.144425,0.989516
0.0369365,0.999318
-0.0735714,0.99729
-0.185729,0.982601
-0.297981,0.954572
-0.408607,0.912711
-0.51573,0.856751
-0.617354,0.786685
-0.62196,0.783049
-0.521071,0.853513
-0.4146,0.910004
-0.304525,0.952504
-0.192709,0.981256
-0.0808624,0.996725
0.0294623,0.999566
0.136897,0.990585
0.240255,0.97071
0.338539,0.940952
0.430936,0.902383
0.516811,0.856099
0.595701,0.803206
0.667296,0.744793
0.731434,0.681913
0.788079,0.615574
0.837313,0.546724
0.879314,0.476242
0.914347,0.404932
0.942742,0.333522
0.964889,0.262658
0.981217,0.192909
0.992186,0.124764
0.998279,0.0586368
0.999987,-0.005129
0.997803,-0.0662565
0.992216,-0.124532
0.983704,-0.179794
0.972731,-0.231936
0.959739,-0.280892
0.94515,-0.326636
0.929359,-0.369177
0.912737,-0.408548
0.895627,-0.444806
0.878345,-0.478027
0.86118,-0.5083
0.844394,-0.535722
0.828225,-0.560396
0.812882,-0.582429
0.798554,-0.601923
0.785405,-0.618983
0.773578,-0.633702
0.763195,-0.646168
0.75436,-0.656461
0.747156,-0.664648
0.741651,-0.670786
0.737895,-0.674916
0.73592,-0.677068
0.735745,-0.677259
0.73737,-0.675489
0.740783,-0.671744
0.745953,-0.665998
0.752834,-0.65821
0.761363,-0.648326
0.771459,-0.63628
0.783022,-0.621994
0.795935,-0.605382
0.810059,-0.586348
0.825233,-0.564792
0.841275,-0.540608
0.857976,-0.51369
0.875106,-0.483931
0.892405,-0.451235
0.90959,-0.415506
0.926348,-0.376668
0.94234,-0.334657
0.957198,-0.289434
0.970529,-0.240985
0.981914,-0.189329
0.990911,-0.134522
0.997057,-0.0766635
0.999874,-0.0159047
0.998869,0.0475501
0.993545,0.113434
0.983406,0.181416
0.967964,0.25109
0.946748,0.321977
0.919316,0.39352
0.88527,0.465078
0.84426,0.535935
0.796008,0.605286
0.740316,0.672259
0.677084,0.735906
0.606326,0.795216
0.528184,0.84913
0.442944,0.896549
0.351053,0.936356
0.253122,0.967434
0.149948,0.988694
0.0425173,0.999096
-0.0679991,0.997685
-0.180234,0.983624
-0.29264,0.956223
-0.403497,0.914981
-0.51093,0.859622
-0.612942,0.790128
-0.619593,0.784924
-0.518495,0.85508
-0.411858,0.911248
-0.301662,0.953415
-0.189763,0.98183
-0.0778762,0.996963
0.0324532,0.999473
0.139856,0.990172
0.24315,0.969989
0.341341,0.93994
0.433621,0.901095
0.519356,0.854558
0.598084,0.801433
0.669503,0.742809
0.733452,0.679741
0.789899,0.613237
0.838927,0.544244
0.880718,0.47364
0.915539,0.40223
0.943723,0.330738
0.965659,0.259811
0.981781,0.190017
0.99255,0.121841
0.998448,0.0556987
0.999967,-0.00807016
0.997604,-0.0691896
0.991845,-0.127446
0.983172,-0.182682
0.972046,-0.23479
0.958911,-0.283706
0.944188,-0.329407
0.928273,-0.371899
0.911536,-0.41122
0.89432,-0.447427
0.876942,-0.480597
0.859688,-0.510819
0.842823,-0.538191
0.826582,-0.562817
0.811175,-0.584803
0.79679,-0.604256
0.783592,-0.621276
0.771722,-0.63596
0.761303,-0.648396
0.752438,-0.658663
0.745211,-0.666829
0.739688,-0.672949
0.73592,-0.677069
0.733938,-0.679216
0.733763,-0.679405
0.735394,-0.67764
0.738818,-0.673905
0.744005,-0.668174
0.750908,-0.660406
0.759465,-0.650548
0.769596,-0.638531
0.781201,-0.624279
0.794163,-0.607705
0.808342,-0.588714
0.823579,-0.567202
0.839691,-0.543065
0.85647,-0.516196
0.873687,-0.486489
0.891081,-0.453843
0.908371,-0.418166
0.925242,-0.379377
0.941356,-0.337415
0.956346,-0.292237
0.969818,-0.243828
0.981355,-0.192206
0.990512,-0.137427
0.996828,-0.0795887
0.999822,-0.0188398
0.999004,0.0446159
0.993875,0.110514
0.983936,0.178523
0.968699,0.24824
0.947691,0.319188
0.920472,0.390809
0.886637,0.462466
0.845838,0.53344
0.797792,0.602933
0.7423,0.670067
0.679258,0.733899
0.608678,0.793417
0.530699,0.84756
0.445603,0.895231
0.353833,0.935309
0.255999,0.966677
0.152893,0.988243
0.0454969,0.998964
-0.0650192,0.997884
-0.177292,0.984158
-0.289774,0.957095
-0.40075,0.916188
-0.508344,0.861154
-0.610561,0.791969
-0.619259,0.785187
-0.51814,0.855296
-0.411486,0.911416
-0.30128,0.953536
-0.189377,0.981905
-0.0774911,0.996993
0.0328328,0.999461
0.140225,0.99012
0.243506,0.969899
0.34168,0.939816
0.43394,0.900942
0.519653,0.854377
0.598359,0.801228
0.669755,0.742582
0.733679,0.679497
0.7901,0.612978
0.839103,0.543973
0.88087,0.473359
0.915666,0.401941
0.943825,0.330445
0.965739,0.259515
0.981839,0.189718
0.992586,0.121543
0.998464,0.0554024
0.999965,-0.00836385
0.997583,-0.0694794
0.991809,-0.127731
0.98312,-0.182962
0.97198,-0.235065
0.958832,-0.283975
0.944097,-0.329669
0.928171,-0.372155
0.911423,-0.41147
0.894199,-0.44767
0.876812,-0.480834
0.859552,-0.511049
0.84268,-0.538415
0.826432,-0.563036
0.811021,-0.585017
0.796631,-0.604466
0.783429,-0.621481
0.771556,-0.636162
0.761134,-0.648595
0.752267,-0.658858
0.745038,-0.667022
0.739514,-0.673141
0.735744,-0.67726
0.733763,-0.679405
0.733587,-0.679596
0.735219,-0.67783
0.738643,-0.674097
0.743831,-0.668367
0.750737,-0.660602
0.759296,-0.650745
0.769429,-0.638732
0.781038,-0.624484
0.794003,-0.607914
0.808186,-0.588927
0.823428,-0.56742
0.839546,-0.543289
0.856332,-0.516426
0.873555,-0.486725
0.890958,-0.454085
0.908256,-0.418414
0.925137,-0.379632
0.941262,-0.337676
0.956264,-0.292504
0.96975,-0.244102
0.9813,-0.192486
0.990472,-0.137712
0.996805,-0.079878
0.999817,-0.0191331
0.999017,0.0443198
0.993908,0.110216
0.98399,0.178225
0.968775,0.247943
0.947791,0.318893
0.920594,0.39052
0.886785,0.462183
0.84601,0.533167
0.79799,0.602671
0.742523,0.66982
0.679506,0.73367
0.608951,0.793208
0.530995,0.847375
0.445921,0.895073
0.35417,0.935181
0.256353,0.966583
0.153261,0.988186
0.0458757,0.998947
-0.0646335,0.997909
-0.176905,0.984228
-0.289391,0.957211
-0.400376,0.916351
-0.507986,0.861365
-0.610225,0.792228
-0.620964,0.783839
-0.520006,0.854163
-0.413485,0.910511
-0.30338,0.95287
-0.19155,0.981483
-0.0797079,0.996818
0.0306006,0.999532
0.138005,0.990431
0.241322,0.970445
0.339557,0.940586
0.431896,0.901924
0.517707,0.855558
0.596529,0.802592
0.668052,0.744115
0.732115,0.681181
0.788686,0.614797
0.837844,0.54591
0.879771,0.475399
0.914729,0.404067
0.943053,0.332642
0.965131,0.261769
0.981392,0.192015
0.992298,0.123871
0.998331,0.0577484
0.999982,-0.00600951
0.997745,-0.0671258
0.992108,-0.125387
0.98355,-0.180634
0.972534,-0.232759
0.959503,-0.281698
0.944878,-0.327423
0.929054,-0.369944
0.912402,-0.409296
0.895265,-0.445535
0.877958,-0.478738
0.860771,-0.508992
0.843966,-0.536397
0.827778,-0.561055
0.812421,-0.583072
0.798079,-0.602553
0.784918,-0.6196
0.773081,-0.634308
0.76269,-0.646764
0.753848,-0.657049
0.746639,-0.66523
0.74113,-0.671362
0.737371,-0.675488
0.735394,-0.677639
0.735219,-0.67783
0.736846,-0.676061
0.740261,-0.67232
0.745435,-0.666579
0.752321,-0.658797
0.760856,-0.64892
0.77096,-0.636884
0.782533,-0.622609
0.795458,-0.606009
0.809595,-0.58699
0.824784,-0.565449
0.840842,-0.541281
0.857563,-0.51438
0.874714,-0.484639
0.892038,-0.451961
0.90925,-0.416251
0.926037,-0.377432
0.942061,-0.335441
0.956955,-0.290237
0.970325,-0.241806
0.981752,-0.190167
0.990794,-0.135376
0.99699,-0.0775318
0.999859,-0.0167847
0.998911,0.0466613
0.993647,0.11254
0.983571,0.180521
0.968195,0.250197
0.947047,0.321094
0.919688,0.392651
0.885714,0.464231
0.844779,0.535115
0.796603,0.604502
0.740987,0.671519
0.67783,0.735219
0.607145,0.794591
0.529073,0.848577
0.443897,0.896078
0.352064,0.935976
0.254185,0.967156
0.151054,0.988526
0.0436543,0.999047
-0.0668436,0.997763
-0.179075,0.983836
-0.291491,0.956573
-0.402376,0.915474
-0.509858,0.860259
-0.611936,0.790907
-0.624693,0.78087
-0.524084,0.851667
-0.417845,0.908518
-0.307958,0.9514
-0.19628,0.980548
-0.0845246,0.996421
0.0257573,0.999668
0.133193,0.99109
0.236596,0.971608
0.334963,0.942231
0.42748,0.904025
0.513509,0.858084
0.59258,0.805511
0.664383,0.747392
0.728749,0.684781
0.78564,0.618684
0.835133,0.550047
0.877404,0.479751
0.912713,0.408601
0.941389,0.337324
0.963816,0.266569
0.980423,0.196904
0.991668,0.128821
0.99803,0.0627358
0.999999,-0.00100683
0.998068,-0.0621282
0.992724,-0.120412
0.984444,-0.175696
0.973691,-0.227871
0.960908,-0.276869
0.946514,-0.322664
0.930906,-0.36526
0.914453,-0.404692
0.8975,-0.441014
0.880363,-0.4743
0.86333,-0.504639
0.846665,-0.532126
0.830604,-0.556863
0.815359,-0.578956
0.801117,-0.598508
0.788044,-0.615619
0.776282,-0.630385
0.765955,-0.642894
0.757166,-0.653222
0.749999,-0.661439
0.744521,-0.667599
0.740783,-0.671744
0.738818,-0.673905
0.738643,-0.674096
0.740261,-0.67232
0.743657,-0.668562
0.748801,-0.662795
0.755647,-0.654979
0.764131,-0.645061
0.774172,-0.632975
0.785672,-0.618643
0.798511,-0.60198
0.81255,-0.582891
0.827629,-0.561276
0.843564,-0.537029
0.860147,-0.510047
0.877146,-0.480224
0.894303,-0.447462
0.911333,-0.41167
0.927924,-0.37277
0.943735,-0.330704
0.9584,-0.28543
0.971525,-0.236938
0.982692,-0.185247
0.991459,-0.130417
0.997365,-0.0725481
0.99993,-0.0117936
0.998666,0.0516401
0.993075,0.117486
0.982662,0.185408
0.966941,0.255
0.945444,0.325784
0.917734,0.397197
0.883411,0.4686
0.842131,0.539273
0.793618,0.608416
0.73768,0.675151
0.674217,0.738534
0.603249,0.797553
0.524922,0.85115
0.439525,0.89823
0.34751,0.937676
0.249491,0.968377
0.146268,0.989245
0.0388307,0.999246
-0.0716468,0.99743
-0.183797,0.982964
-0.29607,0.955166
-0.406745,0.913542
-0.513948,0.857821
-0.615686,0.787992
-0.630426,0.77625
-0.530354,0.847776
-0.424554,0.905403
-0.315002,0.949091
-0.203557,0.979063
-0.0919385,0.995765
0.018301,0.999833
0.125784,0.992058
0.229315,0.973352
0.327888,0.944717
0.420678,0.90721
0.507037,0.861924
0.586493,0.809955
0.658722,0.752386
0.723551,0.690271
0.780934,0.624614
0.830939,0.556363
0.873737,0.486398
0.909581,0.415527
0.938794,0.344478
0.961757,0.273904
0.978892,0.204376
0.990655,0.136389
0.997522,0.0703624
0.999978,0.00664393
0.998515,-0.0544833
0.993618,-0.112799
0.985763,-0.168139
0.975412,-0.220389
0.963006,-0.269478
0.948966,-0.315378
0.933688,-0.358088
0.917542,-0.39764
0.900871,-0.434088
0.883992,-0.467502
0.867196,-0.497967
0.850744,-0.52558
0.834876,-0.550437
0.819804,-0.572645
0.805715,-0.592303
0.792775,-0.609514
0.781129,-0.62437
0.7709,-0.636957
0.762192,-0.647351
0.755089,-0.655623
0.749659,-0.661824
0.745953,-0.665998
0.744005,-0.668174
0.743832,-0.668367
0.745435,-0.666578
0.748801,-0.662795
0.7539,-0.65699
0.760684,-0.649122
0.76909,-0.639141
0.779036,-0.626979
0.790423,-0.612561
0.803132,-0.595802
0.817021,-0.576607
0.831931,-0.554879
0.847676,-0.530514
0.864049,-0.503408
0.880816,-0.473459
0.897718,-0.44057
0.914471,-0.404652
0.930759,-0.365632
0.946245,-0.32345
0.960561,-0.278071
0.973312,-0.229486
0.984082,-0.177718
0.992428,-0.122829
0.99789,-0.0649245
0.999991,-0.00415977
0.998243,0.0592544
0.992151,0.125047
0.981223,0.192879
0.964975,0.262341
0.942945,0.33295
0.914696,0.404141
0.879838,0.475274
0.838031,0.545623
0.789004,0.614389
0.73257,0.680692
0.668641,0.743586
0.597241,0.802062
0.518524,0.855063
0.432789,0.901495
0.340492,0.940247
0.24226,0.970211
0.1389,0.990306
0.0314049,0.999507
-0.0790411,0.996871
-0.191066,0.981577
-0.303115,0.952954
-0.413465,0.91052
-0.520241,0.854019
-0.621449,0.783454
-0.638123,0.769934
-0.538787,0.842442
-0.433584,0.901113
-0.324492,0.945888
-0.213372,0.976971
-0.101944,0.99479
0.0082321,0.999966
0.115771,0.993276
0.21947,0.975619
0.318311,0.947986
0.411462,0.911427
0.498264,0.867025
0.57823,0.815874
0.651031,0.759051
0.716479,0.697608
0.77452,0.63255
0.825212,0.564823
0.868717,0.495309
0.905279,0.424818
0.935214,0.354083
0.958896,0.283758
0.976742,0.21442
0.989201,0.146567
0.996745,0.0806232
0.999856,0.0169423
0.999023,-0.0441885
0.994729,-0.102544
0.987446,-0.157954
0.977637,-0.210301
0.965741,-0.25951
0.952178,-0.305545
0.937344,-0.348406
0.92161,-0.388118
0.905319,-0.424732
0.88879,-0.458314
0.872313,-0.488948
0.856151,-0.516726
0.840543,-0.541744
0.825704,-0.564104
0.811821,-0.583906
0.799062,-0.601248
0.787573,-0.616222
0.777476,-0.628913
0.768876,-0.639397
0.761861,-0.64774
0.756497,-0.653997
0.752835,-0.658209
0.750909,-0.660406
0.750737,-0.660602
0.752321,-0.658797
0.755647,-0.654979
0.760684,-0.649122
0.767385,-0.641187
0.775685,-0.63112
0.785503,-0.618857
0.796738,-0.604324
0.80927,-0.587437
0.822958,-0.568103
0.837638,-0.546225
0.853128,-0.521701
0.869216,-0.494432
0.88567,-0.464315
0.902229,-0.431258
0.918606,-0.395175
0.934488,-0.355994
0.949535,-0.313662
0.963379,-0.268144
0.975627,-0.219438
0.98586,-0.167569
0.99364,-0.112606
0.998505,-0.054657
0.999981,0.00611658
0.997582,0.0695
0.990816,0.135216
0.979195,0.202922
0.96224,0.272203
0.939491,0.342573
0.910522,0.41346
0.874945,0.484222
0.832429,0.554131
0.782713,0.622383
0.725617,0.688099
0.661063,0.750331
0.589085,0.808071
0.509848,0.860264
0.423662,0.90582
0.330994,0.943633
0.232481,0.972601
0.128939,0.991652
0.0213748,0.999772
-0.0890215,0.99603
-0.200869,0.979618
-0.312609,0.949882
-0.422513,0.906357
-0.528705,0.848806
-0.629191,0.777251
-0.647737,0.761864
-0.549338,0.835601
-0.444901,0.89558
-0.336403,0.941718
-0.225704,0.974196
-0.114531,0.99342
-0.00444963,0.99999
0.103146,0.994666
0.207042,0.978332
0.306209,0.951964
0.399801,0.916602
0.487149,0.873319
0.567749,0.823202
0.641257,0.767326
0.707476,0.706738
0.766336,0.64244
0.817886,0.575381
0.862273,0.506444
0.899733,0.436441
0.930572,0.366109
0.955155,0.296107
0.973891,0.227016
0.987224,0.159341
0.995618,0.0935109
0.999553,0.029886
0.999512,-0.0312407
0.995974,-0.0896376
0.989413,-0.145129
0.980285,-0.197591
0.96903,-0.246942
0.956069,-0.293143
0.941796,-0.336186
0.926582,-0.376094
0.910771,-0.412911
0.894683,-0.446701
0.878609,-0.477543
0.862812,-0.505524
0.847535,-0.53074
0.83299,-0.553288
0.819369,-0.573267
0.806839,-0.590771
0.795547,-0.605892
0.785618,-0.618712
0.777158,-0.629306
0.770252,-0.63774
0.76497,-0.644066
0.761364,-0.648325
0.759466,-0.650547
0.759297,-0.650744
0.760857,-0.64892
0.764131,-0.645061
0.769091,-0.63914
0.775685,-0.63112
0.783852,-0.620947
0.793507,-0.608561
0.80455,-0.593885
0.816858,-0.576839
0.83029,-0.557332
0.844682,-0.535268
0.859848,-0.51055
0.875577,-0.483078
0.891634,-0.452756
0.907759,-0.419493
0.923663,-0.383206
0.939032,-0.34383
0.953525,-0.301313
0.966775,-0.255628
0.978388,-0.206775
0.987948,-0.154789
0.995014,-0.0997388
0.999128,-0.0417424
0.999819,0.0190344
0.996602,0.0823699
0.98899,0.147981
0.976499,0.21552
0.958657,0.284565
0.93501,0.354623
0.905137,0.42512
0.868661,0.495406
0.825261,0.564752
0.774683,0.632349
0.716763,0.697317
0.651431,0.758708
0.578736,0.815515
0.498855,0.866685
0.412112,0.911133
0.318989,0.947758
0.220134,0.97547
0.116379,0.993205
0.00874051,0.999962
-0.101579,0.994827
-0.213191,0.97701
-0.324527,0.945877
-0.433855,0.900983
-0.539298,0.842115
-0.638862,0.769321
-0.659202,0.751966
-0.561953,0.827169
-0.45846,0.888715
-0.350699,0.936488
-0.240531,0.970641
-0.129687,0.991555
-0.0197415,0.999805
0.0879006,0.996129
0.192013,0.981392
0.291554,0.956554
0.38566,0.922641
0.473644,0.880716
0.55499,0.831857
0.629338,0.777132
0.696471,0.717585
0.756307,0.654217
0.808878,0.587977
0.854319,0.519749
0.892853,0.450349
0.924774,0.380518
0.950436,0.310919
0.970241,0.242141
0.984623,0.174693
0.99404,0.109014
0.998966,0.0454697
0.999878,-0.0156392
0.997253,-0.0740733
0.99156,-0.129651
0.983254,-0.18224
0.972775,-0.231752
0.96054,-0.278142
0.946945,-0.321396
0.932361,-0.36153
0.917132,-0.398584
0.901578,-0.432616
0.885992,-0.463701
0.870639,-0.491922
0.855761,-0.517371
0.841574,-0.540141
0.828271,-0.560328
0.816019,-0.578024
0.804968,-0.593318
0.795243,-0.606291
0.786951,-0.617016
0.780179,-0.625556
0.774998,-0.631964
0.771459,-0.636279
0.769597,-0.63853
0.76943,-0.638731
0.770961,-0.636883
0.774173,-0.632974
0.779037,-0.626978
0.785504,-0.618857
0.793508,-0.60856
0.802965,-0.596026
0.813773,-0.581183
0.82581,-0.563949
0.838931,-0.544238
0.852972,-0.521957
0.867746,-0.497009
0.883039,-0.4693
0.898616,-0.438736
0.914214,-0.405231
0.929545,-0.368709
0.944293,-0.329105
0.958118,-0.286375
0.97065,-0.240498
0.981496,-0.19148
0.990242,-0.139361
0.996447,-0.0842197
0.999657,-0.026178
0.999402,0.0345898
0.995201,0.0978544
0.986572,0.163326
0.973037,0.230649
0.95413,0.299394
0.929405,0.369062
0.898451,0.439074
0.8609,0.508774
0.816443,0.577426
0.76484,0.644221
0.705936,0.708275
0.639681,0.768641
0.566136,0.824312
0.485497,0.874238
0.398101,0.917342
0.304447,0.952529
0.205201,0.97872
0.101209,0.994865
-0.00649667,0.999979
-0.116703,0.993167
-0.228008,0.973659
-0.338834,0.940846
-0.447447,0.89431
-0.551965,0.833867
-0.650398,0.759594
-0.672437,0.740154
-0.57656,0.817055
-0.474204,0.880415
-0.367335,0.930089
-0.25782,0.966193
-0.147393,0.989078
-0.0376382,0.999291
0.0700279,0.997545
0.174365,0.984681
0.274313,0.961641
0.368991,0.929433
0.457697,0.889108
0.539893,0.841734
0.615199,0.788372
0.683383,0.73006
0.744341,0.667799
0.798092,0.602536
0.844753,0.535157
0.88453,0.466483
0.917707,0.397258
0.944625,0.328151
0.965674,0.259759
0.981278,0.192599
0.991888,0.127116
0.99797,0.0636845
0.999997,0.00261508
0.998439,-0.0558457
0.993764,-0.111506
0.986422,-0.164228
0.976853,-0.213914
0.965471,-0.260511
0.952673,-0.303998
0.938829,-0.344385
0.924284,-0.381704
0.90936,-0.41601
0.894349,-0.447369
0.87952,-0.475862
0.865114,-0.501575
0.85135,-0.524598
0.838422,-0.545022
0.826499,-0.562938
0.815733,-0.578429
0.806249,-0.591576
0.798157,-0.60245
0.791544,-0.611112
0.786482,-0.617613
0.783023,-0.621993
0.781202,-0.624278
0.781039,-0.624483
0.782534,-0.622607
0.785673,-0.618642
0.790424,-0.61256
0.796739,-0.604323
0.80455,-0.593885
0.813773,-0.581182
0.824304,-0.566147
0.836019,-0.5487
0.848774,-0.528756
0.8624,-0.506227
0.876711,-0.481018
0.89149,-0.45304
0.906501,-0.422203
0.92148,-0.388426
0.936136,-0.351638
0.950154,-0.311781
0.963192,-0.268816
0.974881,-0.222728
0.984828,-0.173532
0.992619,-0.121274
0.997817,-0.0660413
0.999968,-0.00796446
0.998607,0.0527742
0.993257,0.115937
0.983441,0.181226
0.968689,0.248276
0.948542,0.316651
0.922564,0.385844
0.890355,0.455267
0.851558,0.52426
0.805878,0.592081
0.753089,0.657918
0.693055,0.720884
0.625739,0.780033
0.551222,0.834359
0.469718,0.882817
0.381583,0.924335
0.287335,0.95783
0.18766,0.982234
0.0834212,0.996514
-0.024334,0.999704
-0.134375,0.990931
-0.245288,0.96945
-0.355488,0.934681
-0.463233,0.886237
-0.566639,0.823966
-0.663721,0.74798
-0.687346,0.72633
-0.593079,0.805145
-0.49206,0.870561
-0.386256,0.922392
-0.27753,0.960717
-0.167623,0.985851
-0.0581282,0.998309
0.0495235,0.998773
0.154076,0.988059
0.254451,0.967086
0.34975,0.936843
0.439246,0.898367
0.522382,0.852711
0.598757,0.80093
0.668116,0.744057
0.730337,0.683087
0.785416,0.618968
0.833454,0.552588
0.874641,0.484771
0.909242,0.416267
0.937586,0.347752
0.96005,0.279829
0.977047,0.213024
0.989018,0.147792
0.996422,0.0845158
0.999723,0.023516
0.999389,-0.0349518
0.99588,-0.0906857
0.989645,-0.143537
0.98112,-0.193402
0.970719,-0.240217
0.958838,-0.283953
0.945847,-0.324613
0.932092,-0.362222
0.917894,-0.396826
0.903548,-0.428487
0.889323,-0.45728
0.875464,-0.483284
0.862189,-0.506586
0.849696,-0.527274
0.838155,-0.545433
0.827718,-0.561144
0.818515,-0.574486
0.810654,-0.585526
0.804226,-0.594323
0.799303,-0.600929
0.795937,-0.60538
0.794164,-0.607703
0.794004,-0.607912
0.795459,-0.606007
0.798512,-0.601978
0.803133,-0.5958
0.809271,-0.587436
0.816859,-0.576838
0.82581,-0.563948
0.83602,-0.548699
0.847362,-0.531015
0.859692,-0.510813
0.872839,-0.488009
0.886613,-0.462513
0.900798,-0.434238
0.915155,-0.403102
0.929418,-0.369028
0.943297,-0.33195
0.956474,-0.291818
0.968606,-0.248601
0.979325,-0.202291
0.98824,-0.15291
0.994936,-0.100515
0.998978,-0.0451998
0.999917,0.0128939
0.99729,0.0735753
0.990627,0.136597
0.979458,0.20165
0.963318,0.268362
0.94176,0.336286
0.914358,0.404906
0.880725,0.473628
0.840518,0.541784
0.793456,0.608628
0.73933,0.673343
0.678025,0.735039
0.60952,0.792771
0.533919,0.845536
0.451456,0.892293
0.36251,0.93198
0.267619,0.963525
0.167491,0.985874
0.0630086,0.998013
-0.0447601,0.998998
-0.154571,0.987982
-0.264994,0.96425
-0.374434,0.927254
-0.481144,0.876642
-0.583239,0.812301
-0.678735,0.734384
-0.703813,0.710385
-0.611405,0.791318
-0.511946,0.859018
-0.407392,0.913254
-0.299608,0.954062
-0.190341,0.981718
-0.081195,0.996698
0.0263872,0.999652
0.13113,0.991365
0.231938,0.972731
0.327887,0.944717
0.418229,0.908342
0.502381,0.864646
0.579922,0.814672
0.65057,0.759446
0.71418,0.699962
0.770728,0.637164
0.820293,0.571944
0.863045,0.505127
0.899233,0.43747
0.929168,0.369657
0.953214,0.302297
0.971771,0.235926
0.985269,0.17101
0.994157,0.107942
0.998892,0.047051
0.999935,-0.0113937
0.997741,-0.0671812
0.992755,-0.120152
0.985411,-0.170192
0.976121,-0.217229
0.965278,-0.261223
0.953254,-0.302169
0.940396,-0.340083
0.927023,-0.375005
0.913433,-0.406989
0.899896,-0.436104
0.886659,-0.462423
0.873943,-0.486029
0.861945,-0.507002
0.85084,-0.525425
0.84078,-0.541376
0.831897,-0.55493
0.824302,-0.566151
0.818085,-0.575097
0.81332,-0.581817
0.810061,-0.586346
0.808344,-0.58871
0.808188,-0.588924
0.809596,-0.586987
0.812552,-0.582889
0.817023,-0.576605
0.822959,-0.568101
0.830291,-0.55733
0.838932,-0.544237
0.848774,-0.528755
0.859692,-0.510813
0.871536,-0.490332
0.884136,-0.46723
0.897299,-0.441423
0.910809,-0.412829
0.924422,-0.381372
0.937872,-0.34698
0.950868,-0.309596
0.963091,-0.269176
0.974197,-0.225697
0.98382,-0.179161
0.991567,-0.129599
0.997025,-0.0770753
0.999765,-0.0216963
0.999338,0.0363869
0.995287,0.0969723
0.987149,0.159802
0.974461,0.224557
0.956768,0.290853
0.933632,0.358234
0.904641,0.426175
0.86942,0.494073
0.827645,0.561252
0.77905,0.626962
0.723448,0.690379
0.660741,0.750614
0.590932,0.806721
0.514148,0.857701
0.430647,0.90252
0.340831,0.940125
0.245263,0.969456
0.144675,0.989479
0.0399701,0.999201
-0.067762,0.997702
-0.177258,0.984164
-0.287074,0.957908
-0.395606,0.91842
-0.501096,0.865391
-0.601663,0.79875
-0.695327,0.718693
-0.721705,0.692201
-0.631423,0.775439
-0.533757,0.845638
-0.430659,0.902515
-0.32399,0.94606
-0.215503,0.976503
-0.106812,0.994279
0.000625805,1
0.105516,0.994418
0.20674,0.978396
0.303352,0.952879
0.394578,0.918863
0.479809,0.877373
0.558595,0.829441
0.630632,0.776082
0.695747,0.718287
0.753891,0.656999
0.805122,0.593109
0.849588,0.527447
0.887517,0.460776
0.919203,0.393785
0.944992,0.327095
0.965271,0.26125
0.980458,0.196726
0.990991,0.133929
0.997317,0.0732001
0.99989,0.0148183
0.999159,-0.0409925
0.995566,-0.0940619
0.989539,-0.144265
0.981489,-0.191516
0.971809,-0.235769
0.960868,-0.277006
0.949013,-0.315236
0.936567,-0.350488
0.923827,-0.382811
0.911064,-0.412265
0.898528,-0.438917
0.88644,-0.462843
0.875001,-0.48412
0.864388,-0.502825
0.854754,-0.519033
0.846233,-0.532813
0.838937,-0.544228
0.83296,-0.553334
0.828374,-0.560175
0.825235,-0.564789
0.823581,-0.567199
0.82343,-0.567417
0.824786,-0.565445
0.827631,-0.561272
0.831933,-0.554876
0.83764,-0.546222
0.844683,-0.535266
0.852973,-0.521954
0.862402,-0.506225
0.872839,-0.488008
0.884136,-0.467229
0.896121,-0.443811
0.908596,-0.417675
0.921345,-0.388746
0.934123,-0.356952
0.946661,-0.32223
0.958667,-0.284529
0.969822,-0.243816
0.979781,-0.200075
0.988177,-0.153317
0.994621,-0.103584
0.998701,-0.0509523
0.99999,0.00446184
0.998045,0.062496
0.992415,0.122936
0.982642,0.185512
0.968273,0.249894
0.948864,0.315685
0.923988,0.38242
0.893249,0.449563
0.856286,0.516501
0.812793,0.582552
0.762526,0.646958
0.705317,0.708892
0.641091,0.767465
0.569876,0.82173
0.491826,0.870694
0.407222,0.913329
0.316495,0.948594
0.220235,0.975447
0.119196,0.992871
0.0143096,0.999898
-0.0933145,0.995637
-0.202393,0.979304
-0.311468,0.950257
-0.41892,0.908023
-0.522992,0.852337
-0.621797,0.783178
-0.713367,0.700791
-0.740868,0.67165
-0.652992,0.757365
-0.557375,0.830261
-0.455957,0.890002
-0.350596,0.936527
-0.24305,0.970014
-0.134941,0.990854
-0.0277451,0.999615
0.0772269,0.997014
0.178832,0.98388
0.2761,0.961129
0.368227,0.929736
0.454579,0.890706
0.534676,0.845057
0.608184,0.793796
0.674905,0.737904
0.734763,0.678324
0.787787,0.615948
0.834103,0.551609
0.873918,0.486074
0.907505,0.420041
0.935193,0.354139
0.957352,0.288925
0.974385,0.224884
0.986719,0.162435
0.994791,0.101932
0.999046,0.0436654
0.999926,-0.0121273
0.997868,-0.0652632
0.993295,-0.115604
0.986617,-0.163055
0.978223,-0.207557
0.968483,-0.249081
0.957742,-0.287628
0.946325,-0.323217
0.934529,-0.355887
0.922629,-0.385689
0.910873,-0.412687
0.899487,-0.436947
0.888673,-0.458542
0.878609,-0.477542
0.869451,-0.494019
0.861335,-0.508037
0.854375,-0.519657
0.848665,-0.528931
0.844281,-0.535901
0.841277,-0.540604
0.839693,-0.543061
0.839548,-0.543285
0.840845,-0.541276
0.843566,-0.537025
0.847679,-0.53051
0.85313,-0.521698
0.85985,-0.510547
0.867747,-0.497006
0.876712,-0.481016
0.886614,-0.462511
0.8973,-0.441421
0.908597,-0.417674
0.920307,-0.391198
0.932208,-0.361922
0.944057,-0.329783
0.955582,-0.294726
0.966489,-0.256707
0.976459,-0.215702
0.985148,-0.171707
0.992189,-0.124742
0.997194,-0.0748615
0.999755,-0.0221519
0.999447,0.0332574
0.995833,0.0911918
0.988469,0.151424
0.976905,0.213672
0.960699,0.277593
0.939416,0.342778
0.912646,0.408751
0.880007,0.474961
0.841156,0.540792
0.795808,0.605549
0.743738,0.668471
0.684805,0.728726
0.618957,0.785425
0.546251,0.837621
0.466866,0.884328
0.381114,0.924528
0.289454,0.957192
0.192504,0.981296
0.0910473,0.995847
-0.0139595,0.999903
-0.121383,0.992606
-0.22992,0.973209
-0.338096,0.941112
-0.444283,0.895887
-0.546714,0.837319
-0.643507,0.76544
-0.732703,0.680549
-0.761128,0.648602
-0.675957,0.736941
-0.582661,0.812715
-0.483166,0.875529
-0.379329,0.925262
-0.272906,0.962041
-0.165533,0.986204
-0.0586977,0.998276
0.0462669,0.998929
0.148195,0.988958
0.246087,0.969248
0.339115,0.940745
0.42661,0.904436
0.508063,0.86132
0.583109,0.812394
0.65152,0.758632
0.71319,0.700971
0.768121,0.640305
0.816413,0.577469
0.858249,0.513234
0.893879,0.448309
0.923612,0.38333
0.9478,0.318865
0.966833,0.255411
0.98112,0.193401
0.991089,0.1332
0.997175,0.0751154
0.999812,0.0193954
0.99943,-0.0337624
0.996448,-0.0842074
0.991272,-0.131831
0.98429,-0.176562
0.975868,-0.218361
0.966354,-0.257216
0.95607,-0.293138
0.945316,-0.326155
0.934368,-0.35631
0.923475,-0.383659
0.912865,-0.408261
0.902743,-0.430181
0.893287,-0.449486
0.884659,-0.46624
0.876993,-0.480504
0.870405,-0.492336
0.864993,-0.501784
0.860831,-0.50889
0.857979,-0.513685
0.856474,-0.516191
0.856335,-0.516421
0.857566,-0.514374
0.86015,-0.510042
0.864052,-0.503403
0.869219,-0.494427
0.875579,-0.483074
0.883041,-0.469296
0.891492,-0.453037
0.900799,-0.434236
0.91081,-0.412827
0.921346,-0.388745
0.932209,-0.361922
0.943175,-0.332295
0.953999,-0.29981
0.964408,-0.26442
0.974106,-0.22609
0.982775,-0.184807
0.99007,-0.140576
0.995626,-0.0934308
0.999056,-0.0434356
0.999957,0.00930903
0.997907,0.064661
0.992477,0.122432
0.983228,0.182381
0.969722,0.244213
0.951525,0.307571
0.928219,0.372033
0.899408,0.43711
0.864726,0.502244
0.823852,0.566805
0.776521,0.630091
0.722534,0.691335
0.661774,0.749703
0.594218,0.804304
0.519951,0.854196
0.439184,0.898397
0.352258,0.935903
0.259664,0.965699
0.162051,0.986782
0.0602306,0.998185
-0.0448126,0.998995
-0.151921,0.988393
-0.259769,0.965671
-0.366867,0.930273
-0.471575,0.881826
-0.572124,0.820167
-0.666635,0.745384
-0.753161,0.657837
-0.782283,0.622923
-0.700132,0.714013
-0.609451,0.792824
-0.512148,0.858897
-0.410071,0.912054
-0.304981,0.952358
-0.198519,0.980097
-0.0921898,0.995741
0.0126533,0.99992
0.11482,0.993386
0.213284,0.97699
0.307184,0.95165
0.395822,0.918327
0.478655,0.878003
0.555285,0.83166
0.625451,0.780264
0.689016,0.724746
0.745952,0.665999
0.796332,0.604859
0.84031,0.542106
0.878114,0.478452
0.910029,0.414545
0.93639,0.350962
0.957565,0.288216
0.973953,0.22675
0.985966,0.166944
0.994029,0.10912
0.998566,0.0535414
1,0.000419223
0.998745,-0.0500817
0.995202,-0.0978389
0.989756,-0.142768
0.982773,-0.184818
0.974598,-0.223963
0.965553,-0.260205
0.95594,-0.293561
0.946035,-0.324065
0.936089,-0.351763
0.926333,-0.376706
0.916971,-0.398954
0.908186,-0.418567
0.900139,-0.435602
0.892969,-0.450119
0.886793,-0.462166
0.881709,-0.471793
0.877795,-0.479036
0.875109,-0.483926
0.87369,-0.486483
0.873559,-0.486719
0.874717,-0.484634
0.877149,-0.480218
0.880819,-0.473453
0.885673,-0.46431
0.891637,-0.452751
0.898618,-0.438731
0.906503,-0.4222
0.915157,-0.403098
0.924423,-0.381368
0.934124,-0.356949
0.944057,-0.329781
0.953999,-0.29981
0.9637,-0.266987
0.972888,-0.231275
0.981267,-0.192652
0.988517,-0.151113
0.994294,-0.106676
0.998235,-0.0593875
0.999957,-0.0093244
0.999058,0.0433993
0.995125,0.0986267
0.987732,0.156156
0.976452,0.215733
0.960857,0.277045
0.940526,0.339723
0.915054,0.403331
0.884063,0.467368
0.847207,0.531263
0.804187,0.594377
0.754761,0.656
0.698755,0.715361
0.636083,0.771621
0.566751,0.823889
0.490874,0.87123
0.408697,0.91267
0.320594,0.947217
0.227089,0.973874
0.128862,0.991663
0.0267576,0.999642
-0.0782121,0.996937
-0.184863,0.982764
-0.291849,0.956464
-0.397665,0.917531
-0.500661,0.865644
-0.599064,0.800701
-0.691004,0.722851
-0.774545,0.632519
-0.80411,0.59448
-0.725314,0.688418
-0.63756,0.7704
-0.542737,0.839902
-0.442684,0.896677
-0.33916,0.940729
-0.233813,0.972282
-0.128163,0.991753
-0.0235827,0.999722
0.0787119,0.996897
0.177666,0.984091
0.272387,0.962188
0.362143,0.932123
0.446355,0.894856
0.524593,0.851353
0.596559,0.802569
0.662083,0.74943
0.721106,0.692825
0.773668,0.633591
0.819896,0.572512
0.859991,0.510309
0.894215,0.447638
0.92288,0.385089
0.946336,0.323185
0.964963,0.262384
0.979162,0.203083
0.989341,0.145615
0.995918,0.0902602
0.999306,0.0372457
0.999912,-0.0132495
0.998132,-0.0610883
0.994348,-0.106172
0.988922,-0.148437
0.982199,-0.187844
0.974501,-0.224383
0.966129,-0.25806
0.95736,-0.288899
0.948447,-0.316936
0.939622,-0.342215
0.931091,-0.364788
0.923039,-0.384705
0.91563,-0.402022
0.909003,-0.416789
0.903279,-0.429054
0.898555,-0.438861
0.894912,-0.446242
0.892409,-0.451228
0.891085,-0.453837
0.890962,-0.454078
0.892041,-0.451954
0.894306,-0.447455
0.897722,-0.440563
0.902231,-0.431252
0.907762,-0.419486
0.914217,-0.405226
0.921482,-0.388422
0.92942,-0.369023
0.937874,-0.346976
0.946663,-0.322227
0.955583,-0.294723
0.964408,-0.264418
0.972889,-0.231274
0.980751,-0.195264
0.987698,-0.156375
0.99341,-0.114615
0.997546,-0.0700149
0.999744,-0.0226335
0.999623,0.0274381
0.996789,0.0800703
0.990833,0.135094
0.981338,0.192288
0.967887,0.251386
0.950062,0.31206
0.927459,0.373925
0.899688,0.436533
0.866391,0.499366
0.827242,0.561846
0.781966,0.623321
0.730348,0.683075
0.672242,0.740332
0.60759,0.79425
0.536434,0.843942
0.458922,0.888477
0.37533,0.926891
0.286071,0.958208
0.191702,0.981453
0.0929391,0.995672
-0.00934341,0.999956
-0.114101,0.993469
-0.220127,0.975471
-0.326052,0.945352
-0.430356,0.902659
-0.53138,0.847134
-0.627352,0.778736
-0.716409,0.69768
-0.796636,0.60446
-0.82636,0.563142
-0.751269,0.659996
-0.666777,0.745257
-0.574746,0.818332
-0.477005,0.878901
-0.375306,0.926901
-0.271306,0.962493
-0.166537,0.986035
-0.0623899,0.998052
0.0398934,0.999204
0.139228,0.99026
0.234689,0.972071
0.32551,0.945539
0.411076,0.911601
0.49092,0.871205
0.564709,0.82529
0.632234,0.774777
0.693404,0.720549
0.748226,0.663445
0.796794,0.60425
0.839284,0.543694
0.875929,0.48244
0.907019,0.421091
0.932882,0.360181
0.953881,0.300184
0.970398,0.24151
0.982831,0.18451
0.991582,0.129479
0.997057,0.0766593
0.999655,0.0262464
0.999767,-0.0216077
0.997767,-0.0667897
0.994018,-0.10922
0.98886,-0.148848
0.982616,-0.185649
0.975586,-0.21962
0.968046,-0.250771
0.960253,-0.27913
0.952439,-0.30473
0.944811,-0.327616
0.937557,-0.34783
0.930842,-0.365422
0.924807,-0.380436
0.919575,-0.392915
0.915245,-0.402898
0.911898,-0.410417
0.909594,-0.415498
0.908374,-0.418158
0.90826,-0.418406
0.909253,-0.416244
0.911337,-0.411662
0.914474,-0.404645
0.918609,-0.395168
0.923666,-0.383199
0.929548,-0.368702
0.936138,-0.351632
0.943299,-0.331944
0.95087,-0.309591
0.958669,-0.284525
0.96649,-0.256703
0.974107,-0.226087
0.981268,-0.19265
0.987698,-0.156374
0.993101,-0.117258
0.997159,-0.0753248
0.999531,-0.030617
0.999859,0.0167929
0.997767,0.0667978
0.992864,0.119254
0.98475,0.173975
0.973019,0.230727
0.957262,0.289224
0.937077,0.349124
0.912074,0.410026
0.881883,0.471469
0.846165,0.532921
0.804618,0.593793
0.756994,0.653422
0.703104,0.711087
0.642833,0.766006
0.576159,0.817338
0.503152,0.864198
0.424001,0.905662
0.339018,0.94078
0.248651,0.968593
0.153495,0.988149
0.0543,0.998525
-0.0480241,0.998846
-0.152405,0.988318
-0.257609,0.966249
-0.362246,0.932083
-0.464781,0.885426
-0.563549,0.826083
-0.656781,0.754082
-0.742624,0.669709
-0.819187,0.573527
-0.848755,0.528786
-0.777738,0.628589
-0.69686,0.717207
-0.607957,0.79397
-0.51284,0.858484
-0.413256,0.910615
-0.310864,0.950455
-0.207206,0.978297
-0.103695,0.994609
-0.00159471,0.999999
0.0979806,0.995188
0.194071,0.980987
0.285876,0.958267
0.372742,0.927935
0.454165,0.890918
0.52977,0.848141
0.599317,0.800512
0.662671,0.74891
0.719809,0.694172
0.770791,0.637088
0.815761,0.578389
0.854926,0.51875
0.888548,0.458784
0.916934,0.399039
0.940425,0.340001
0.959386,0.282097
0.974198,0.225693
0.985254,0.171101
0.992945,0.118579
0.997662,0.0683403
0.999789,0.0205518
0.999696,-0.0246565
0.99774,-0.0671908
0.99426,-0.106986
0.989577,-0.144005
0.983989,-0.178229
0.977774,-0.20966
0.971189,-0.238312
0.964465,-0.264211
0.957814,-0.287389
0.951423,-0.307887
0.945459,-0.32574
0.940066,-0.340992
0.935367,-0.353678
0.931464,-0.363833
0.928439,-0.371485
0.926352,-0.376658
0.925246,-0.379368
0.925141,-0.379624
0.926041,-0.377423
0.927927,-0.372762
0.930763,-0.365623
0.934491,-0.355986
0.939035,-0.343822
0.944296,-0.329097
0.950157,-0.311773
0.956476,-0.291811
0.963093,-0.269169
0.969823,-0.24381
0.97646,-0.215697
0.982776,-0.184803
0.988517,-0.15111
0.99341,-0.114613
0.997159,-0.0753236
0.999446,-0.0332773
0.999934,0.0114693
0.998268,0.0588282
0.994077,0.108677
0.986978,0.160856
0.976578,0.215162
0.962482,0.271344
0.944295,0.329101
0.921628,0.388074
0.89411,0.447847
0.861391,0.507943
0.823153,0.56782
0.77912,0.626875
0.729073,0.684437
0.672852,0.739777
0.610377,0.792111
0.541656,0.840601
0.466801,0.884363
0.386035,0.922484
0.299709,0.954031
0.208312,0.978063
0.112474,0.993655
0.0129834,0.999916
-0.0892173,0.996012
-0.193025,0.981194
-0.297178,0.954822
-0.40027,0.916397
-0.500751,0.865591
-0.596955,0.802275
-0.687113,0.72655
-0.769392,0.638777
-0.841924,0.539596
-0.870993,0.491296
-0.80443,0.594048
-0.727538,0.686067
-0.642122,0.766603
-0.549969,0.835185
-0.452815,0.891604
-0.352321,0.935879
-0.250039,0.968236
-0.147397,0.989077
-0.045683,0.998956
0.0539585,0.998543
0.150537,0.988604
0.243212,0.969973
0.331294,0.943528
0.414236,0.910169
0.491629,0.870805
0.563187,0.82633
0.62874,0.777615
0.688228,0.725495
0.741675,0.670759
0.789192,0.614146
0.830957,0.556337
0.867203,0.497955
0.898213,0.439561
0.924304,0.381656
0.945823,0.324682
0.963135,0.26902
0.976614,0.214999
0.986643,0.162897
0.993602,0.11294
0.997865,0.0653145
0.999797,0.0201657
0.999749,-0.0223961
0.998058,-0.062292
0.995041,-0.0994683
0.990995,-0.133895
0.986199,-0.165561
0.980909,-0.194469
0.975357,-0.220634
0.969755,-0.24408
0.964294,-0.264836
0.959139,-0.282934
0.954438,-0.298408
0.950316,-0.311288
0.946874,-0.321606
0.944196,-0.329385
0.942344,-0.334647
0.94136,-0.337405
0.941266,-0.337666
0.942065,-0.335431
0.943738,-0.330693
0.946249,-0.32344
0.949538,-0.313652
0.953528,-0.301304
0.95812,-0.286366
0.963194,-0.268807
0.968608,-0.248592
0.974199,-0.225689
0.979782,-0.200068
0.985149,-0.1717
0.990071,-0.140571
0.994294,-0.106672
0.997546,-0.0700113
0.999531,-0.0306146
0.999934,0.0114707
0.998421,0.0561713
0.994642,0.103384
0.988231,0.15297
0.978814,0.204754
0.966008,0.258514
0.949428,0.313984
0.928695,0.370843
0.903438,0.428719
0.873302,0.487178
0.837961,0.54573
0.797121,0.60382
0.750534,0.660832
0.698009,0.716089
0.639421,0.768857
0.574723,0.818348
0.503961,0.863726
0.427285,0.904117
0.344957,0.938619
0.25737,0.966313
0.16505,0.986285
0.0686691,0.997639
-0.0309489,0.999521
-0.132826,0.991139
-0.235831,0.971794
-0.338676,0.940903
-0.439936,0.898029
-0.538053,0.842911
-0.631354,0.775495
-0.718084,0.695956
-0.796426,0.604736
-0.864548,0.50255
-0.892737,0.450578
-0.831025,0.556235
-0.758512,0.651659
-0.676962,0.736018
-0.588136,0.808762
-0.493759,0.869599
-0.395485,0.918473
-0.294873,0.955537
-0.193366,0.981127
-0.0922769,0.995733
0.0072241,0.999974
0.104112,0.994566
0.19751,0.980301
0.286691,0.958023
0.371065,0.928607
0.450181,0.892937
0.523714,0.851894
0.591454,0.806338
0.653299,0.7571
0.709239,0.704968
0.759349,0.650684
0.803773,0.594936
0.842717,0.538356
0.876436,0.481519
0.905222,0.424939
0.929401,0.369071
0.949319,0.314315
0.965334,0.261018
0.977815,0.209471
0.98713,0.159922
0.993643,0.112573
0.997713,0.0675861
0.999685,0.0250881
0.99989,-0.0148262
0.998643,-0.0520884
0.996238,-0.0866546
0.992954,-0.1185
0.989045,-0.147615
0.984745,-0.174004
0.980266,-0.197681
0.9758,-0.218666
0.971514,-0.236982
0.967556,-0.252656
0.964052,-0.265715
0.961105,-0.276182
0.958801,-0.284078
0.957201,-0.289422
0.95635,-0.292225
0.956268,-0.292492
0.956958,-0.290225
0.958403,-0.285418
0.960564,-0.278059
0.963382,-0.268133
0.966778,-0.255617
0.970652,-0.240487
0.974883,-0.222718
0.979327,-0.202281
0.983821,-0.179152
0.988178,-0.153308
0.99219,-0.124735
0.995626,-0.0934238
0.998235,-0.0593817
0.999744,-0.0226285
0.999859,0.0167968
0.998268,0.0588308
0.994641,0.103385
0.988634,0.150341
0.979889,0.199542
0.96804,0.250794
0.952716,0.303861
0.933547,0.358456
0.910166,0.414244
0.882222,0.470834
0.849383,0.527778
0.811343,0.58457
0.767839,0.640643
0.71865,0.695372
0.663617,0.748072
0.60265,0.798005
0.53574,0.844383
0.462969,0.886374
0.384529,0.923113
0.300724,0.953711
0.211988,0.977272
0.118888,0.992908
0.0221358,0.999755
-0.0774063,0.997
-0.178728,0.983898
-0.280667,0.959805
-0.381914,0.924198
-0.481026,0.876706
-0.576435,0.817143
-0.666473,0.745529
-0.749396,0.662122
-0.823414,0.567442
-0.88673,0.462288
-0.913628,0.406551
-0.857173,0.515028
-0.789445,0.613821
-0.712162,0.702015
-0.627053,0.778977
-0.535824,0.84433
-0.440121,0.897938
-0.341507,0.939879
-0.241438,0.970416
-0.141246,0.989975
-0.0421288,0.999112
0.0548558,0.998494
0.148795,0.988868
0.238921,0.971039
0.324604,0.94585
0.405348,0.914162
0.480788,0.876837
0.55067,0.834723
0.614853,0.788642
0.673288,0.73938
0.726011,0.687684
0.773133,0.634244
0.814828,0.579702
0.851322,0.524644
0.882881,0.469597
0.909807,0.415032
0.932424,0.361366
0.951075,0.30896
0.966111,0.258126
0.977888,0.209128
0.98676,0.162185
0.993075,0.117479
0.997172,0.0751518
0.999376,0.0353157
0.999998,-0.00194606
0.999331,-0.0365744
0.997649,-0.0685307
0.995207,-0.0977935
0.992238,-0.124354
0.988955,-0.148217
0.985549,-0.169391
0.982189,-0.187893
0.979025,-0.203741
0.976182,-0.216954
0.973766,-0.227554
0.971861,-0.235555
0.970532,-0.240972
0.969822,-0.243814
0.969753,-0.244088
0.970328,-0.241793
0.971528,-0.236924
0.973315,-0.229473
0.975629,-0.219425
0.978391,-0.206763
0.981499,-0.191468
0.98483,-0.17352
0.988242,-0.152899
0.991568,-0.129588
0.994622,-0.103574
0.997195,-0.0748522
0.999057,-0.0434273
0.999957,-0.0093171
0.999623,0.0274445
0.997766,0.0668031
0.994077,0.108681
0.98823,0.152973
0.979889,0.199543
0.968704,0.248219
0.95432,0.298786
0.936378,0.350994
0.914523,0.404535
0.888407,0.459057
0.857697,0.514155
0.822086,0.569363
0.781294,0.624163
0.735085,0.677975
0.683271,0.730165
0.625725,0.780043
0.562395,0.826869
0.49331,0.869853
0.418595,0.908173
0.338483,0.940973
0.253319,0.967383
0.163581,0.98653
0.0698789,0.997555
-0.0270364,0.999634
-0.126266,0.991996
-0.226764,0.97395
-0.327341,0.944906
-0.426665,0.90441
-0.523281,0.852161
-0.615614,0.788048
-0.702003,0.712174
-0.780722,0.624879
-0.850008,0.52677
-0.90811,0.418731
-0.933275,0.359163
-0.882493,0.470326
-0.819971,0.572405
-0.747374,0.664404
-0.666393,0.745601
-0.578711,0.815533
-0.485961,0.87398
-0.389706,0.920939
-0.29141,0.956598
-0.192424,0.981312
-0.0939717,0.995575
0.00285954,0.999996
0.0971189,0.995273
0.188,0.982169
0.274832,0.961492
0.357076,0.934076
0.434319,0.900759
0.506269,0.862376
0.57274,0.819737
0.633641,0.773628
0.688971,0.724789
0.738805,0.67392
0.783281,0.621668
0.822595,0.568628
0.856985,0.515342
0.886726,0.462295
0.912122,0.409918
0.933495,0.358592
0.951178,0.308644
0.965512,0.260357
0.97684,0.21397
0.985499,0.16968
0.99182,0.127647
0.99612,0.0880015
0.998707,0.0508414
0.999868,0.0162417
0.999876,-0.0157446
0.998983,-0.0450828
0.997422,-0.0717525
0.995406,-0.0957451
0.993125,-0.117061
0.990749,-0.135708
0.988427,-0.151695
0.986287,-0.165036
0.984436,-0.175745
0.982957,-0.183834
0.981917,-0.189314
0.981358,-0.192191
0.981303,-0.192471
0.981755,-0.190152
0.982695,-0.185232
0.984084,-0.177703
0.985863,-0.167555
0.98795,-0.154774
0.990244,-0.139348
0.992621,-0.121261
0.994937,-0.100502
0.997026,-0.077063
0.998702,-0.0509409
0.999755,-0.0221412
0.999957,0.00931876
0.999057,0.043408
0.996789,0.0800783
0.992863,0.119261
0.986977,0.160861
0.978813,0.204758
0.96804,0.250797
0.954319,0.298788
0.937308,0.348501
0.916662,0.399663
0.892042,0.451953
0.86312,0.504999
0.829586,0.55838
0.791155,0.611615
0.747578,0.664174
0.698647,0.715466
0.644209,0.764849
0.584175,0.811627
0.51853,0.85506
0.447342,0.894363
0.37078,0.928721
0.28912,0.957293
0.202753,0.97923
0.112197,0.993686
0.0181072,0.999836
-0.0787274,0.996896
-0.177367,0.984145
-0.276739,0.960945
-0.375622,0.926773
-0.472667,0.881241
-0.566408,0.824125
-0.655269,0.755396
-0.7376,0.675238
-0.811696,0.584081
-0.875831,0.482617
-0.928305,0.371819
-0.951259,0.308392
-0.906571,0.422053
-0.849686,0.527289
-0.78221,0.623015
-0.705791,0.70842
-0.622079,0.782954
-0.532694,0.846308
-0.43919,0.898394
-0.343039,0.939321
-0.245604,0.96937
-0.148134,0.988967
-0.0517459,0.99866
0.0425759,0.999093
0.133984,0.990983
0.221766,0.9751
0.305341,0.952243
0.38425,0.923229
0.458157,0.888871
0.526831,0.84997
0.59014,0.807301
0.64804,0.761606
0.700571,0.713583
0.747832,0.663888
0.789987,0.613123
0.827245,0.561842
0.859852,0.510544
0.888087,0.459676
0.91225,0.409634
0.932656,0.360766
0.949631,0.31337
0.963501,0.267703
0.974593,0.223982
0.983227,0.182384
0.989715,0.143056
0.994354,0.106114
0.99743,0.0716485
0.999211,0.0397266
0.999946,0.0103974
0.999867,-0.016306
0.999185,-0.0403632
0.998091,-0.0617642
0.996754,-0.0805063
0.995324,-0.0965918
0.993929,-0.110027
0.992675,-0.120819
0.991648,-0.128976
0.990913,-0.134505
0.990514,-0.13741
0.990475,-0.137695
0.990797,-0.135359
0.991461,-0.1304
0.99243,-0.122812
0.993642,-0.112589
0.995015,-0.0997228
0.996449,-0.0842041
0.997818,-0.0660263
0.998979,-0.0451855
0.999765,-0.0216825
0.99999,0.00447497
0.999446,0.0332698
0.997907,0.0646722
0.995123,0.0986374
0.990832,0.135103
0.984749,0.173983
0.976577,0.215168
0.966006,0.25852
0.952715,0.303865
0.936377,0.350996
0.916662,0.399665
0.893241,0.449578
0.865794,0.5004
0.834015,0.551742
0.797617,0.603164
0.756344,0.654174
0.709974,0.704228
0.658334,0.752726
0.601306,0.799019
0.538838,0.84241
0.470955,0.882157
0.397771,0.917485
0.319496,0.947588
0.236451,0.971643
0.149071,0.988826
0.057921,0.998321
-0.0363035,0.999341
-0.132772,0.991147
-0.230511,0.97307
-0.328414,0.944534
-0.425238,0.905082
-0.519617,0.8544
-0.610075,0.792344
-0.695044,0.718968
-0.772885,0.634546
-0.841923,0.539597
-0.900477,0.434904
-0.946901,0.321525
-0.967139,0.254247
-0.928964,0.37017
-0.878154,0.478379
-0.816247,0.577703
-0.744841,0.667242
-0.665549,0.746354
-0.579965,0.814641
-0.489636,0.871927
-0.396032,0.918237
-0.300532,0.953772
-0.204401,0.978887
-0.108784,0.994065
-0.0147006,0.999892
0.0769665,0.997034
0.165461,0.986216
0.250159,0.968205
0.330558,0.943786
0.406273,0.913752
0.47703,0.878887
0.542652,0.839957
0.603056,0.797699
0.658237,0.752811
0.70826,0.705952
0.753251,0.657734
0.793387,0.608718
0.828886,0.559418
0.859999,0.510296
0.887004,0.461762
0.910194,0.414183
0.929875,0.367875
0.946361,0.323112
0.959962,0.28013
0.970989,0.239124
0.979743,0.200258
0.986516,0.163666
0.991585,0.129454
0.995215,0.0977047
0.997652,0.0684816
0.999125,0.0418311
0.999842,0.0177856
0.999993,-0.00363363
0.999749,-0.022414
0.999257,-0.0385493
0.998645,-0.0520381
0.998021,-0.0628819
0.99747,-0.071083
0.997058,-0.076645
0.996829,-0.07957
0.996806,-0.0798593
0.996991,-0.0775131
0.997366,-0.0725296
0.997891,-0.0649061
0.998506,-0.054639
0.999129,-0.0417246
0.999658,-0.0261608
0.999968,-0.00794781
0.999917,0.0129102
0.999337,0.0364026
0.998044,0.0625107
0.995832,0.0912057
0.992475,0.122445
0.98773,0.156169
0.981336,0.1923
0.973016,0.230737
0.96248,0.271353
0.949426,0.313991
0.933544,0.358462
0.914521,0.404539
0.89204,0.451956
0.865793,0.500402
0.835479,0.549522
0.800814,0.598913
0.761539,0.648119
0.717425,0.696636
0.668284,0.743906
0.613977,0.789324
0.554422,0.832236
0.489609,0.871942
0.419605,0.907707
0.344567,0.938762
0.26475,0.964317
0.180522,0.983571
0.0923626,0.995725
0.000881151,1
-0.0931845,0.995649
-0.188964,0.981984
-0.285451,0.958393
-0.381508,0.924365
-0.475874,0.879513
-0.567166,0.823603
-0.653908,0.756575
-0.734537,0.678568
-0.807439,0.589951
-0.870974,0.491329
-0.923507,0.383583
-0.963459,0.267855
-0.980446,0.196787
-0.9492,0.314672
-0.904905,0.425613
-0.849025,0.528353
-0.783097,0.621899
-0.708691,0.705519
-0.627372,0.77872
-0.54067,0.841235
-0.450053,0.893002
-0.356903,0.934141
-0.262506,0.96493
-0.16803,0.985782
-0.0745235,0.997219
0.0170917,0.999854
0.106019,0.994364
0.191591,0.981475
0.27326,0.96194
0.350596,0.936527
0.423277,0.906
0.491083,0.871113
0.553886,0.832593
0.611638,0.791138
0.664366,0.747408
0.712158,0.702019
0.755156,0.655545
0.793548,0.608508
0.827556,0.561383
0.857431,0.5146
0.883444,0.468536
0.905882,0.42353
0.925039,0.379872
0.941212,0.337816
0.954698,0.297576
0.965788,0.259333
0.974764,0.223238
0.981897,0.189414
0.987446,0.157959
0.991651,0.128952
0.994738,0.102453
0.996914,0.0785069
0.998366,0.0571461
0.999263,0.0383936
0.999752,0.0222645
0.999962,0.00876824
0.999998,-0.00209008
0.999947,-0.0103078
0.999874,-0.0158843
0.999823,-0.0188193
0.999817,-0.0191126
0.999859,-0.016764
0.999931,-0.0117732
0.999991,-0.00413973
0.999981,0.00613649
0.999818,0.0190539
0.999401,0.0346085
0.998605,0.0527927
0.997288,0.0735932
0.995285,0.0969897
0.992413,0.122952
0.988467,0.15144
0.983225,0.182396
0.976449,0.215747
0.967884,0.251398
0.957258,0.289235
0.944291,0.329111
0.928692,0.370852
0.910162,0.414252
0.888404,0.459063
0.863117,0.505004
0.834013,0.551745
0.800813,0.598914
0.763259,0.646092
0.72112,0.692811
0.674197,0.738551
0.622336,0.78275
0.565437,0.824791
0.503456,0.864021
0.436423,0.899742
0.364451,0.931223
0.287741,0.957708
0.206595,0.978426
0.121427,0.9926
0.0327625,0.999463
-0.058746,0.998273
-0.152318,0.988331
-0.247047,0.969003
-0.341892,0.939739
-0.435692,0.900096
-0.527164,0.849763
-0.614921,0.788589
-0.697485,0.716599
-0.773312,0.634026
-0.84081,0.54133
-0.898382,0.439214
-0.944453,0.328645
-0.977517,0.210858
-0.990694,0.13611
-0.966782,0.255602
-0.929439,0.368976
-0.880046,0.474888
-0.820072,0.57226
-0.751037,0.660261
-0.674468,0.738304
-0.591873,0.806032
-0.50471,0.863289
-0.414364,0.910111
-0.322131,0.946695
-0.229203,0.973379
-0.136656,0.990619
-0.045446,0.998967
0.0435917,0.999049
0.129746,0.991547
0.212425,0.977177
0.291151,0.956677
0.365558,0.930789
0.435378,0.900248
0.500437,0.865773
0.560644,0.828057
0.615986,0.787757
0.666511,0.745495
0.712326,0.701848
0.753583,0.657353
0.790475,0.612494
0.823225,0.567716
0.852079,0.523414
0.877302,0.47994
0.899168,0.437604
0.917958,0.396678
0.933954,0.357394
0.947434,0.31995
0.958672,0.284515
0.967928,0.251228
0.975454,0.220204
0.981485,0.191537
0.986243,0.1653
0.989931,0.141551
0.992733,0.120335
0.994817,0.101685
0.996327,0.0856262
0.997392,0.0721754
0.998117,0.0613446
0.998587,0.053142
0.998868,0.0475723
0.999003,0.0446384
0.999016,0.0443422
0.99891,0.0466838
0.998665,0.0516625
0.998242,0.0592764
0.99758,0.0695214
0.9966,0.082391
0.995199,0.0978751
0.993254,0.115957
0.990624,0.136616
0.987146,0.159821
0.982639,0.18553
0.976902,0.21369
0.969718,0.244229
0.960852,0.277061
0.950058,0.312074
0.937072,0.349136
0.921624,0.388085
0.903433,0.428729
0.882217,0.470842
0.857693,0.514162
0.829582,0.558385
0.797614,0.603168
0.761537,0.648122
0.721119,0.692812
0.676158,0.736757
0.62649,0.779429
0.571998,0.820255
0.512616,0.858618
0.448345,0.893861
0.379258,0.925291
0.305511,0.952188
0.227353,0.973812
0.145133,0.989412
0.0593101,0.99824
-0.0295439,0.999563
-0.120733,0.992685
-0.213436,0.976957
-0.306712,0.951802
-0.399488,0.916738
-0.490583,0.871394
-0.578698,0.815542
-0.662443,0.749112
-0.740347,0.672225
-0.810887,0.585203
-0.872505,0.488604
-0.923655,0.383225
-0.962825,0.270126
-0.98859,0.150629
-0.997378,0.0723734
-0.981188,0.193054
-0.951225,0.308498
-0.908778,0.417281
-0.85524,0.518232
-0.792072,0.610428
-0.720756,0.693189
-0.64277,0.766059
-0.559558,0.828791
-0.472501,0.88133
-0.382901,0.923789
-0.291967,0.956428
-0.200801,0.979632
-0.110391,0.993888
-0.0216093,0.999766
0.0647914,0.997899
0.148175,0.988961
0.228019,0.973657
0.303908,0.952701
0.375529,0.926811
0.442662,0.896689
0.505171,0.863019
0.562999,0.826458
0.616154,0.787625
0.664705,0.747106
0.708768,0.705442
0.748503,0.663131
0.784105,0.620628
0.815792,0.578346
0.843804,0.536652
0.868396,0.495872
0.889829,0.456295
0.908368,0.418172
0.924278,0.381719
0.93782,0.347121
0.949246,0.314535
0.958797,0.284092
0.966703,0.2559
0.973179,0.230048
0.978424,0.206606
0.982619,0.185631
0.985928,0.167168
0.988495,0.151251
0.990445,0.137905
0.991884,0.127149
0.992895,0.118997
0.993543,0.113458
0.993872,0.110538
0.993905,0.11024
0.993644,0.112565
0.993072,0.11751
0.992148,0.125071
0.990813,0.135239
0.988987,0.148004
0.986568,0.163348
0.983437,0.181248
0.979453,0.201672
0.974456,0.224578
0.968268,0.249914
0.960693,0.277612
0.951519,0.307589
0.940519,0.33974
0.927453,0.373941
0.912067,0.410041
0.894104,0.44786
0.873296,0.48719
0.849376,0.527788
0.82208,0.569372
0.791149,0.611623
0.756339,0.65418
0.717421,0.69664
0.674194,0.738554
0.626489,0.77943
0.574176,0.818732
0.517174,0.85588
0.45546,0.890256
0.389076,0.921206
0.31814,0.948044
0.242856,0.970062
0.163517,0.98654
0.0805212,0.996753
-0.00562765,0.999984
-0.0943106,0.995543
-0.184791,0.982778
-0.27621,0.961097
-0.36759,0.929988
-0.457837,0.889036
-0.545746,0.837951
-0.630011,0.776586
-0.709244,0.704963
-0.781988,0.623294
-0.846744,0.532
-0.902001,0.431733
-0.946267,0.323386
-0.978105,0.208111
-0.996181,0.0873131
-0.999983,0.0057925
-0.99188,0.127178
-0.969709,0.244264
-0.934658,0.355548
-0.888038,0.45977
-0.831239,0.555916
-0.765691,0.643208
-0.692839,0.721092
-0.614099,0.789229
-0.530843,0.84747
-0.444377,0.89584
-0.355921,0.934516
-0.266599,0.963808
-0.177426,0.984134
-0.0893098,0.996004
-0.00304345,0.999995
0.0806949,0.996739
0.161338,0.986899
0.238423,0.971161
0.311589,0.950217
0.380569,0.924752
0.445184,0.895439
0.50533,0.862926
0.560974,0.827833
0.612143,0.790747
0.658919,0.752214
0.701426,0.712742
0.739826,0.672799
0.774309,0.632807
0.80509,0.593152
0.8324,0.554176
0.856478,0.516183
0.877574,0.479441
0.895935,0.444185
0.911808,0.410618
0.925433,0.37891
0.937044,0.349211
0.946861,0.321643
0.955092,0.296309
0.96193,0.273295
0.967553,0.252668
0.97212,0.234484
0.975772,0.218788
0.978633,0.205613
0.980806,0.194985
0.982375,0.186923
0.983402,0.181442
0.983931,0.178549
0.983985,0.178251
0.983566,0.180546
0.982657,0.185434
0.981218,0.192904
0.97919,0.202947
0.976494,0.215545
0.973031,0.230673
0.968683,0.248299
0.963312,0.268384
0.956761,0.290875
0.948857,0.315707
0.939409,0.342799
0.928212,0.372053
0.915046,0.40335
0.89968,0.43655
0.881875,0.471484
0.861382,0.507958
0.837952,0.545743
0.811335,0.584581
0.781287,0.624172
0.747571,0.664182
0.709967,0.704235
0.668278,0.743912
0.622332,0.782753
0.571994,0.820258
0.517171,0.855882
0.457823,0.889043
0.393968,0.919124
0.325691,0.945476
0.253157,0.967425
0.176615,0.98428
0.0964074,0.995342
0.0129778,0.999916
-0.0731216,0.997323
-0.161231,0.986917
-0.250572,0.968098
-0.34025,0.940335
-0.429257,0.903182
-0.516477,0.856301
-0.60069,0.799482
-0.680589,0.732665
-0.754788,0.655968
-0.821856,0.569695
-0.880328,0.474366
-0.928741,0.37073
-0.965669,0.259776
-0.98976,0.142742
-0.999777,0.0211175
-0.997991,-0.063352
-0.998305,0.0581924
-0.984314,0.176427
-0.957095,0.289774
-0.917866,0.396891
-0.867939,0.496671
-0.808685,0.588242
-0.7415,0.670953
-0.667773,0.744365
-0.58886,0.808235
-0.50606,0.862499
-0.4206,0.907246
-0.333621,0.942707
-0.246164,0.969228
-0.159166,0.987252
-0.0734583,0.997298
0.01024,0.999948
0.0913167,0.995822
0.169264,0.985571
0.243674,0.969857
0.314232,0.949346
0.380711,0.924694
0.442965,0.896539
0.500915,0.865496
0.554548,0.832152
0.603905,0.797056
0.649076,0.760724
0.690187,0.723631
0.7274,0.686214
0.760899,0.64887
0.790891,0.611957
0.817594,0.575795
0.841235,0.54067
0.862046,0.50683
0.880257,0.474497
0.896097,0.443858
0.909786,0.415078
0.921535,0.388295
0.931545,0.363626
0.940002,0.341169
0.947077,0.321006
0.952926,0.303203
0.957686,0.287814
0.961478,0.274881
0.964402,0.264439
0.966541,0.256511
0.967957,0.251117
0.968691,0.248268
0.968768,0.24797
0.968188,0.250225
0.966934,0.255028
0.964968,0.262368
0.962232,0.27223
0.958649,0.284591
0.954121,0.29942
0.948534,0.316676
0.941751,0.33631
0.933623,0.358258
0.923979,0.382443
0.912637,0.408772
0.899398,0.437131
0.884053,0.467387
0.86638,0.499385
0.846154,0.532938
0.823142,0.567835
0.79711,0.603834
0.767829,0.640655
0.735075,0.677986
0.698638,0.715475
0.658326,0.752733
0.613968,0.789331
0.56543,0.824796
0.512611,0.858621
0.455456,0.890258
0.393966,0.919125
0.328202,0.944607
0.258296,0.966066
0.184459,0.98284
0.106986,0.99426
0.0262672,0.999655
-0.0572065,0.998362
-0.14284,0.989746
-0.22993,0.973207
-0.317659,0.948205
-0.405101,0.914272
-0.491223,0.871034
-0.574889,0.818231
-0.654871,0.75574
-0.729862,0.683594
-0.798495,0.602002
-0.859363,0.511366
-0.911045,0.412307
-0.952138,0.305669
-0.981291,0.192532
-0.997241,0.0742259
-0.998862,-0.0476865
-0.990885,-0.13471
-0.999907,-0.0136187
-0.994451,0.105203
-0.975475,0.220108
-0.944095,0.329673
-0.901536,0.432704
-0.8491,0.528232
-0.788129,0.61551
-0.719972,0.694003
-0.645962,0.763369
-0.567386,0.823452
-0.485472,0.874252
-0.401372,0.915915
-0.316146,0.94871
-0.230762,0.97301
-0.146081,0.989273
-0.062864,0.998022
0.0182358,0.999834
0.0966661,0.995317
0.171971,0.985102
0.24379,0.969828
0.311849,0.950132
0.375955,0.926638
0.435986,0.899953
0.491885,0.87066
0.543653,0.83931
0.591341,0.806421
0.635042,0.772478
0.674882,0.737926
0.711018,0.703174
0.743627,0.668595
0.772904,0.634523
0.799055,0.601258
0.822292,0.569066
0.842827,0.538184
0.860875,0.508817
0.876643,0.481142
0.89033,0.455316
0.902129,0.431467
0.912217,0.409708
0.920758,0.390134
0.927903,0.372821
0.933786,0.357833
0.938521,0.345221
0.942209,0.335027
0.944927,0.327281
0.946738,0.322006
0.947681,0.319217
0.947781,0.318922
0.947038,0.321122
0.945434,0.325812
0.942934,0.332979
0.939481,0.342601
0.934999,0.35465
0.929394,0.369089
0.922553,0.38587
0.914347,0.404932
0.904629,0.4262
0.893237,0.449587
0.879994,0.474984
0.864713,0.502266
0.847194,0.531284
0.827229,0.561865
0.804605,0.59381
0.779107,0.626891
0.750521,0.660846
0.718638,0.695385
0.683258,0.730177
0.644198,0.764858
0.601295,0.799027
0.554412,0.832242
0.503447,0.864026
0.448337,0.893864
0.38907,0.921208
0.325687,0.945478
0.258294,0.966066
0.187069,0.982347
0.112269,0.993678
0.0342382,0.999414
-0.0465883,0.998914
-0.129674,0.991557
-0.214379,0.976751
-0.299961,0.953952
-0.385569,0.922679
-0.470246,0.882536
-0.552937,0.833223
-0.632494,0.774565
-0.707686,0.706527
-0.777216,0.629234
-0.839737,0.542994
-0.89388,0.448306
-0.938275,0.345889
-0.971586,0.236685
-0.992547,0.121865
-0.999996,0.0028359
-0.992923,-0.118762
-0.978159,-0.207856
-0.99613,-0.087891
-0.999523,0.0308895
-0.98917,0.146775
-0.966073,0.258269
-0.931364,0.364091
-0.886263,0.463182
-0.832051,0.554699
-0.770029,0.638008
-0.701497,0.712672
-0.627724,0.778436
-0.549934,0.835208
-0.46928,0.88305
-0.386839,0.922147
-0.303601,0.952799
-0.220458,0.975396
-0.138207,0.990403
-0.05754,0.998343
0.0209456,0.999781
0.0967506,0.995309
0.169466,0.985536
0.238773,0.971075
0.30443,0.952535
0.366271,0.930508
0.424195,0.905571
0.478161,0.878272
0.52818,0.849132
0.574308,0.818639
0.616637,0.787247
0.655292,0.755375
0.690422,0.723407
0.722194,0.691691
0.75079,0.66054
0.776401,0.630239
0.799223,0.601035
0.81945,0.57315
0.837277,0.546779
0.852891,0.52209
0.866471,0.499228
0.878187,0.478317
0.888197,0.459464
0.896642,0.442757
0.903651,0.42827
0.909336,0.416063
0.913791,0.406184
0.917094,0.398671
0.919303,0.39355
0.920459,0.39084
0.920582,0.39055
0.919675,0.392681
0.91772,0.397227
0.914683,0.404172
0.910509,0.41349
0.905123,0.425149
0.898437,0.439103
0.890341,0.455295
0.88071,0.473655
0.869405,0.4941
0.856271,0.516526
0.841141,0.540816
0.823837,0.566827
0.804171,0.594399
0.78195,0.623341
0.756978,0.653441
0.729057,0.684453
0.697993,0.716104
0.663602,0.748086
0.62571,0.780056
0.584161,0.811638
0.538824,0.842418
0.489596,0.871949
0.436411,0.899747
0.379248,0.925295
0.318132,0.948046
0.25315,0.967427
0.184454,0.982841
0.112267,0.993678
0.0368922,0.999319
-0.0412779,0.999148
-0.121762,0.992559
-0.203982,0.978975
-0.287254,0.957854
-0.370802,0.928712
-0.453741,0.891133
-0.535091,0.844795
-0.61378,0.789477
-0.688651,0.725093
-0.75848,0.651696
-0.821985,0.56951
-0.877849,0.478938
-0.924747,0.380582
-0.961371,0.275255
-0.986462,0.163993
-0.998845,0.048053
-0.997471,-0.0710774
-0.981454,-0.191695
-0.959331,-0.282283
-0.986431,-0.164179
-0.998935,-0.0461356
-0.997541,0.0700833
-0.983129,0.182913
-0.956725,0.290993
-0.919463,0.393178
-0.872548,0.488529
-0.817227,0.576316
-0.754759,0.656003
-0.686384,0.727239
-0.613313,0.78984
-0.5367,0.843773
-0.457629,0.889143
-0.377106,0.92617
-0.296053,0.955172
-0.215293,0.976549
-0.135561,0.990769
-0.0574919,0.998346
0.0183696,0.999831
0.0915709,0.995799
0.161745,0.986833
0.228605,0.973519
0.291938,0.956437
0.3516,0.93615
0.407506,0.913202
0.459628,0.888112
0.50798,0.861369
0.552622,0.833432
0.593642,0.804729
0.631159,0.775654
0.665313,0.746565
0.696259,0.717791
0.724166,0.689626
0.749207,0.662335
0.771562,0.636154
0.791405,0.611292
0.808912,0.587929
0.82425,0.566226
0.837577,0.54632
0.84904,0.528328
0.858776,0.512351
0.866906,0.498471
0.873537,0.486758
0.878759,0.477267
0.882645,0.47004
0.885253,0.46511
0.88662,0.462498
0.886768,0.462214
0.885698,0.464262
0.883394,0.468631
0.879822,0.475304
0.874928,0.484252
0.868645,0.495436
0.860883,0.508803
0.851541,0.524288
0.8405,0.541812
0.827626,0.561279
0.812775,0.582577
0.795789,0.605574
0.776503,0.630114
0.754741,0.656022
0.730329,0.683096
0.703085,0.711106
0.672833,0.739795
0.639402,0.768873
0.602633,0.798019
0.562377,0.826881
0.518512,0.85507
0.470939,0.882166
0.419589,0.907714
0.364437,0.931228
0.305499,0.952192
0.242845,0.970065
0.176606,0.984282
0.106979,0.994261
0.0342332,0.999414
-0.041281,0.999148
-0.119125,0.992879
-0.198774,0.980045
-0.279607,0.960115
-0.360905,0.932603
-0.441854,0.897087
-0.521546,0.853223
-0.598978,0.800765
-0.67307,0.739579
-0.742665,0.669663
-0.806547,0.59117
-0.86346,0.504417
-0.912127,0.409907
-0.951276,0.30834
-0.979668,0.200625
-0.99613,0.0878867
-0.999593,-0.028535
-0.989124,-0.147081
-0.963975,-0.265994
-0.933949,-0.357405
-0.970288,-0.241954
-0.992105,-0.125407
-0.999954,-0.00957108
-0.994585,0.103928
-0.976909,0.213657
-0.947961,0.318386
-0.908866,0.417087
-0.860805,0.508935
-0.804984,0.593296
-0.742612,0.669721
-0.674875,0.737932
-0.602917,0.797804
-0.527826,0.849352
-0.450622,0.892715
-0.372242,0.928136
-0.293542,0.955946
-0.215287,0.976551
-0.138152,0.990411
-0.0627218,0.998031
0.0105062,0.999945
0.0811197,0.996704
0.148786,0.988869
0.213247,0.976998
0.274314,0.96164
0.331857,0.94333
0.385807,0.92258
0.436139,0.899879
0.482873,0.87569
0.526065,0.850444
0.565799,0.824543
0.602186,0.798356
0.635354,0.772221
0.665446,0.746446
0.692614,0.721308
0.717015,0.697058
0.73881,0.673914
0.758155,0.652074
0.775205,0.63171
0.790105,0.612971
0.802995,0.595986
0.813998,0.580867
0.823232,0.567705
0.830795,0.556579
0.836773,0.547549
0.841237,0.540667
0.84424,0.535966
0.845818,0.533472
0.84599,0.533198
0.84476,0.535146
0.842111,0.539305
0.83801,0.545655
0.832409,0.554162
0.82524,0.564783
0.816422,0.577456
0.805857,0.59211
0.793434,0.608656
0.779028,0.626989
0.762504,0.646983
0.743716,0.668496
0.722511,0.691359
0.698733,0.715383
0.672219,0.740352
0.642811,0.766025
0.610354,0.792129
0.574701,0.818364
0.535717,0.844397
0.493289,0.869866
0.447321,0.894373
0.397751,0.917493
0.344548,0.938769
0.287724,0.957713
0.227338,0.973816
0.163504,0.986543
0.0963957,0.995343
0.0262578,0.999655
-0.0465959,0.998914
-0.121768,0.992559
-0.198777,0.980045
-0.277056,0.960854
-0.355943,0.934508
-0.434685,0.900582
-0.512442,0.858722
-0.588279,0.808658
-0.661184,0.750224
-0.730068,0.683374
-0.793784,0.6082
-0.851135,0.524946
-0.900898,0.43403
-0.941843,0.336054
-0.972761,0.231812
-0.992493,0.122305
-0.999962,0.00874619
-0.99421,-0.107452
-0.974436,-0.224665
-0.940031,-0.341089
-0.901608,-0.432554
-0.947215,-0.320598
-0.978475,-0.206364
-0.995787,-0.0916947
-0.999764,0.0217346
-0.991193,0.132426
-0.971002,0.239072
-0.940223,0.340559
-0.899962,0.435968
-0.851366,0.524572
-0.795597,0.605826
-0.733814,0.67935
-0.667142,0.744931
-0.596664,0.802491
-0.523403,0.852085
-0.448315,0.893876
-0.372276,0.928122
-0.296081,0.955163
-0.220438,0.975401
-0.145973,0.989289
-0.0732229,0.997316
-0.00264422,0.999996
0.0653848,0.99786
0.130562,0.99144
0.192652,0.981267
0.251483,0.967862
0.306942,0.951728
0.358964,0.933352
0.407529,0.913192
0.452657,0.891685
0.494399,0.869235
0.532833,0.846221
0.568058,0.822988
0.600192,0.799856
0.62936,0.777113
0.655701,0.75502
0.679354,0.733811
0.700458,0.713694
0.719153,0.694852
0.735571,0.677448
0.749838,0.661621
0.762073,0.647491
0.772378,0.635163
0.78085,0.624718
0.787567,0.616229
0.792594,0.609749
0.795983,0.605318
0.797767,0.602966
0.797965,0.602704
0.796579,0.604534
0.793594,0.608448
0.788979,0.61442
0.782688,0.622414
0.774658,0.63238
0.764814,0.644251
0.753064,0.657947
0.739305,0.673371
0.723422,0.690406
0.705291,0.708918
0.684778,0.728752
0.661747,0.749727
0.636056,0.771643
0.607564,0.794271
0.576132,0.817357
0.54163,0.840617
0.503935,0.863742
0.462944,0.886388
0.41857,0.908184
0.370757,0.92873
0.319473,0.947595
0.264728,0.964323
0.206575,0.978431
0.145115,0.989415
0.0805044,0.996754
0.0129631,0.999916
-0.057219,0.998362
-0.129683,0.991555
-0.203989,0.978973
-0.279612,0.960113
-0.355945,0.934507
-0.432292,0.901734
-0.507868,0.861435
-0.58181,0.813325
-0.653166,0.757215
-0.720915,0.693023
-0.783975,0.620792
-0.841211,0.540707
-0.891454,0.453112
-0.933523,0.358518
-0.966244,0.257627
-0.988484,0.151324
-0.999171,0.0407015
-0.997335,-0.0729536
-0.982139,-0.188154
-0.952919,-0.303226
-0.909216,-0.416326
-0.86196,-0.506976
-0.916777,-0.3994
-0.957524,-0.288353
-0.984444,-0.175696
-0.998004,-0.0631429
-0.998859,0.0477489
-0.987819,0.155604
-0.965815,0.25923
-0.933867,0.35762
-0.893053,0.449952
-0.844481,0.535585
-0.789269,0.614048
-0.728518,0.685027
-0.663297,0.748356
-0.594628,0.804001
-0.523474,0.852042
-0.450727,0.892662
-0.377208,0.926129
-0.303655,0.952782
-0.230728,0.973018
-0.159003,0.987278
-0.0889798,0.996033
-0.0210772,0.999778
0.0443562,0.999016
0.107042,0.994254
0.166764,0.985997
0.223366,0.974735
0.276742,0.960944
0.326832,0.945082
0.373619,0.927582
0.417118,0.908853
0.457373,0.889275
0.494456,0.869203
0.528452,0.848963
0.559464,0.828855
0.587605,0.809148
0.612994,0.790088
0.635752,0.771893
0.656001,0.75476
0.673859,0.73886
0.68944,0.724343
0.702849,0.711339
0.714182,0.69996
0.723526,0.690297
0.730954,0.682427
0.736525,0.67641
0.740287,0.672291
0.742271,0.6701
0.742494,0.669853
0.740958,0.671551
0.73765,0.675183
0.732541,0.680723
0.725588,0.688129
0.716733,0.697347
0.705907,0.708304
0.693025,0.720913
0.677995,0.735067
0.66071,0.750641
0.64106,0.767491
0.618926,0.785449
0.594188,0.804326
0.56672,0.82391
0.536403,0.843962
0.503122,0.864215
0.466771,0.884378
0.427255,0.904131
0.384501,0.923125
0.338455,0.940983
0.289093,0.957301
0.236425,0.97165
0.180497,0.983576
0.121404,0.992603
0.0592887,0.998241
-0.00564696,0.999984
-0.073139,0.997322
-0.142855,0.989744
-0.214392,0.976748
-0.287265,0.957851
-0.360913,0.9326
-0.434691,0.90058
-0.507871,0.861433
-0.579646,0.814869
-0.649129,0.760679
-0.715363,0.698753
-0.777324,0.6291
-0.833942,0.551852
-0.884104,0.46729
-0.926679,0.375854
-0.960537,0.278151
-0.984573,0.174977
-0.997732,0.0673075
-0.999045,-0.0436853
-0.987656,-0.156638
-0.962858,-0.270007
-0.924132,-0.382074
-0.871177,-0.49097
-0.814731,-0.579838
-0.878595,-0.477567
-0.928783,-0.370625
-0.965371,-0.26088
-0.988674,-0.150078
-0.999207,-0.0398167
-0.997654,0.0684645
-0.984834,0.1735
-0.961672,0.274202
-0.929167,0.36966
-0.888364,0.45914
-0.84033,0.542076
-0.786132,0.618059
-0.726817,0.686831
-0.663397,0.748267
-0.596837,0.802363
-0.528039,0.84922
-0.457841,0.889034
-0.387007,0.922077
-0.316228,0.948683
-0.246117,0.96924
-0.17721,0.984173
-0.109968,0.993935
-0.0447825,0.998997
0.018025,0.999838
0.0781956,0.996938
0.135529,0.990773
0.189878,0.981808
0.241143,0.97049
0.289268,0.957248
0.334231,0.942491
0.376043,0.926602
0.414742,0.909939
0.450386,0.892834
0.483049,0.875593
0.512819,0.858497
0.539793,0.841798
0.564072,0.825725
0.58576,0.810485
0.604958,0.796257
0.621767,0.783202
0.636279,0.771459
0.64858,0.761146
0.658747,0.752365
0.666847,0.745194
0.672934,0.739702
0.67705,0.735937
0.679225,0.73393
0.679473,0.733701
0.677796,0.73525
0.674183,0.738564
0.668607,0.743616
0.661029,0.750361
0.651396,0.758738
0.639647,0.768669
0.625704,0.78006
0.609486,0.792797
0.590898,0.806747
0.569842,0.821754
0.546216,0.837644
0.519917,0.854217
0.49084,0.87125
0.458887,0.888495
0.423967,0.905678
0.386,0.922499
0.344923,0.938631
0.300692,0.953721
0.253288,0.967391
0.202722,0.979236
0.149042,0.988831
0.0923347,0.995728
0.0327359,0.999464
-0.0295683,0.999563
-0.0943331,0.995541
-0.161252,0.986913
-0.229948,0.973203
-0.299977,0.953947
-0.370815,0.928707
-0.441865,0.897082
-0.512449,0.858718
-0.581815,0.813321
-0.649131,0.760677
-0.713503,0.700652
-0.773967,0.633226
-0.82951,0.558491
-0.879079,0.476675
-0.921594,0.388156
-0.95597,0.293464
-0.981139,0.193305
-0.996071,0.0885614
-0.999806,-0.0197049
-0.991482,-0.130246
-0.970367,-0.241636
-0.935894,-0.352282
-0.887695,-0.460432
-0.825632,-0.564209
-0.759734,-0.650234
-0.832376,-0.554212
-0.89185,-0.452331
-0.938068,-0.34645
-0.971185,-0.238328
-0.991566,-0.129599
-0.999763,-0.0217503
-0.996475,0.0838882
-0.982521,0.186152
-0.95881,0.284048
-0.926314,0.376752
-0.886041,0.463607
-0.839013,0.544111
-0.786248,0.617911
-0.728738,0.684793
-0.66744,0.744663
-0.603262,0.797543
-0.537052,0.843549
-0.469594,0.882883
-0.401606,0.915813
-0.33373,0.942669
-0.266539,0.963824
-0.200532,0.979687
-0.136141,0.990689
-0.0737294,0.997278
-0.0135983,0.999908
0.0440102,0.999031
0.0989067,0.995097
0.150952,0.988541
0.20005,0.979786
0.246143,0.969234
0.289205,0.957267
0.329242,0.944246
0.36628,0.930505
0.400366,0.916355
0.431562,0.902083
0.459939,0.887951
0.485578,0.874193
0.508562,0.861025
0.528977,0.848636
0.546906,0.837194
0.56243,0.826845
0.575623,0.817715
0.586551,0.809912
0.595274,0.803523
0.60184,0.798616
0.606287,0.795246
0.608639,0.793447
0.608912,0.793238
0.607106,0.794621
0.60321,0.797582
0.597202,0.802091
0.589046,0.8081
0.578696,0.815543
0.566097,0.824338
0.551183,0.834385
0.53388,0.84556
0.514108,0.857725
0.491787,0.870716
0.466827,0.884349
0.439144,0.898417
0.408658,0.912688
0.375291,0.926907
0.338979,0.940794
0.299671,0.954043
0.257332,0.966323
0.211951,0.97728
0.163546,0.986536
0.112163,0.99369
0.0578885,0.998323
0.000849918,1
-0.0587759,0.998271
-0.12076,0.992682
-0.184816,0.982773
-0.250595,0.968092
-0.317679,0.948198
-0.385587,0.922672
-0.453757,0.891126
-0.521558,0.853216
-0.588289,0.808651
-0.653172,0.757209
-0.715367,0.698749
-0.773969,0.633223
-0.828023,0.560694
-0.87653,0.481348
-0.918465,0.395503
-0.95279,0.30363
-0.978477,0.206357
-0.994527,0.104476
-0.999999,-0.00104156
-0.994035,-0.109059
-0.97589,-0.218263
-0.944965,-0.327171
-0.90084,-0.434152
-0.843304,-0.537437
-0.772387,-0.635152
-0.696887,-0.717181
-0.777916,-0.628368
-0.846411,-0.532531
-0.902111,-0.431504
-0.94501,-0.327043
-0.975318,-0.220805
-0.993445,-0.114315
-0.99996,-0.00895932
-0.995569,0.0940328
-0.981082,0.193592
-0.957386,0.28881
-0.925421,0.37894
-0.886156,0.463388
-0.840565,0.541711
-0.789616,0.613602
-0.734249,0.67888
-0.675368,0.737481
-0.613824,0.789443
-0.550419,0.834889
-0.485887,0.874022
-0.420898,0.907108
-0.356055,0.934465
-0.291894,0.956451
-0.228883,0.973454
-0.167425,0.985885
-0.107862,0.994166
-0.050478,0.998725
0.00449783,0.99999
0.0568855,0.998381
0.10655,0.994307
0.153395,0.988165
0.197361,0.980331
0.238417,0.971163
0.276559,0.960997
0.311805,0.950146
0.344187,0.938901
0.373754,0.927528
0.400561,0.91627
0.424673,0.905347
0.446156,0.894955
0.465077,0.88527
0.481502,0.876445
0.495493,0.868612
0.507107,0.861883
0.516393,0.856352
0.523394,0.852091
0.52814,0.849157
0.530655,0.847588
0.530951,0.847403
0.529028,0.848604
0.524878,0.851178
0.51848,0.85509
0.509804,0.860291
0.498811,0.866711
0.485453,0.874263
0.469673,0.88284
0.451412,0.892316
0.430602,0.902542
0.407178,0.913349
0.38107,0.924546
0.352214,0.935919
0.320551,0.947231
0.286028,0.958221
0.248609,0.968604
0.208269,0.978071
0.165009,0.986292
0.118848,0.992912
0.06984,0.997558
0.0180692,0.999837
-0.0363397,0.99934
-0.0932186,0.995646
-0.152351,0.988326
-0.213466,0.97695
-0.276238,0.961089
-0.340275,0.940326
-0.405124,0.914262
-0.470266,0.882525
-0.535109,0.844783
-0.598993,0.800754
-0.661195,0.750214
-0.720924,0.693015
-0.77733,0.629093
-0.829514,0.558486
-0.876532,0.481344
-0.917409,0.397945
-0.95116,0.3087
-0.976796,0.21417
-0.993357,0.115073
-0.999924,0.0122896
-0.995654,-0.0931346
-0.979798,-0.199992
-0.951739,-0.306909
-0.91102,-0.412362
-0.857371,-0.514699
-0.790745,-0.612145
-0.711347,-0.702841
-0.626225,-0.779642
-0.715124,-0.698998
-0.792249,-0.610198
-0.857167,-0.515039
-0.909702,-0.415261
-0.94991,-0.312525
-0.978047,-0.208383
-0.99455,-0.104264
-0.999999,-0.00145236
-0.995096,0.0989109
-0.980635,0.195843
-0.957476,0.288512
-0.926524,0.376235
-0.888704,0.458481
-0.844946,0.534851
-0.796167,0.605077
-0.743256,0.669007
-0.687064,0.726597
-0.628395,0.777894
-0.568001,0.823028
-0.506571,0.862198
-0.444736,0.895662
-0.38306,0.923724
-0.322047,0.946724
-0.262136,0.965031
-0.203709,0.979031
-0.147088,0.989123
-0.0925416,0.995709
-0.04029,0.999188
0.00949233,0.999955
0.0566731,0.998393
0.101155,0.994871
0.142874,0.989741
0.181793,0.983337
0.217899,0.975971
0.251196,0.967936
0.281706,0.959501
0.309462,0.950912
0.334505,0.942394
0.356882,0.934149
0.376643,0.926358
0.393839,0.919179
0.408518,0.91275
0.420727,0.907187
0.430504,0.902589
0.437884,0.899031
0.442895,0.896574
0.445554,0.895255
0.445872,0.895097
0.443848,0.896102
0.439476,0.898254
0.432739,0.901519
0.423613,0.905843
0.412063,0.911155
0.398051,0.917363
0.381534,0.924355
0.36246,0.931999
0.340781,0.940143
0.316447,0.94861
0.289406,0.957207
0.259616,0.965712
0.227041,0.973885
0.191655,0.981462
0.153448,0.988157
0.112428,0.99366
0.0686242,0.997643
0.0220925,0.999756
-0.0270789,0.999633
-0.0787674,0.996893
-0.132811,0.991141
-0.189002,0.981977
-0.247082,0.968994
-0.306745,0.951792
-0.367621,0.929976
-0.429285,0.903169
-0.491248,0.87102
-0.552959,0.833208
-0.613798,0.789463
-0.673086,0.739564
-0.730081,0.68336
-0.783985,0.620779
-0.833949,0.551841
-0.879084,0.476667
-0.918468,0.395496
-0.951161,0.308696
-0.976223,0.216769
-0.99273,0.120365
-0.999794,0.0202868
-0.99659,-0.0825071
-0.982379,-0.186898
-0.956535,-0.291618
-0.918574,-0.395249
-0.868186,-0.496238
-0.80526,-0.592922
-0.729917,-0.683536
-0.642529,-0.766261
-0.547918,-0.836532
-0.64404,-0.764992
-0.729273,-0.684223
-0.803014,-0.59596
-0.864918,-0.501913
-0.914878,-0.403731
-0.952998,-0.302977
-0.979569,-0.20111
-0.995041,-0.0994622
-1,0.000770958
-0.995134,0.0985315
-0.981216,0.192913
-0.959076,0.28315
-0.929579,0.368624
-0.893608,0.448848
-0.852047,0.523465
-0.805764,0.592237
-0.755597,0.655037
-0.702351,0.711831
-0.646783,0.762674
-0.589597,0.807698
-0.531444,0.847093
-0.472917,0.881107
-0.414546,0.910028
-0.356807,0.934178
-0.300114,0.953903
-0.244829,0.969566
-0.191258,0.98154
-0.139659,0.9902
-0.0902438,0.99592
-0.0431828,0.999067
0.00139101,0.999999
0.0433788,0.999059
0.0827108,0.996574
0.119342,0.992853
0.153248,0.988188
0.184424,0.982847
0.212878,0.977079
0.238629,0.971111
0.261702,0.965149
0.28213,0.959376
0.299946,0.953956
0.315186,0.94903
0.327883,0.944718
0.338068,0.941122
0.345766,0.938321
0.350998,0.936376
0.353778,0.935329
0.354115,0.935202
0.35201,0.935996
0.347455,0.937697
0.340438,0.940267
0.330939,0.943652
0.318934,0.947777
0.304393,0.952547
0.287281,0.957846
0.267565,0.96354
0.24521,0.96947
0.220181,0.975459
0.192451,0.981306
0.161998,0.986791
0.12881,0.991669
0.0928878,0.995677
0.0542498,0.998527
0.012934,0.999916
-0.0309969,0.999519
-0.0774534,0.996996
-0.126311,0.991991
-0.177411,0.984137
-0.230553,0.97306
-0.285491,0.958382
-0.341929,0.939726
-0.399523,0.916723
-0.457868,0.88902
-0.516506,0.856283
-0.574915,0.818213
-0.632517,0.774546
-0.688671,0.725074
-0.742681,0.669646
-0.793798,0.608181
-0.841221,0.540691
-0.884112,0.467276
-0.921599,0.388143
-0.952793,0.30362
-0.976798,0.214163
-0.99273,0.120361
-0.999737,0.0229502
-0.997016,-0.0771895
-0.983844,-0.179026
-0.959596,-0.281382
-0.923774,-0.382937
-0.876039,-0.482241
-0.81623,-0.577727
-0.7444,-0.667734
-0.660837,-0.750529
-0.566087,-0.824346
-0.462285,-0.886732
-0.564844,-0.825198
-0.657526,-0.753432
-0.739559,-0.673092
-0.81043,-0.585835
-0.869868,-0.493285
-0.917819,-0.396999
-0.954424,-0.298453
-0.979997,-0.199011
-0.994996,-0.0999193
-0.999997,-0.00229231
-0.995676,0.092891
-0.982778,0.184791
-0.962098,0.272703
-0.934464,0.356059
-0.900714,0.434412
-0.861686,0.507442
-0.818199,0.574935
-0.771047,0.636778
-0.720988,0.692948
-0.668733,0.743503
-0.614948,0.788568
-0.560244,0.828328
-0.505179,0.863014
-0.450257,0.892899
-0.395925,0.918283
-0.342577,0.93949
-0.290558,0.956857
-0.24016,0.970733
-0.191632,0.981467
-0.14518,0.989405
-0.100974,0.994889
-0.0591461,0.998249
-0.0197992,0.999804
0.0169899,0.999856
0.0511688,0.99869
0.0827039,0.996574
0.111577,0.993756
0.137784,0.990462
0.16133,0.9869
0.182229,0.983256
0.200496,0.979695
0.216152,0.97636
0.229218,0.973375
0.239714,0.970844
0.247657,0.968848
0.253062,0.96745
0.255939,0.966693
0.256293,0.966599
0.254125,0.967171
0.249431,0.968393
0.242201,0.970226
0.232421,0.972615
0.220075,0.975483
0.205142,0.978732
0.187601,0.982245
0.167432,0.985884
0.144616,0.989488
0.119138,0.992878
0.0909902,0.995852
0.0601736,0.998188
0.0267013,0.999643
-0.00939837,0.999956
-0.0480785,0.998844
-0.0892701,0.996007
-0.132878,0.991132
-0.178779,0.983889
-0.226812,0.973938
-0.276784,0.960932
-0.328458,0.944519
-0.38155,0.924348
-0.435731,0.900077
-0.490619,0.871374
-0.545779,0.837929
-0.600721,0.799459
-0.654898,0.755718
-0.70771,0.706503
-0.758501,0.651672
-0.806564,0.591147
-0.851149,0.524924
-0.891464,0.453091
-0.926687,0.375835
-0.955975,0.293447
-0.97848,0.206342
-0.993358,0.115062
-0.999794,0.0202784
-0.997016,-0.0771928
-0.984318,-0.176403
-0.961084,-0.276255
-0.926815,-0.375518
-0.881148,-0.472841
-0.823889,-0.566751
-0.75504,-0.655679
-0.674812,-0.737989
-0.583666,-0.811994
-0.482313,-0.875999
-0.369803,-0.92911
-0.477879,-0.878425
-0.577209,-0.816596
-0.66686,-0.745183
-0.746155,-0.665772
-0.814658,-0.579941
-0.872154,-0.489231
-0.918632,-0.395113
-0.954261,-0.298974
-0.979366,-0.202093
-0.994405,-0.105635
-0.999943,-0.0106384
-0.996634,0.0819846
-0.985192,0.171457
-0.966378,0.257126
-0.940979,0.338465
-0.90979,0.415069
-0.873603,0.48664
-0.833192,0.552984
-0.789306,0.614
-0.742658,0.669671
-0.693921,0.720051
-0.64372,0.765261
-0.592634,0.805472
-0.541187,0.840902
-0.48986,0.871801
-0.439075,0.898451
-0.389207,0.921151
-0.340585,0.940214
-0.293492,0.955961
-0.24817,0.968717
-0.204821,0.978799
-0.163612,0.986525
-0.124679,0.992197
-0.0881293,0.996109
-0.0540448,0.998538
-0.0224873,0.999747
0.00649992,0.999979
0.0328884,0.999459
0.0566616,0.998393
0.0778129,0.996968
0.0963415,0.995348
0.112252,0.99368
0.125553,0.992087
0.136253,0.990674
0.144361,0.989525
0.149884,0.988704
0.152828,0.988253
0.153196,0.988196
0.150989,0.988535
0.146204,0.989254
0.138835,0.990316
0.128875,0.991661
0.116315,0.993212
0.101145,0.994872
0.0833576,0.99652
0.0629456,0.998017
0.0399077,0.999203
0.0142478,0.999898
-0.0140207,0.999902
-0.044873,0.998993
-0.0782713,0.996932
-0.11416,0.993462
-0.152462,0.988309
-0.19308,0.981183
-0.235885,0.971781
-0.280719,0.95979
-0.327391,0.944889
-0.375671,0.926753
-0.425284,0.90506
-0.475917,0.87949
-0.527205,0.849738
-0.578735,0.815515
-0.630046,0.776558
-0.680619,0.732637
-0.729889,0.683566
-0.77724,0.629205
-0.822005,0.569481
-0.863477,0.504389
-0.900911,0.434003
-0.933532,0.358493
-0.960544,0.278127
-0.981143,0.193284
-0.994529,0.104458
-0.999925,0.0122741
-0.996589,-0.0825192
-0.983843,-0.179034
-0.961083,-0.276258
-0.927814,-0.373044
-0.883664,-0.468122
-0.828415,-0.560114
-0.762024,-0.647549
-0.684651,-0.728871
-0.596675,-0.802483
-0.498719,-0.866764
-0.391661,-0.92011
-0.271129,-0.962543
-0.383663,-0.923473
-0.488697,-0.872454
-0.585146,-0.810928
-0.672174,-0.740394
-0.749181,-0.662366
-0.815793,-0.578344
-0.871842,-0.489788
-0.917349,-0.398084
-0.952501,-0.304534
-0.977628,-0.210341
-0.99318,-0.116595
-0.999706,-0.024264
-0.997833,0.0658014
-0.988245,0.152878
-0.971666,0.236357
-0.948841,0.315753
-0.920523,0.390687
-0.887459,0.460886
-0.850381,0.526168
-0.809993,0.586439
-0.766969,0.641684
-0.721941,0.691954
-0.675502,0.737359
-0.628197,0.778055
-0.580524,0.814243
-0.532935,0.846156
-0.485837,0.874049
-0.439586,0.8982
-0.3945,0.918896
-0.35085,0.936431
-0.308874,0.951103
-0.26877,0.963204
-0.230706,0.973024
-0.194819,0.980839
-0.161222,0.986918
-0.130003,0.991514
-0.101232,0.994863
-0.0749612,0.997186
-0.0512287,0.998687
-0.0300616,0.999548
-0.0114782,0.999934
0.00451034,0.99999
0.017899,0.99984
0.0286849,0.999588
0.0368677,0.99932
0.0424484,0.999099
0.045428,0.998968
0.0458069,0.99895
0.0435852,0.99905
0.0387622,0.999248
0.0313364,0.999509
0.0213066,0.999773
0.00867256,0.999962
-0.00656449,0.999978
-0.024401,0.999702
-0.044827,0.998995
-0.0678278,0.997697
-0.0933797,0.995631
-0.121448,0.992598
-0.151984,0.988383
-0.184925,0.982753
-0.220188,0.975457
-0.257668,0.966233
-0.297236,0.954804
-0.338732,0.940883
-0.381968,0.924176
-0.426717,0.904385
-0.472716,0.881215
-0.519662,0.854372
-0.567208,0.823574
-0.614961,0.788557
-0.66248,0.74908
-0.709278,0.704929
-0.754819,0.655933
-0.798521,0.601967
-0.83976,0.542958
-0.877868,0.478903
-0.912142,0.409873
-0.941854,0.336022
-0.966253,0.257596
-0.984578,0.174948
-0.996073,0.0885353
-0.999999,-0.0010654
-0.995652,-0.0931547
-0.982376,-0.186914
-0.959593,-0.281393
-0.926812,-0.375526
-0.883662,-0.468126
-0.82991,-0.557897
-0.765483,-0.643456
-0.690494,-0.723338
-0.605263,-0.796025
-0.510331,-0.859978
-0.406483,-0.913658
-0.294753,-0.955574
-0.167097,-0.98594
-0.282893,-0.959152
-0.392546,-0.919732
-0.494825,-0.868993
-0.588744,-0.80832
-0.673541,-0.73915
-0.748686,-0.662924
-0.813857,-0.581066
-0.868921,-0.494952
-0.913922,-0.405891
-0.949056,-0.315107
-0.974651,-0.22373
-0.991146,-0.132778
-0.999068,-0.0431615
-0.999017,0.0443277
-0.991643,0.129012
-0.977631,0.210325
-0.957687,0.287812
-0.93252,0.361117
-0.902836,0.429984
-0.869324,0.494243
-0.832647,0.553804
-0.793442,0.608646
-0.752304,0.658816
-0.709792,0.704411
-0.666425,0.745572
-0.622673,0.782482
-0.578967,0.815351
-0.535693,0.844413
-0.493197,0.869918
-0.45178,0.892129
-0.41171,0.911315
-0.373217,0.927744
-0.336498,0.941684
-0.301721,0.953396
-0.269026,0.963133
-0.238529,0.971135
-0.210325,0.977632
-0.18449,0.982834
-0.161085,0.986941
-0.140157,0.990129
-0.121742,0.992562
-0.105866,0.99438
-0.0925491,0.995708
-0.0818052,0.996648
-0.0736439,0.997285
-0.0680715,0.99768
-0.0650916,0.997879
-0.0647063,0.997904
-0.0669158,0.997759
-0.0717191,0.997425
-0.0791134,0.996866
-0.0890935,0.996023
-0.101651,0.99482
-0.116774,0.993159
-0.134445,0.990921
-0.15464,0.987971
-0.177326,0.984152
-0.202461,0.97929
-0.229987,0.973194
-0.259834,0.965653
-0.291913,0.956445
-0.326115,0.94533
-0.362306,0.932059
-0.400329,0.916372
-0.439993,0.898001
-0.48108,0.876677
-0.523332,0.852129
-0.566456,0.824092
-0.610121,0.792309
-0.65395,0.756538
-0.697525,0.716561
-0.740384,0.672185
-0.78202,0.623253
-0.821885,0.569654
-0.859387,0.511325
-0.893901,0.448265
-0.924764,0.380541
-0.951289,0.308301
-0.97277,0.231774
-0.98849,0.151288
-0.997735,0.0672737
-0.999805,-0.0197349
-0.994032,-0.109087
-0.979793,-0.200016
-0.956529,-0.291638
-0.923768,-0.382953
-0.881142,-0.472852
-0.82841,-0.560122
-0.76548,-0.64346
-0.69243,-0.721485
-0.609529,-0.792764
-0.517253,-0.855833
-0.416303,-0.909226
-0.30762,-0.951509
-0.192382,-0.98132
-0.0587271,-0.998274
-0.176468,-0.984306
-0.289519,-0.957172
-0.396514,-0.918029
-0.496325,-0.868137
-0.588044,-0.808829
-0.670984,-0.741472
-0.744666,-0.667437
-0.808809,-0.588071
-0.863311,-0.504673
-0.908228,-0.418476
-0.943759,-0.330634
-0.970225,-0.242204
-0.988048,-0.154146
-0.997732,-0.0673099
-0.999846,0.0175593
-0.995005,0.0998264
-0.983856,0.17896
-0.967065,0.254531
-0.945299,0.326204
-0.919224,0.393735
-0.889487,0.456961
-0.856714,0.515792
-0.821504,0.570203
-0.784419,0.620231
-0.74599,0.665958
-0.706704,0.707509
-0.667011,0.745048
-0.627321,0.778761
-0.588002,0.80886
-0.549386,0.835568
-0.511767,0.859124
-0.475404,0.879768
-0.440521,0.897742
-0.407316,0.913287
-0.375954,0.926638
-0.346578,0.938021
-0.31931,0.94765
-0.294246,0.95573
-0.271471,0.962447
-0.251051,0.967974
-0.23304,0.972467
-0.21748,0.976065
-0.204405,0.978886
-0.19384,0.981033
-0.185804,0.982587
-0.18031,0.98361
-0.177367,0.984145
-0.17698,0.984214
-0.179149,0.983822
-0.183872,0.98295
-0.191141,0.981563
-0.200944,0.979603
-0.213265,0.976994
-0.228081,0.973642
-0.245361,0.969432
-0.265066,0.96423
-0.287145,0.957887
-0.311538,0.950234
-0.338165,0.941087
-0.366933,0.930247
-0.39773,0.917502
-0.43042,0.902629
-0.464842,0.885394
-0.500811,0.865557
-0.538109,0.842875
-0.576489,0.817105
-0.615665,0.788008
-0.655318,0.755353
-0.695088,0.718925
-0.734578,0.678524
-0.773349,0.63398
-0.810921,0.585156
-0.846774,0.531952
-0.880353,0.474318
-0.911067,0.412259
-0.938293,0.345842
-0.961385,0.275209
-0.979677,0.20058
-0.992498,0.122262
-0.999173,0.0406603
-0.999044,-0.0437231
-0.991477,-0.130281
-0.975883,-0.218294
-0.95173,-0.306937
-0.918564,-0.395272
-0.876028,-0.48226
-0.823879,-0.566766
-0.762015,-0.64756
-0.690488,-0.723344
-0.609525,-0.792767
-0.51955,-0.85444
-0.421194,-0.90697
-0.315311,-0.948988
-0.202985,-0.979182
-0.085531,-0.996336
0.0527662,-0.998607
-0.0654883,-0.997853
-0.180582,-0.98356
-0.291039,-0.956711
-0.395597,-0.918424
-0.49321,-0.86991
-0.583043,-0.812441
-0.664467,-0.747318
-0.73705,-0.675838
-0.800543,-0.599275
-0.854861,-0.518856
-0.900071,-0.435743
-0.936368,-0.351021
-0.964061,-0.265682
-0.983551,-0.180631
-0.995317,-0.0966679
-0.999895,-0.014491
-0.997866,0.0652992
-0.989838,0.142201
-0.976436,0.215809
-0.958289,0.285801
-0.936021,0.351945
-0.910242,0.414077
-0.88154,0.472109
-0.85048,0.526007
-0.817593,0.575796
-0.783381,0.621542
-0.748304,0.663355
-0.712792,0.701375
-0.677235,0.735767
-0.641986,0.766716
-0.607364,0.794424
-0.573653,0.819098
-0.541105,0.840955
-0.509941,0.86021
-0.480353,0.877075
-0.452511,0.891759
-0.426556,0.904461
-0.402612,0.915371
-0.380781,0.924665
-0.36115,0.932508
-0.343789,0.939047
-0.328758,0.944414
-0.316102,0.948725
-0.305859,0.952077
-0.298057,0.954548
-0.292717,0.956199
-0.289851,0.957072
-0.289468,0.957188
-0.291568,0.95655
-0.296146,0.955143
-0.303191,0.95293
-0.312685,0.949857
-0.324602,0.945851
-0.338909,0.940819
-0.355562,0.934653
-0.374507,0.927224
-0.395677,0.91839
-0.418991,0.90799
-0.444351,0.895853
-0.471641,0.88179
-0.500725,0.865606
-0.531443,0.847094
-0.56361,0.826041
-0.597013,0.802231
-0.631409,0.77545
-0.666526,0.745482
-0.702052,0.712126
-0.737646,0.675188
-0.772927,0.634495
-0.807478,0.589897
-0.840845,0.541276
-0.872536,0.48855
-0.902027,0.431679
-0.928762,0.370676
-0.952155,0.305615
-0.971599,0.236632
-0.98647,0.163941
-0.996135,0.0878361
-0.999962,0.00869755
-0.997332,-0.0729992
-0.987649,-0.15668
-0.970357,-0.241675
-0.944953,-0.327205
-0.911006,-0.412394
-0.868172,-0.496264
-0.816214,-0.57775
-0.755024,-0.655697
-0.684637,-0.728884
-0.605252,-0.796034
-0.517245,-0.855838
-0.421189,-0.906973
-0.317869,-0.948135
-0.208276,-0.97807
-0.0936296,-0.995607
0.0246411,-0.999696
0.165993,-0.986127
0.0487547,-0.998811
-0.0669152,-0.997759
-0.179446,-0.983768
-0.287463,-0.957792
-0.389788,-0.920904
-0.485454,-0.874262
-0.573684,-0.819077
-0.6539,-0.756581
-0.725708,-0.688003
-0.788882,-0.614544
-0.843351,-0.537364
-0.889182,-0.457554
-0.926564,-0.376137
-0.95579,-0.294051
-0.977239,-0.212142
-0.99136,-0.131167
-0.998658,-0.0517877
-0.999677,0.0254305
-0.994986,0.100011
-0.985173,0.171563
-0.970827,0.239782
-0.952532,0.304437
-0.930863,0.365368
-0.906373,0.422479
-0.879591,0.47573
-0.851022,0.52513
-0.821136,0.570732
-0.790375,0.612623
-0.759143,0.650924
-0.727813,0.685775
-0.696725,0.717338
-0.666184,0.745787
-0.636466,0.771304
-0.607814,0.794079
-0.580447,0.814298
-0.554553,0.832149
-0.530298,0.847811
-0.507826,0.86146
-0.487259,0.873257
-0.468704,0.883355
-0.452247,0.891893
-0.437963,0.898993
-0.425911,0.904765
-0.416138,0.909301
-0.408684,0.912676
-0.403574,0.914947
-0.400827,0.916154
-0.400453,0.916317
-0.402454,0.91544
-0.406822,0.913508
-0.413542,0.910485
-0.422589,0.906321
-0.43393,0.900946
-0.447522,0.894273
-0.463307,0.886198
-0.481216,0.876602
-0.501168,0.86535
-0.523061,0.852295
-0.546781,0.837276
-0.57219,0.820121
-0.599128,0.800653
-0.627414,0.778686
-0.656839,0.754031
-0.687169,0.726497
-0.718137,0.695902
-0.749446,0.662065
-0.780768,0.624822
-0.811738,0.584021
-0.841962,0.539537
-0.871008,0.491269
-0.898412,0.439153
-0.92368,0.383164
-0.946288,0.323325
-0.965686,0.259714
-0.981302,0.192472
-0.992554,0.121805
-0.998848,0.0479954
-0.999591,-0.028591
-0.994205,-0.107504
-0.98213,-0.188203
-0.962845,-0.270054
-0.935878,-0.352324
-0.900821,-0.43419
-0.85735,-0.514733
-0.805239,-0.592951
-0.744378,-0.667759
-0.674791,-0.738008
-0.596656,-0.802497
-0.510314,-0.859988
-0.416289,-0.909232
-0.315301,-0.948992
-0.208271,-0.978071
-0.096322,-0.99535
0.0192116,-0.999815
0.136797,-0.990599
0.279377,-0.960181
0.164763,-0.986333
0.0500842,-0.998745
-0.063015,-0.998013
-0.173065,-0.98491
-0.278779,-0.960355
-0.379056,-0.925374
-0.472992,-0.881067
-0.559866,-0.828583
-0.639144,-0.769087
-0.710455,-0.703743
-0.773593,-0.633683
-0.828495,-0.559996
-0.875225,-0.483716
-0.91396,-0.405804
-0.944974,-0.327145
-0.968622,-0.248538
-0.985323,-0.170698
-0.995548,-0.0942507
-0.999805,-0.0197364
-0.998627,0.0523908
-0.99256,0.121756
-0.982157,0.188062
-0.967966,0.251082
-0.950523,0.310654
-0.930349,0.366675
-0.907943,0.419094
-0.883778,0.467906
-0.858301,0.513146
-0.831928,0.554883
-0.805045,0.593213
-0.778007,0.628255
-0.751139,0.660144
-0.724734,0.689029
-0.699057,0.715066
-0.674346,0.738415
-0.650812,0.759239
-0.628641,0.777696
-0.607994,0.793941
-0.589015,0.808122
-0.571825,0.820376
-0.556528,0.830829
-0.543212,0.839596
-0.531949,0.846776
-0.522799,0.852456
-0.515806,0.856705
-0.511006,0.859577
-0.50842,0.861109
-0.508062,0.86132
-0.509933,0.860214
-0.514024,0.857776
-0.520317,0.853973
-0.52878,0.848759
-0.539372,0.842068
-0.552038,0.833819
-0.566711,0.823917
-0.583308,0.812251
-0.601732,0.798698
-0.621865,0.783125
-0.643572,0.765386
-0.666698,0.745328
-0.691064,0.722794
-0.716468,0.69762
-0.742679,0.669647
-0.769444,0.638715
-0.796475,0.604671
-0.823459,0.567376
-0.850049,0.526704
-0.875869,0.48255
-0.90051,0.434836
-0.923535,0.383514
-0.944478,0.328576
-0.962844,0.270057
-0.97812,0.208042
-0.98977,0.142674
-0.997246,0.0741593
-0.999996,0.00277105
-0.997466,-0.0711397
-0.989115,-0.147142
-0.974423,-0.224723
-0.952902,-0.30328
-0.924111,-0.382124
-0.887671,-0.460478
-0.843278,-0.537478
-0.790718,-0.61218
-0.729889,-0.683566
-0.660808,-0.750555
-0.583637,-0.812015
-0.498692,-0.866779
-0.406459,-0.913669
-0.307599,-0.951516
-0.202969,-0.979185
-0.0936168,-0.995608
0.0192179,-0.999815
0.1341,-0.990968
0.249422,-0.968395
0.391187,-0.920311
0.280859,-0.959749
0.168818,-0.985647
0.0567549,-0.998388
-0.053786,-0.998553
-0.161424,-0.986885
-0.264949,-0.964262
-0.363332,-0.93166
-0.455723,-0.890122
-0.541448,-0.840734
-0.620005,-0.784598
-0.69105,-0.722807
-0.754385,-0.656433
-0.809949,-0.5865
-0.857801,-0.513983
-0.898102,-0.439788
-0.931105,-0.364751
-0.95714,-0.289627
-0.976593,-0.215095
-0.989903,-0.141749
-0.99754,-0.0701061
-1,-0.000601204
-0.997793,0.0664023
-0.991433,0.130614
-0.981433,0.191807
-0.968293,0.249816
-0.952503,0.30453
-0.93453,0.355886
-0.914819,0.403863
-0.893793,0.448479
-0.871845,0.489781
-0.849341,0.527845
-0.826618,0.562763
-0.803987,0.594646
-0.781729,0.623618
-0.760098,0.649808
-0.739324,0.67335
-0.719609,0.69438
-0.701134,0.713029
-0.684059,0.729427
-0.66852,0.743694
-0.654636,0.755944
-0.642508,0.766279
-0.632221,0.774788
-0.623843,0.78155
-0.617428,0.786628
-0.613015,0.790071
-0.610634,0.791913
-0.610299,0.792171
-0.61201,0.79085
-0.615759,0.787935
-0.621522,0.783397
-0.629263,0.777193
-0.638933,0.769262
-0.650468,0.759534
-0.663789,0.74792
-0.678801,0.734322
-0.695392,0.71863
-0.71343,0.700727
-0.732764,0.680483
-0.753219,0.65777
-0.774601,0.63245
-0.796689,0.60439
-0.819237,0.573456
-0.841971,0.539523
-0.864591,0.502476
-0.886768,0.462214
-0.908145,0.418656
-0.928336,0.371743
-0.946927,0.321448
-0.963481,0.267778
-0.977533,0.210782
-0.988602,0.150552
-0.996187,0.0872383
-0.999779,0.021044
-0.998859,-0.0477587
-0.992914,-0.118832
-0.981441,-0.191763
-0.963957,-0.266058
-0.940009,-0.341149
-0.90919,-0.416382
-0.871148,-0.491021
-0.825601,-0.564255
-0.772353,-0.635194
-0.711311,-0.702878
-0.642492,-0.766293
-0.56605,-0.824371
-0.482277,-0.876019
-0.391628,-0.920124
-0.294722,-0.955583
-0.192356,-0.981325
-0.0855077,-0.996338
0.0246595,-0.999696
0.136808,-0.990598
0.249429,-0.968393
0.360859,-0.93262
